Pokemon,Score,Dex,Type 1,Type 2,Attack,Defense,Stamina,Stat Product,Level,CP,Fast Move,Charged Move 1,Charged Move 2,Charged Move 1 Count,Charged Move 2 Count,Buddy Distance,Charged Move Cost
Lickilicky,94,463,normal,none,105.7,125.5,160,2122456,23,1497,Rollout,Body Slam,Shadow Ball,3,4,3,50000
Feraligatr,93.1,160,water,none,123.8,117.3,125,1815218,19.5,1499,Shadow Claw,Hydro Cannon,Ice Beam,5,7,3,10000
Feraligatr (Shadow),92.7,160,water,none,123.8,117.3,125,1815218,19.5,1499,Shadow Claw,Hydro Cannon,Ice Beam,5,7,3,10000
Altaria,92.3,334,dragon,flying,103.4,151.9,138,2167491,28.5,1497,Dragon Breath,Sky Attack,Flamethrower,13,14,1,10000
Corsola (Galarian),92.3,222,ghost,none,99.3,163.0,139,2249840,47.5,1494,Astonish,Night Shade,Power Gem,5,5,3,50000
Jellicent,92.3,593,water,ghost,106.6,126.3,156,2100318,24,1496,Hex,Surf,Shadow Ball,4,4,3,50000
Quagsire,92.3,195,water,ground,111.2,112.6,161,2015900,28.5,1497,Mud Shot,Aqua Tail,Mud Bomb,4,5,3,50000
Quagsire (Shadow),92.2,195,water,ground,111.2,112.6,161,2015900,28.5,1497,Mud Shot,Aqua Tail,Mud Bomb,4,5,3,50000
Tinkaton,92.2,959,fairy,steel,106.2,140.9,141,2109865,25,1496,Fairy Wind,Gigaton Hammer,Bulldoze,7,5,3,75000
Forretress,92,205,bug,steel,109.7,145.4,128,2041649,24.5,1496,Volt Switch,Sand Tomb,Rock Tomb,3,4,5,75000
Altaria (Shadow),91.8,334,dragon,flying,103.4,151.9,138,2167491,28.5,1497,Dragon Breath,Sky Attack,Flamethrower,13,14,1,10000
Empoleon,91.8,395,water,steel,125.1,117.0,122,1785677,19,1494,Metal Sound,Hydro Cannon,Drill Peck,5,5,3,10000
Azumarill,91.7,184,water,fairy,93.4,134.4,191,2397615,43,1496,Bubble,Ice Beam,Play Rough,5,6,3,50000
Forretress (Shadow),91.6,205,bug,steel,109.7,145.4,128,2041649,24.5,1496,Volt Switch,Sand Tomb,Rock Tomb,3,4,5,75000
Kingdra,91.6,230,water,dragon,121.8,127.9,118,1838230,21,1496,Dragon Breath,Surf,Swift,12,9,3,50000
Corviknight,91.5,823,flying,steel,106.9,130.6,150,2094171,23,1496,Sand Attack,Air Cutter,Payback,9,15,1,10000
Empoleon (Shadow),91.4,395,water,steel,125.1,117.0,122,1785677,19,1494,Metal Sound,Hydro Cannon,Drill Peck,5,5,3,10000
Kingdra (Shadow),91.4,230,water,dragon,121.8,127.9,118,1838230,21,1496,Dragon Breath,Surf,Swift,12,9,3,50000
Aegislash (Blade),91.2,681,steel,ghost,82.8,234.6,139,2700058,46,1495,Psycho Cut,Shadow Ball,Gyro Ball,9,9,5,75000
Mantine,91,226,water,flying,105.5,166.5,121,2125456,27,1497,Wing Attack,Twister,Water Pulse,5,7,5,75000
Medicham,91,308,fighting,psychic,106.9,139.4,141,2101162,49,1498,Psycho Cut,Ice Punch,Dynamic Punch,5,5,3,50000
Ninetales,91,38,fire,none,114.3,135.5,126,1951444,24.5,1493,Ember,Weather Ball (Fire),Energy Ball,4,5,3,50000
Jumpluff,90.9,189,grass,flying,96.7,156.9,153,2321351,40.5,1498,Fairy Wind,Energy Ball,Acrobatics,5,7,3,50000
Sableye (Shadow),90.8,302,dark,ghost,119.6,124.6,125,1862770,47,1492,Shadow Claw,Foul Play,Drain Punch,5,5,5,75000
Seaking,90.8,119,water,none,121.9,108.9,138,1831938,26,1494,Peck,Drill Run,Icy Wind,5,6,3,50000
Guzzlord,90.7,799,dark,dragon,113.2,66.0,265,1979868,19.5,1497,Dragon Tail,Brutal Swing,Sludge Bomb,3,5,20,100000
Malamar,90.7,687,dark,psychic,117.2,116.5,139,1897878,23.5,1491,Psywave,Superpower,Foul Play,10,10,3,50000
Stunfisk,90.7,618,ground,electric,101.4,126.6,172,2208005,26,1496,Thunder Shock,Mud Bomb,Discharge,5,5,5,75000
Talonflame,90.6,663,fire,flying,121.4,112.6,135,1845401,25.5,1496,Incinerate,Fly,Brave Bird,3,3,1,10000
Clodsire,90.5,980,poison,ground,95.0,119.7,208,2365272,29.5,1499,Poison Sting,Earthquake,Stone Edge,8,7,3,50000
Sliggoo,90.5,705,dragon,none,114.1,133.8,128,1954122,27.5,1493,Dragon Breath,Body Slam,Dragon Pulse,9,14,5,75000
Lapras,90.4,131,water,ice,104.6,114.5,179,2143829,21.5,1497,Psywave,Sparkling Aria,Ice Beam,12,14,5,75000
Dragonair (Shadow),90.3,148,dragon,none,125.2,112.4,127,1787205,33,1495,Dragon Breath,Wrap,Aqua Tail,12,9,5,75000
Dusclops,90.3,356,ghost,none,102.4,197.6,108,2185298,42,1495,Hex,Ice Punch,Shadow Punch,4,3,3,50000
Sealeo,90.3,364,ice,water,108.9,112.8,168,2063699,36,1499,Powder Snow,Surf,Body Slam,6,5,3,50000
Greedent,90.2,820,normal,none,106.8,110.7,177,2092629,23.5,1494,Mud Shot,Body Slam,Trailblaze,4,5,1,10000
Grumpig,90.2,326,psychic,none,113.3,131.4,132,1965166,23.5,1492,Psywave,Dynamic Punch,Shadow Ball,12,13,1,10000
Pelipper,90.2,279,water,flying,123.2,128.7,115,1823422,26,1498,Wing Attack,Weather Ball (Water),Hurricane,5,8,3,50000
Sealeo (Shadow),90.1,364,ice,water,108.9,112.8,168,2063699,36,1499,Powder Snow,Surf,Body Slam,6,5,3,50000
Annihilape,90,979,fighting,ghost,123.3,105.2,140,1815962,17,1496,Low Kick,Rage Fist,Close Combat,5,6,3,50000
Sableye,90,302,dark,ghost,119.6,124.6,125,1862770,47,1492,Shadow Claw,Foul Play,Power Gem,5,7,5,75000
Charjabug,89.9,737,bug,electric,114.7,134.8,126,1948157,36.5,1494,Volt Switch,X-Scissor,Discharge,3,3,1,10000
Cradily,89.9,346,rock,grass,105.2,140.3,144,2125377,25.5,1495,Acid,Rock Tomb,Grass Knot,7,7,3,50000
Drapion (Shadow),89.9,452,poison,dark,117.8,136.8,118,1901575,22.5,1496,Poison Sting,Crunch,Aqua Tail,5,4,5,75000
Stunfisk (Galarian),89.9,618,ground,steel,101.4,126.6,172,2208005,26,1496,Mud Shot,Rock Slide,Earthquake,5,8,5,75000
Blastoise,89.8,9,water,none,112.1,137.7,130,2006702,23,1499,Rollout,Hydro Cannon,Skull Bash,4,6,3,10000
Clefable,89.8,36,fairy,none,116.5,112.1,147,1919769,23,1495,Fairy Wind,Moonblast,Meteor Mash,7,5,1,10000
Dusclops (Shadow),89.8,356,ghost,none,102.4,197.6,108,2185298,42,1495,Hex,Ice Punch,Shadow Punch,4,3,3,50000
Florges,89.8,671,fairy,none,120.0,141.5,110,1867800,17,1497,Fairy Wind,Chilling Water,Disarming Voice,5,5,3,50000
Jumpluff (Shadow),89.8,189,grass,flying,96.7,156.9,153,2321351,40.5,1498,Fairy Wind,Energy Ball,Acrobatics,5,7,3,50000
Lumineon,89.8,457,water,none,109.0,137.4,137,2051794,32.5,1495,Gust,Aqua Tail,Silver Wind,3,4,3,50000
Melmetal,89.8,809,steel,none,120.9,105.1,146,1855162,15.5,1497,Thunder Shock,Double Iron Bash,Dynamic Punch,4,5,20,100000
Milotic,89.8,350,water,none,113.1,133.8,131,1982394,18.5,1497,Waterfall,Aqua Tail,Wrap,4,5,5,75000
Morpeko (Hangry),89.8,877,electric,dark,140.4,96.2,118,1593765,28.5,1495,Thunder Shock,Aura Wheel,Psychic Fangs,5,4,3,50000
Talonflame (Shadow),89.8,663,fire,flying,121.4,112.6,135,1845401,25.5,1496,Incinerate,Flame Charge,Fly,3,3,1,10000
Castform (Sunny),89.7,351,fire,none,112.6,121.2,146,1992480,39.5,1497,Ember,Weather Ball (Fire),Solar Beam,4,9,5,75000
Lapras (Shadow),89.7,131,water,ice,104.6,114.5,179,2143829,21.5,1497,Psywave,Sparkling Aria,Ice Beam,12,14,5,75000
Ninetales (Shadow),89.7,38,fire,none,114.3,135.5,126,1951444,24.5,1493,Ember,Weather Ball (Fire),Energy Ball,4,5,3,50000
Dondozo,89.6,977,water,none,104.5,109.7,187,2143703,18.5,1496,Waterfall,Surf,Outrage,5,6,5,75000
Furret,89.6,162,normal,none,115.3,105.4,160,1944419,34.5,1497,Sucker Punch,Swift,Trailblaze,5,7,1,10000
Gastrodon,89.6,423,water,ground,113.2,103.4,168,1966420,24,1491,Mud Slap,Body Slam,Earth Power,4,5,3,50000
Moltres (Galarian),89.6,146,dark,flying,115.1,134.6,124,1921065,17.5,1486,Sucker Punch,Fly,Brave Bird,7,8,20,100000
Shelgon,89.6,372,dragon,none,123.2,119.0,123,1803278,27.5,1490,Dragon Breath,Twister,Flamethrower,10,14,5,75000
Dusknoir (Shadow),89.5,477,ghost,none,119.8,174.1,90,1877146,23.5,1499,Astonish,Dynamic Punch,Shadow Punch,5,4,3,50000
Fearow,89.5,22,normal,flying,131.4,104.6,124,1704311,28,1496,Peck,Drill Peck,Drill Run,5,5,1,10000
Mandibuzz,89.5,630,dark,flying,92.1,151.2,175,2436966,26.5,1498,Snarl,Foul Play,Shadow Ball,4,4,5,75000
Ninetales (Alolan),89.5,38,ice,fairy,114.5,136.1,125,1947931,24,1493,Powder Snow,Weather Ball (Ice),Chilling Water,5,6,3,50000
Steelix (Shadow),89.5,208,steel,ground,98.4,183.2,126,2271387,23.5,1495,Thunder Fang,Psychic Fangs,Crunch,6,8,5,75000
Malamar (Shadow),89.4,687,dark,psychic,117.2,116.5,139,1897878,23.5,1491,Psywave,Foul Play,Superpower,10,10,3,50000
Oinkologne (Female),89.4,916,normal,none,109.6,111.5,167,2040807,22.5,1495,Mud Slap,Body Slam,Trailblaze,4,5,1,10000
Aromatisse,89.3,683,fairy,none,115.8,107.3,156,1938353,24,1498,Fairy Wind,Psyshock,Moonblast,5,7,3,50000
Dewgong,89.3,87,water,ice,101.9,136.9,157,2190167,28.5,1493,Ice Shard,Icy Wind,Drill Run,5,4,3,50000
Diggersby,89.3,660,normal,ground,95.7,140.3,174,2336248,47,1495,Mud Shot,Fire Punch,Scorching Sands,5,6,1,10000
Morgrem,89.2,860,dark,fairy,124.8,98.0,147,1797869,49.5,1497,Sucker Punch,Foul Play,Play Rough,6,9,5,50000
Shelgon (Shadow),89.2,372,dragon,none,123.2,119.0,123,1803278,27.5,1490,Dragon Breath,Twister,Flamethrower,10,14,5,75000
Swampert,89.2,260,water,ground,122.9,109.1,136,1823541,18.5,1497,Mud Shot,Hydro Cannon,Earthquake,5,8,3,10000
Swampert (Shadow),89.2,260,water,ground,122.9,109.1,136,1823541,18.5,1497,Mud Shot,Hydro Cannon,Earthquake,5,8,3,10000
Ninetales (Alolan) (Shadow),89.1,38,ice,fairy,114.5,136.1,125,1947931,24,1493,Powder Snow,Weather Ball (Ice),Chilling Water,5,6,3,50000
Wigglytuff,89.1,40,normal,fairy,115.1,75.5,223,1937881,29,1493,Charm,Icy Wind,Swift,6,5,1,10000
Marowak (Shadow),89,105,ground,none,109.6,148.8,125,2038560,31.5,1494,Mud Slap,Bone Club,Rock Slide,4,5,3,50000
Golisopod,88.9,768,bug,water,124.0,134.6,108,1802563,17.5,1495,Fury Cutter,X-Scissor,Aqua Jet,10,10,1,10000
Bastiodon,88.8,411,rock,steel,80.6,247.6,139,2773962,46.5,1495,Smack Down,Stone Edge,Flamethrower,7,7,5,75000
Umbreon,88.8,197,dark,none,90.2,177.0,156,2490602,27,1498,Snarl,Foul Play,Last Resort,4,5,5,75000
Charjabug (Shadow),88.7,737,bug,electric,114.7,134.8,126,1948157,36.5,1494,Volt Switch,X-Scissor,Discharge,3,3,1,10000
Hydreigon (Shadow),88.7,635,dark,dragon,136.0,104.5,116,1648592,15,1497,Dragon Breath,Brutal Swing,Fly,9,12,5,75000
Dunsparce,88.6,206,normal,none,104.7,110.9,184,2136466,37.5,1495,Rollout,Drill Run,Rock Slide,4,4,3,50000
Dusknoir,88.6,477,ghost,none,119.8,174.1,90,1877146,23.5,1499,Astonish,Dynamic Punch,Shadow Punch,5,4,3,50000
Gourgeist (Large),88.6,711,ghost,grass,115.9,137.2,122,1939981,22,1499,Incinerate,Shadow Ball,Seed Bomb,3,2,5,75000
Gourgeist (Super),88.6,711,ghost,grass,115.0,131.6,129,1952286,21,1498,Incinerate,Shadow Ball,Seed Bomb,3,2,5,75000
Oranguru,88.6,765,normal,psychic,110.1,130.0,142,2032446,23,1495,Confusion,Brutal Swing,Trailblaze,3,4,3,75000
Registeel,88.6,379,steel,none,95.6,190.0,129,2343156,22.5,1496,Lock On,Flash Cannon,Focus Blast,13,15,20,100000
Turtonator,88.6,776,fire,dragon,113.5,153.6,113,1969997,25,1495,Incinerate,Brutal Swing,Dragon Claw,2,3,5,75000
Dragonair,88.5,148,dragon,none,125.2,112.4,127,1787205,33,1495,Dragon Breath,Aqua Tail,Dragon Pulse,9,14,5,75000
Gourgeist (Average),88.5,711,ghost,grass,115.9,145.0,115,1932632,23.5,1496,Incinerate,Shadow Ball,Seed Bomb,3,2,5,75000
Grumpig (Shadow),88.5,326,psychic,none,113.3,131.4,132,1965166,23.5,1492,Psywave,Dynamic Punch,Shadow Ball,12,13,1,10000
Bellibolt,88.4,939,electric,none,115.0,110.1,154,1949871,21,1497,Thunder Shock,Zap Cannon,Parabolic Charge,9,6,1,50000
Cresselia,88.4,488,psychic,none,93.1,160.7,160,2393787,20,1492,Psycho Cut,Grass Knot,Moonblast,6,7,20,100000
Toucannon (Shadow),88.4,733,normal,flying,137.2,96.7,123,1631871,20.5,1496,Peck,Beak Blast,Drill Peck,7,5,1,10000
Gligar,88.3,207,ground,flying,108.4,145.3,131,2063318,31,1495,Wing Attack,Night Slash,Dig,5,7,5,75000
Milotic (Shadow),88.3,350,water,none,113.1,133.8,131,1982394,18.5,1497,Dragon Tail,Aqua Tail,Wrap,3,4,5,75000
Spidops,88.3,918,bug,none,110.9,138.9,131,2017925,37.5,1495,Shadow Claw,Lunge,Rock Tomb,6,7,1,50000
Toucannon,88.3,733,normal,flying,137.2,96.7,123,1631871,20.5,1496,Peck,Beak Blast,Drill Peck,7,5,1,10000
Doublade,88.2,680,steel,ghost,122.9,140.0,106,1823836,22.5,1497,Shadow Claw,Sacred Sword,Gyro Ball,5,7,5,75000
Miltank,88.2,241,normal,none,105.3,134.8,150,2129166,24,1497,Rollout,Body Slam,Thunderbolt,3,5,5,75000
Samurott,88.2,503,water,none,128.0,100.8,136,1754726,19.5,1498,Fury Cutter,Hydro Cannon,Megahorn,10,14,3,10000
Aurorus,88.1,699,rock,ice,113.5,106.3,164,1978668,20,1498,Powder Snow,Weather Ball (Ice),Meteor Beam,5,8,5,75000
Gourgeist (Small),88.1,711,ghost,grass,116.8,152.9,107,1910883,25,1493,Incinerate,Shadow Ball,Seed Bomb,3,2,5,75000
Hydreigon,88.1,635,dark,dragon,136.0,104.5,116,1648592,15,1497,Dragon Breath,Brutal Swing,Fly,9,12,5,75000
Swalot,88.1,317,poison,none,103.4,122.6,171,2167740,28.5,1497,Mud Shot,Sludge,Ice Beam,5,7,1,10000
Sylveon,88.1,700,fairy,none,117.3,124.6,130,1900025,18,1492,Fairy Wind,Psyshock,Shadow Ball,5,6,5,75000
Togekiss,88.1,468,fairy,flying,124.2,125.8,115,1796801,16.5,1493,Peck,Psyshock,Aura Sphere,5,5,3,50000
Weezing (Galarian) (Shadow),88.1,110,poison,fairy,117.6,139.5,116,1903003,24.5,1495,Fairy Wind,Sludge,Brutal Swing,5,4,3,50000
Drapion,88,452,poison,dark,117.8,136.8,118,1901575,22.5,1496,Poison Sting,Crunch,Aqua Tail,5,4,5,75000
Gligar (Shadow),88,207,ground,flying,108.4,145.3,131,2063318,31,1495,Wing Attack,Night Slash,Dig,5,7,5,75000
Sandslash (Alolan),88,28,ice,steel,115.9,133.2,125,1929735,23,1495,Powder Snow,Ice Punch,Drill Run,5,5,3,50000
Crustle,87.8,558,bug,rock,120.3,134.7,115,1863507,22,1497,Fury Cutter,X-Scissor,Rock Wrecker,10,13,1,10000
Ludicolo,87.8,272,water,grass,116.4,123.6,134,1927863,24,1498,Astonish,Weather Ball (Water),Energy Ball,4,5,3,50000
Pachirisu,87.8,417,electric,none,91.5,157.1,142,2041200,50,1366,Volt Switch,Hyper Fang,Thunder Punch,4,3,5,75000
Primeape (Shadow),87.8,57,fighting,none,138.7,100.1,116,1610529,24,1494,Karate Chop,Rage Fist,Ice Punch,4,5,3,50000
Murkrow (Shadow),87.6,198,dark,flying,143.1,81.1,135,1566730,41,1497,Peck,Drill Peck,Foul Play,5,5,3,50000
Greninja (Shadow),87.5,658,water,dark,139.5,100.3,115,1609063,21,1498,Water Shuriken,Hydro Cannon,Night Slash,3,3,3,10000
Sandslash (Alolan) (Shadow),87.5,28,ice,steel,115.9,133.2,125,1929735,23,1495,Powder Snow,Ice Punch,Drill Run,5,5,3,50000
Emolga,87.4,587,electric,flying,127.5,110.2,125,1756312,39.5,1496,Thunder Shock,Acrobatics,Discharge,7,5,1,10000
Bronzong,87.2,437,steel,psychic,110.8,152.2,120,2023651,25,1497,Confusion,Weather Ball (Water),Payback,3,5,3,50000
Hippowdon,87.2,450,ground,none,116.1,116.7,142,1923940,18,1494,Sand Attack,Weather Ball (Rock),Earth Power,9,13,3,50000
Crustle (Shadow),87.1,558,bug,rock,120.3,134.7,115,1863507,22,1497,Fury Cutter,X-Scissor,Rock Wrecker,10,13,1,10000
Giratina (Altered) (Shadow),87.1,487,ghost,dragon,105.2,125.0,159,2090850,16,1483,Dragon Breath,Dragon Claw,Shadow Sneak,13,13,20,100000
Hakamo-o,87.1,783,dragon,fighting,115.5,135.5,124,1940631,36.5,1497,Dragon Tail,Brick Break,Rock Tomb,4,5,5,75000
Hippowdon (Shadow),87.1,450,ground,none,116.1,116.7,142,1923940,18,1494,Sand Attack,Weather Ball (Rock),Earth Power,9,13,3,50000
Kommo-o,87.1,784,dragon,fighting,123.7,137.8,106,1806861,16.5,1495,Dragon Tail,Clanging Scales,Upper Hand,4,4,5,75000
Klefki,87,707,steel,fairy,117.9,137.4,117,1895337,29,1494,Astonish,Foul Play,Play Rough,4,6,3,50000
Annihilape (Shadow),86.9,979,fighting,ghost,123.3,105.2,140,1815962,17,1496,Counter,Rage Fist,Ice Punch,6,7,3,50000
Carbink,86.9,703,rock,fairy,84.0,252.0,126,2667168,50,1496,Rock Throw,Rock Slide,Moonblast,9,12,5,75000
Lanturn,86.9,171,water,electric,104.8,105.5,194,2144942,27,1499,Water Gun,Surf,Thunderbolt,15,19,3,50000
Qwilfish (Shadow),86.9,211,water,poison,131.1,105.5,123,1701219,27,1493,Poison Sting,Aqua Tail,Shadow Ball,4,6,3,50000
Thievul,86.9,828,dark,none,119.8,121.9,127,1854660,26,1490,Sucker Punch,Night Slash,Play Rough,5,9,1,10000
Weezing (Galarian),86.9,110,poison,fairy,117.6,139.5,116,1903003,24.5,1495,Fairy Wind,Sludge,Brutal Swing,5,4,3,50000
Dragalge,86.8,691,poison,dragon,117.8,143.1,113,1904861,23.5,1497,Acid,Aqua Tail,Outrage,5,8,3,50000
Rapidash (Shadow),86.8,78,fire,none,133.6,111.5,112,1668397,22.5,1492,Incinerate,Drill Run,Wild Charge,2,3,3,50000
Wormadam (Trash),86.8,413,bug,steel,104.9,151.1,135,2139803,41,1498,Sucker Punch,Bug Buzz,Iron Head,9,8,1,10000
Abomasnow (Shadow),86.7,460,grass,ice,117.8,112.0,143,1886685,23.5,1490,Powder Snow,Weather Ball (Ice),Energy Ball,5,6,3,50000
Araquanid,86.7,752,water,bug,97.4,174.0,136,2304874,32,1498,Bug Bite,Water Pulse,Bubble Beam,17,14,3,50000
Samurott (Shadow),86.7,503,water,none,128.0,100.8,136,1754726,19.5,1498,Fury Cutter,Hydro Cannon,Megahorn,10,14,3,10000
Toxapex,86.7,748,poison,water,91.9,224.3,118,2432354,38,1495,Poison Jab,Brine,Sludge Wave,8,10,3,50000
Gyarados,86.6,130,water,flying,130.7,108.5,121,1715895,16.5,1497,Dragon Breath,Aqua Tail,Twister,9,10,1,10000
Abomasnow,86.5,460,grass,ice,117.8,112.0,143,1886685,23.5,1490,Powder Snow,Weather Ball (Ice),Energy Ball,5,6,3,50000
Dewott,86.5,502,water,none,122.6,99.7,149,1821260,35,1494,Fury Cutter,Aqua Tail,X-Scissor,9,10,3,10000
Primeape,86.5,57,fighting,none,138.7,100.1,116,1610529,24,1494,Karate Chop,Rage Fist,Close Combat,4,5,3,50000
Regidrago,86.5,895,dragon,none,121.8,62.7,241,1840483,20,1497,Dragon Breath,Dragon Energy,Vise Grip,12,10,20,100000
Walrein,86.5,365,ice,water,112.4,114.9,154,1988873,20.5,1495,Powder Snow,Icicle Spear,Earthquake,5,9,3,50000
Blastoise (Shadow),86.4,9,water,none,112.1,137.7,130,2006702,23,1499,Rollout,Hydro Cannon,Skull Bash,4,6,3,10000
Goodra,86.4,706,dragon,none,119.6,134.1,117,1876488,16,1498,Dragon Breath,Aqua Tail,Thunder Punch,9,10,5,75000
Orthworm,86.4,968,steel,none,109.1,154.0,122,2049771,24.5,1495,Mud Slap,Rock Tomb,Earthquake,5,7,5,75000
Zweilous,86.4,634,dark,dragon,120.4,110.2,140,1857531,30.5,1495,Dragon Breath,Body Slam,Dark Pulse,9,13,5,75000
Qwilfish,86.3,211,water,poison,131.1,105.5,123,1701219,27,1493,Poison Sting,Aqua Tail,Shadow Ball,4,6,3,50000
Spiritomb,86.3,442,ghost,dark,120.7,147.8,104,1855304,27,1496,Sucker Punch,Rock Tomb,Shadow Ball,8,8,5,75000
Araquanid (Shadow),86.2,752,water,bug,97.4,174.0,136,2304874,32,1498,Bug Bite,Bubble Beam,Water Pulse,14,17,3,50000
Cradily,86.2,346,rock,grass,105.2,140.3,144,2125377,25.5,1495,Bullet Seed,Rock Tomb,Grass Knot,4,4,3,50000
Ledian,86.2,166,bug,flying,101.3,162.5,134,2205808,49.5,1494,Rollout,Dynamic Punch,Acrobatics,4,5,1,10000
Dewott (Shadow),86.1,502,water,none,124.1,99.7,146,1806424,35,1497,Fury Cutter,Aqua Tail,X-Scissor,9,10,3,10000
Gyarados (Shadow),86.1,130,water,flying,130.7,108.5,121,1715895,16.5,1497,Dragon Breath,Aqua Tail,Twister,9,10,1,10000
Machamp (Shadow),86.1,68,fighting,none,135.4,98.6,124,1655455,18,1497,Karate Chop,Cross Chop,Rock Slide,4,5,3,50000
Raikou,86.1,243,electric,none,131.9,110.6,116,1692224,16,1494,Thunder Shock,Wild Charge,Aura Sphere,5,5,20,100000
Steelix,86.1,208,steel,ground,98.4,183.2,126,2271387,23.5,1495,Thunder Fang,Psychic Fangs,Crunch,6,8,5,75000
Amoonguss,86,591,grass,poison,109.3,105.9,177,2048752,26.5,1496,Astonish,Grass Knot,Foul Play,5,4,3,50000
Dartrix,86,723,grass,flying,112.4,115.5,154,1999259,36.5,1499,Peck,Brave Bird,Energy Ball,7,6,3,10000
Dudunsparce,86,982,normal,none,116.1,98.5,169,1932659,20.5,1497,Rollout,Body Slam,Drill Run,3,4,3,50000
Ledian (Shadow),86,166,bug,flying,101.3,162.5,134,2205808,49.5,1494,Rollout,Dynamic Punch,Acrobatics,4,5,1,10000
Seismitoad,86,537,water,ground,120.3,100.8,154,1867441,22,1498,Mud Shot,Earth Power,Icy Wind,6,5,3,50000
Zweilous (Shadow),86,634,dark,dragon,120.4,110.2,140,1857531,30.5,1495,Dragon Breath,Body Slam,Dark Pulse,9,13,5,75000
Diggersby (Shadow),85.9,660,normal,ground,95.7,140.3,174,2336248,47,1495,Mud Shot,Scorching Sands,Fire Punch,6,5,1,10000
Electrode (Hisuian),85.9,101,electric,grass,123.2,128.7,115,1823422,26,1498,Thunder Shock,Wild Charge,Energy Ball,5,5,3,50000
Lickitung,85.9,108,normal,none,96.6,127.7,186,2294463,50,1488,Lick,Body Slam,Power Whip,12,17,3,50000
Dodrio,85.8,85,normal,flying,143.7,98.4,110,1555409,23.5,1495,Peck,Drill Peck,Brave Bird,5,7,3,50000
Linoone,85.8,264,normal,none,114.1,111.7,154,1962725,38.5,1496,Shadow Claw,Swift,Grass Knot,5,7,1,10000
Castform (Rainy),85.7,351,water,none,112.6,121.2,146,1992480,39.5,1497,Water Gun,Weather Ball (Water),Thunder,12,20,5,75000
Gallade (Shadow),85.7,475,psychic,fighting,136.5,115.6,104,1641058,18,1496,Psycho Cut,Close Combat,Leaf Blade,5,4,5,75000
Latias,85.7,380,dragon,psychic,124.5,138.9,104,1798477,16,1496,Dragon Breath,Aura Sphere,Mist Ball,10,15,20,100000
Marowak,85.7,105,ground,none,109.6,148.8,125,2038560,31.5,1494,Mud Slap,Bone Club,Rock Slide,4,5,3,50000
Marowak (Alolan),85.7,105,fire,ghost,109.6,148.8,125,2038560,31.5,1494,Fire Spin,Bone Club,Shadow Bone,4,5,3,50000
Metang,85.7,375,steel,psychic,108.9,145.8,129,2048213,36,1493,Fury Cutter,Psyshock,Gyro Ball,10,13,5,75000
Metang (Shadow),85.7,375,steel,psychic,108.9,145.8,129,2048213,36,1493,Fury Cutter,Psyshock,Gyro Ball,10,13,5,75000
Pangoro,85.7,675,fighting,dark,133.9,93.7,133,1668675,19,1494,Karate Chop,Close Combat,Night Slash,5,4,3,50000
Pidgeot,85.7,18,normal,flying,116.9,115.5,142,1917277,26.5,1497,Wing Attack,Twister,Brave Bird,5,7,1,10000
Torkoal,85.7,324,fire,none,107.5,151.3,128,2081888,27,1496,Ember,Flame Wheel,Overheat,5,7,3,50000
Walrein (Shadow),85.7,365,ice,water,112.4,114.9,154,1988873,20.5,1495,Powder Snow,Icicle Spear,Earthquake,5,9,3,50000
Primarina,85.6,730,water,fairy,131.6,115.6,112,1703852,17,1497,Waterfall,Disarming Voice,Hydro Cannon,5,4,3,10000
Solrock,85.6,338,rock,psychic,119.1,108.6,145,1875468,24,1494,Psywave,Weather Ball (Fire),Rock Slide,9,12,3,50000
Dubwool,85.5,832,normal,none,110.6,143.0,128,2024422,25.5,1496,Double Kick,Body Slam,Payback,3,5,3,10000
Marowak (Alolan) (Shadow),85.5,105,fire,ghost,109.6,148.8,125,2038560,31.5,1494,Fire Spin,Shadow Bone,Bone Club,5,4,3,50000
Politoed,85.5,186,water,none,114.0,124.2,139,1968073,23,1497,Mud Shot,Weather Ball (Water),Earthquake,4,8,3,50000
Aurorus (Shadow),85.4,699,rock,ice,113.5,106.3,164,1978668,20,1498,Powder Snow,Weather Ball (Ice),Meteor Beam,5,8,5,75000
Greninja,85.4,658,water,dark,139.5,100.3,115,1609063,21,1498,Water Shuriken,Hydro Cannon,Night Slash,3,3,3,10000
Machoke (Shadow),85.3,67,fighting,none,126.7,97.3,143,1762891,27.5,1494,Karate Chop,Cross Chop,Dynamic Punch,4,5,3,50000
Politoed (Shadow),85.3,186,water,none,114.0,124.2,139,1968073,23,1497,Mud Shot,Weather Ball (Water),Earthquake,4,8,3,50000
Ampharos,85.2,181,electric,none,126.8,107.9,129,1764942,19.5,1495,Volt Switch,Brutal Swing,Trailblaze,3,3,5,75000
Articuno,85.2,144,ice,flying,112.6,139.6,126,1980589,18.5,1493,Powder Snow,Icy Wind,Hurricane,6,8,20,100000
Swanna,85.2,581,water,flying,128.5,101.0,134,1739119,26.5,1494,Gust,Aqua Jet,Fly,3,4,3,50000
Tentacruel,85.2,73,water,poison,108.9,143.5,131,2047157,23,1493,Acid,Scald,Payback,7,8,3,50000
Tinkatuff,85.2,958,fairy,steel,104.1,134.4,149,2084665,50,1473,Fairy Wind,Play Rough,Flash Cannon,7,8,3,75000
Claydol,85.1,344,ground,psychic,103.5,172.6,121,2161556,29,1495,Mud Slap,Rock Tomb,Shadow Ball,5,5,3,50000
Raichu,85.1,26,electric,none,133.5,110.6,114,1683221,25.5,1499,Thunder Shock,Wild Charge,Trailblaze,5,5,1,10000
Golisopod,85,768,bug,water,124.0,134.6,108,1802563,17.5,1495,Shadow Claw,Aqua Jet,X-Scissor,5,5,1,10000
Swanna (Shadow),85,581,water,flying,128.5,101.0,134,1739119,26.5,1494,Gust,Aqua Jet,Fly,3,4,3,50000
Vespiquen,85,416,bug,flying,108.8,143.4,132,2059453,28,1496,Fury Cutter,X-Scissor,Power Gem,10,13,3,50000
Arctibax,84.9,997,dragon,ice,122.8,98.5,151,1826466,27,1497,Dragon Breath,Avalanche,Dragon Claw,12,13,5,75000
Cradily (Shadow),84.9,346,rock,grass,105.2,140.3,144,2125377,25.5,1495,Acid,Rock Tomb,Grass Knot,7,7,3,50000
Hypno,84.9,97,psychic,none,103.4,142.9,147,2172051,27,1498,Confusion,Shadow Ball,Thunder Punch,4,3,3,50000
Castform,84.8,351,normal,none,112.6,121.2,146,1992480,39.5,1497,Hex,Weather Ball (Rock),Energy Ball,3,4,5,75000
Gogoat,84.8,673,grass,none,119.7,94.9,165,1874322,19.5,1497,Vine Whip,Leaf Blade,Rock Slide,5,6,3,50000
Noctowl,84.8,164,normal,flying,105.3,120.1,168,2124617,28,1495,Wing Attack,Sky Attack,Shadow Ball,7,7,1,10000
Drampa,84.7,780,normal,dragon,136.8,104.2,115,1639274,19,1497,Dragon Breath,Swift,Dragon Pulse,9,14,5,75000
Gliscor,84.7,472,ground,flying,115.6,144.4,116,1936346,21,1496,Wing Attack,Sand Tomb,Acrobatics,5,7,5,75000
Murkrow,84.7,198,dark,flying,143.1,81.1,135,1566730,41,1497,Peck,Drill Peck,Foul Play,5,5,3,50000
Bellossom,84.6,182,grass,none,115.0,132.2,128,1945984,24.5,1495,Acid,Leaf Blade,Dazzling Gleam,5,7,3,50000
Mawile,84.6,303,steel,fairy,124.7,120.8,119,1792587,39,1495,Fairy Wind,Vise Grip,Iron Head,5,6,5,75000
Dragonite (Shadow),84.5,149,dragon,flying,135.8,107.3,113,1646561,14.5,1495,Dragon Breath,Thunder Punch,Superpower,10,10,5,75000
Lunatone,84.5,337,rock,psychic,119.1,108.6,145,1875468,24,1494,Psywave,Weather Ball (Ice),Rock Slide,9,12,3,50000
Qwilfish (Hisuian),84.5,211,dark,poison,128.0,112.3,121,1739302,26,1492,Poison Sting,Aqua Tail,Shadow Ball,4,6,3,50000
Starmie,84.5,121,water,psychic,133.1,122.0,104,1688773,21.5,1499,Psywave,Aqua Jet,Power Gem,10,13,3,50000
Cetitan,84.4,975,ice,none,120.1,77.0,202,1868035,18,1497,Powder Snow,Icicle Spear,Superpower,5,5,3,50000
Cetoddle,84.4,974,ice,none,112.6,79.8,213,1913907,50,1468,Powder Snow,Avalanche,Body Slam,6,5,3,50000
Rufflet,84.4,627,normal,flying,126.7,92.1,152,1773699,46.5,1499,Peck,Brave Bird,Fly,7,6,5,75000
Zeraora,84.4,807,electric,none,138.3,100.9,114,1590810,15.5,1483,Volt Switch,Plasma Fists,Wild Charge,3,3,20,100000
Grimmsnarl,84.3,861,dark,fairy,136.2,90.8,133,1644806,19.5,1496,Sucker Punch,Foul Play,Play Rough,6,9,5,50000
Mightyena (Shadow),84.3,262,dark,none,125.8,105.7,133,1768509,29,1491,Sucker Punch,Crunch,Poison Fang,7,6,1,10000
Nidoqueen,84.3,31,poison,ground,116.5,118.4,139,1917310,22.5,1494,Mud Slap,Earth Power,Poison Fang,5,4,3,50000
Dedenne,84.2,702,electric,fairy,124.3,109.0,133,1801977,30,1496,Thunder Shock,Discharge,Play Rough,5,7,3,50000
Klang,84.2,600,steel,none,114.0,137.7,125,1962225,31.5,1495,Metal Sound,Vise Grip,Thunderbolt,5,7,5,75000
Amoonguss (Shadow),84.1,591,grass,poison,109.3,105.9,177,2048752,26.5,1496,Astonish,Grass Knot,Foul Play,5,4,3,50000
Blaziken,84.1,257,fire,fighting,143.9,90.8,119,1554868,19.5,1495,Ember,Aura Sphere,Blast Burn,5,6,3,10000
Rapidash,84.1,78,fire,none,133.6,111.5,112,1668397,22.5,1492,Incinerate,Drill Run,Wild Charge,2,3,3,50000
Trumbeak (Shadow),84.1,732,normal,flying,133.7,94.3,132,1664244,46,1491,Peck,Drill Peck,Rock Blast,5,5,1,10000
Victreebel (Shadow),84.1,71,grass,poison,135.1,93.5,131,1654772,23,1495,Acid,Leaf Blade,Sludge Bomb,5,7,3,50000
Ampharos (Shadow),84,181,electric,none,126.8,107.9,129,1764942,19.5,1495,Volt Switch,Brutal Swing,Trailblaze,3,3,5,75000
Latias (Shadow),84,380,dragon,psychic,126.7,135.1,103,1763069,15.5,1494,Dragon Breath,Aura Sphere,Mist Ball,10,15,20,100000
Machamp,84,68,fighting,none,135.4,98.6,124,1655455,18,1497,Karate Chop,Cross Chop,Rock Slide,4,5,3,50000
Registeel (Shadow),84,379,steel,none,95.4,188.9,127,2288675,23,1477,Lock On,Flash Cannon,Focus Blast,13,15,20,100000
Runerigus,84,867,ground,ghost,111.7,165.3,109,2012577,24.5,1499,Shadow Claw,Shadow Ball,Rock Tomb,7,7,3,50000
Samurott (Hisuian),84,503,water,dark,132.6,96.7,132,1692559,20,1498,Fury Cutter,Sacred Sword,Icy Wind,9,12,3,10000
Togedemaru,84,777,electric,steel,132.2,107.2,120,1700621,25.5,1499,Thunder Shock,Fell Stinger,Wild Charge,4,5,3,50000
Uxie,84,480,psychic,none,102.1,176.0,122,2192291,22,1496,Confusion,Swift,Thunder,3,5,20,100000
Throh,83.9,538,fighting,none,110.2,107.7,171,2029520,22,1495,Low Kick,Brick Break,Body Slam,5,5,5,75000
Flamigo,83.8,973,flying,fighting,137.9,95.5,123,1619842,20,1494,Wing Attack,Upper Hand,Brave Bird,5,7,3,75000
Gallade,83.8,475,psychic,fighting,136.5,115.6,104,1641058,18,1496,Psycho Cut,Close Combat,Leaf Blade,5,4,5,75000
Hypno (Shadow),83.8,97,psychic,none,103.4,142.9,147,2172051,27,1498,Confusion,Thunder Punch,Ice Punch,3,3,3,50000
Cofagrigus,83.7,563,ghost,none,111.7,165.3,109,2012577,24.5,1499,Shadow Claw,Shadow Ball,Return,7,9,3,50000
Overqwil,83.7,904,dark,poison,131.0,106.8,122,1706878,18.5,1495,Poison Sting,Aqua Tail,Shadow Ball,4,6,5,75000
Zapdos,83.7,145,electric,flying,135.6,104.6,115,1631132,15.5,1487,Thunder Shock,Drill Peck,Heat Wave,5,5,20,100000
Coalossal,83.6,839,rock,fire,98.1,139.3,167,2282110,24,1496,Fire Spin,Rock Slide,Flame Charge,5,5,3,10000
Conkeldurr (Shadow),83.6,534,fighting,none,134.0,93.8,133,1671704,16.5,1496,Force Palm,Dynamic Punch,Brutal Swing,5,4,5,75000
Raikou (Shadow),83.6,243,electric,none,133.5,109.9,113,1657896,15.5,1487,Thunder Shock,Wild Charge,Aura Sphere,5,5,20,100000
Slurpuff,83.6,685,fairy,none,116.0,119.4,139,1925206,25.5,1494,Fairy Wind,Play Rough,Energy Ball,7,5,3,50000
Amaura (Shadow),83.5,698,rock,ice,114.2,104.1,165,1961556,50,1496,Powder Snow,Weather Ball (Ice),Thunderbolt,5,7,5,75000
Wailmer,83.5,320,water,none,116.5,68.2,242,1922763,48.5,1496,Rollout,Scald,Body Slam,4,3,1,10000
Blaziken (Shadow),83.4,257,fire,fighting,143.9,90.8,119,1554868,19.5,1495,Ember,Aura Sphere,Blast Burn,5,6,3,10000
Gliscor (Shadow),83.4,472,ground,flying,115.6,144.4,116,1936346,21,1496,Wing Attack,Sand Tomb,Acrobatics,5,7,5,75000
Pidgeot (Shadow),83.4,18,normal,flying,116.9,115.5,142,1917277,26.5,1497,Wing Attack,Twister,Brave Bird,5,7,1,10000
Slowbro,83.4,80,water,psychic,113.4,120.9,144,1974249,22,1496,Confusion,Drain Punch,Ice Beam,3,4,3,50000
Toedscruel,83.4,949,ground,grass,108.9,143.5,131,2047157,23,1493,Mud Slap,Seed Bomb,Earth Power,4,5,3,50000
Victreebel,83.4,71,grass,poison,135.1,93.5,131,1654772,23,1495,Acid,Leaf Blade,Sludge Bomb,5,7,3,50000
Bellossom (Shadow),83.3,182,grass,none,115.0,132.2,128,1945984,24.5,1495,Acid,Leaf Blade,Dazzling Gleam,5,7,3,50000
Drifblim,83.3,426,ghost,flying,119.1,75.7,209,1884317,23.5,1498,Hex,Icy Wind,Shadow Ball,4,4,5,75000
Mawile (Shadow),83.3,303,steel,fairy,124.7,120.8,119,1792587,39,1495,Fairy Wind,Vise Grip,Iron Head,5,6,5,75000
Nidoqueen (Shadow),83.3,31,poison,ground,116.5,118.4,139,1917310,22.5,1494,Mud Slap,Earth Power,Poison Fang,5,4,3,50000
Togetic,83.3,176,fairy,flying,110.1,150.2,123,2034053,36.5,1496,Fairy Wind,Heat Wave,Dazzling Gleam,5,7,3,50000
Urshifu (Single Strike),83.3,892,fighting,dark,136.5,97.7,121,1613662,15,1484,Sucker Punch,Brick Break,Dynamic Punch,6,7,20,100000
Jirachi,83.2,385,steel,psychic,120.4,119.3,129,1852920,16.5,1493,Confusion,Doom Desire,Aura Sphere,3,3,20,100000
Kingambit,83.2,983,dark,steel,127.2,112.0,124,1766554,15.5,1499,Metal Sound,Foul Play,Iron Head,5,7,5,75000
Oinkologne,83.2,916,normal,none,117.6,101.5,159,1897888,21.5,1493,Mud Slap,Body Slam,Trailblaze,4,5,1,10000
Ursaring (Shadow),83.2,217,normal,none,139.6,91.3,126,1605930,18.5,1497,Shadow Claw,Close Combat,Swift,6,5,3,50000
Mightyena,83.1,262,dark,none,125.8,105.7,133,1768509,29,1491,Sucker Punch,Crunch,Poison Fang,7,6,1,10000
Scrafty,83.1,560,dark,fighting,110.4,156.7,117,2024063,24.5,1494,Counter,Foul Play,Upper Hand,7,7,3,50000
Starmie (Shadow),83.1,121,water,psychic,133.1,122.0,104,1688773,21.5,1499,Psywave,Aqua Jet,Power Gem,10,13,3,50000
Wartortle,83.1,8,water,none,107.6,139.0,139,2078940,47.5,1495,Water Gun,Aqua Jet,Ice Beam,14,19,3,10000
Cresselia (Shadow),83,488,psychic,none,92.0,158.9,160,2339008,19,1466,Psycho Cut,Grass Knot,Moonblast,6,7,20,100000
Hippopotas,83,449,ground,none,115.1,111.7,152,1954214,50,1499,Sand Attack,Rock Tomb,Body Slam,13,9,3,50000
Kecleon,83,352,normal,none,115.5,142.2,118,1938044,27.5,1496,Sucker Punch,Thunder Punch,Dynamic Punch,6,7,5,75000
Trevenant (Shadow),83,709,ghost,grass,127.8,104.6,131,1751192,22,1496,Shadow Claw,Shadow Ball,Seed Bomb,7,5,5,75000
Conkeldurr,82.9,534,fighting,none,134.0,93.8,133,1671704,16.5,1496,Force Palm,Dynamic Punch,Brutal Swing,5,4,5,75000
Golbat,82.9,42,poison,flying,117.6,116.2,139,1899452,28.5,1494,Wing Attack,Poison Fang,Shadow Ball,5,7,1,10000
Trumbeak,82.9,732,normal,flying,134.0,93.2,134,1673499,48.5,1497,Peck,Drill Peck,Rock Blast,5,5,1,10000
Venusaur,82.9,3,grass,poison,122.1,122.1,123,1833734,20.5,1496,Vine Whip,Frenzy Plant,Sludge,6,5,3,10000
Munchlax,82.8,446,normal,none,103.1,96.5,218,2168915,30,1495,Tackle,Body Slam,Bulldoze,12,15,5,10000
Piloswine (Shadow),82.8,221,ice,ground,121.0,99.4,154,1852220,24,1497,Powder Snow,Icicle Spear,Stone Edge,5,7,3,50000
Skuntank,82.8,435,poison,dark,121.7,95.1,158,1828640,23.5,1491,Poison Jab,Crunch,Trailblaze,7,7,3,50000
Wailmer (Shadow),82.8,320,water,none,116.5,68.2,242,1922763,48.5,1496,Rollout,Scald,Body Slam,4,3,1,10000
Zapdos (Shadow),82.8,145,electric,flying,138.1,103.4,112,1599308,15,1486,Thunder Shock,Drill Peck,Heat Wave,5,5,20,100000
Glalie,82.7,362,ice,none,115.2,120.7,140,1946650,27,1497,Rollout,Avalanche,Shadow Ball,4,4,3,50000
Piloswine,82.7,221,ice,ground,121.0,99.4,154,1852220,24,1497,Powder Snow,Icicle Spear,Stone Edge,5,7,3,50000
Fletchinder (Shadow),82.6,662,fire,flying,123.3,102.6,143,1809033,47.5,1493,Peck,Fly,Heat Wave,6,6,1,10000
Whiscash,82.6,340,water,ground,107.5,108.2,178,2070407,27,1491,Mud Shot,Mud Bomb,Scald,5,6,1,10000
Bombirdier,82.5,962,flying,dark,127.8,117.1,117,1750949,22,1495,Sucker Punch,Fly,Rock Tomb,7,8,5,75000
Castform (Snowy),82.5,351,ice,none,112.6,121.2,146,1992480,39.5,1497,Powder Snow,Weather Ball (Ice),Blizzard,5,10,5,75000
Golbat (Shadow),82.5,42,poison,flying,117.6,116.2,139,1899452,28.5,1494,Wing Attack,Poison Fang,Shadow Ball,5,7,1,10000
Palkia (Shadow),82.4,484,water,dragon,140.3,109.9,100,1541897,13.5,1470,Dragon Breath,Aqua Tail,Draco Meteor,9,17,20,100000
Tentacruel (Shadow),82.4,73,water,poison,108.9,143.5,131,2047157,23,1493,Acid,Scald,Payback,7,8,3,50000
Froslass,82.3,478,ice,ghost,122.5,114.8,130,1828190,27.5,1496,Powder Snow,Avalanche,Shadow Ball,6,7,3,50000
Salamence (Shadow),82.3,373,dragon,flying,143.4,93.0,117,1560335,14.5,1495,Dragon Tail,Fly,Brutal Swing,4,3,5,75000
Servine,82.3,496,grass,none,105.8,140.3,142,2107811,50,1493,Vine Whip,Grass Knot,Wrap,7,6,3,10000
Slowking (Galarian),82.3,199,poison,psychic,117.3,117.9,138,1908494,20.5,1496,Acid,Psyshock,Shadow Ball,5,7,3,50000
Lokix,82.2,920,bug,dark,132.8,104.0,122,1684966,24,1495,Sucker Punch,X-Scissor,Trailblaze,6,7,1,50000
Palossand,82.2,770,ghost,ground,116.5,123.0,134,1920153,23,1495,Astonish,Shadow Ball,Sand Tomb,5,4,3,50000
Scizor (Shadow),82.2,212,bug,steel,137.8,112.0,105,1620528,18.5,1494,Bullet Punch,Night Slash,Trailblaze,5,7,5,75000
Bastiodon (Shadow),82.1,411,rock,steel,80.6,247.6,139,2773962,46.5,1495,Smack Down,Stone Edge,Flamethrower,7,7,5,75000
Marshtomp,82.1,259,water,ground,119.8,111.5,140,1870078,34.5,1496,Mud Shot,Surf,Sludge,5,5,3,10000
Scizor,82.1,212,bug,steel,137.8,112.0,105,1620528,18.5,1494,Bullet Punch,Night Slash,Trailblaze,5,7,5,75000
Throh (Shadow),82.1,538,fighting,none,110.2,107.7,171,2029520,22,1495,Low Kick,Brick Break,Body Slam,5,5,5,75000
Typhlosion (Shadow),82.1,157,fire,none,132.7,108.8,117,1689218,19,1497,Incinerate,Blast Burn,Thunder Punch,3,2,3,10000
Magcargo,82,219,fire,rock,110.9,156.3,117,2028039,36.5,1499,Ember,Rock Tomb,Overheat,6,7,1,10000
Marshtomp (Shadow),82,259,water,ground,120.4,111.4,139,1864346,33.5,1498,Mud Shot,Surf,Sludge,5,5,3,10000
Amaura,81.9,698,rock,ice,114.2,104.1,165,1961556,50,1496,Powder Snow,Weather Ball (Ice),Thunderbolt,5,7,5,75000
Electrode,81.9,101,electric,none,122.8,126.3,118,1830138,27,1499,Volt Switch,Discharge,Foul Play,3,3,3,50000
Whiscash (Shadow),81.9,340,water,ground,107.5,108.2,178,2070407,27,1491,Mud Shot,Mud Bomb,Scald,5,6,1,10000
Hippopotas (Shadow),81.8,449,ground,none,115.1,111.7,152,1954214,50,1499,Sand Attack,Rock Tomb,Body Slam,13,9,3,50000
Lucario,81.8,448,fighting,steel,145.7,93.7,113,1542686,20.5,1499,Force Palm,Aura Sphere,Shadow Ball,4,5,5,75000
Pawmot,81.8,923,electric,fighting,145.0,95.4,112,1549296,21,1498,Thunder Shock,Brick Break,Wild Charge,5,5,3,75000
Trevenant,81.8,709,ghost,grass,127.8,104.6,131,1751192,22,1496,Shadow Claw,Seed Bomb,Shadow Ball,5,7,5,75000
Barbaracle,81.7,689,rock,water,120.9,133.0,115,1849166,20.5,1495,Fury Cutter,Cross Chop,Stone Edge,9,14,3,50000
Flygon,81.7,330,ground,dragon,127.9,109.5,125,1750631,21,1496,Dragon Tail,Sand Tomb,Twister,4,4,5,75000
Golurk (Shadow),81.7,623,ground,ghost,133.3,98.5,128,1680646,19.5,1496,Mud Slap,Shadow Punch,Dynamic Punch,4,5,5,75000
Magnezone,81.7,462,electric,steel,134.3,121.1,102,1658900,17,1492,Volt Switch,Wild Charge,Mirror Shot,3,3,3,50000
Sandshrew (Alolan) (Shadow),81.7,27,ice,steel,117.6,121.0,127,1807159,50,1457,Powder Snow,Night Slash,Gyro Ball,5,7,3,50000
Armarouge,81.6,936,fire,psychic,132.1,109.6,117,1693945,17,1495,Incinerate,Psyshock,Heat Wave,2,3,5,50000
Dragonite,81.6,149,dragon,flying,135.8,107.3,113,1646561,14.5,1495,Dragon Breath,Thunder Punch,Superpower,10,10,5,75000
Sandshrew (Alolan),81.6,27,ice,steel,117.6,121.0,127,1807159,50,1457,Powder Snow,Night Slash,Gyro Ball,5,7,3,50000
Wailord,81.6,321,water,none,118.3,67.4,237,1889701,24.5,1495,Rollout,Surf,Return,4,6,1,10000
Electivire (Shadow),81.5,466,electric,none,143.3,100.8,108,1560021,18,1495,Thunder Shock,Ice Punch,Wild Charge,5,5,5,75000
Orbeetle,81.5,826,bug,psychic,107.9,168.6,114,2073881,25.5,1495,Psycho Cut,Psyshock,Bug Buzz,5,7,1,10000
Regirock,81.5,377,rock,none,104.5,179.9,114,2143149,17.5,1496,Lock On,Stone Edge,Focus Blast,11,15,20,100000
Skeledirge,81.5,911,fire,ghost,121.2,109.7,139,1848094,18.5,1496,Incinerate,Torch Song,Shadow Ball,3,3,3,10000
Snorlax,81.5,143,normal,none,108.4,102.2,187,2071676,17.5,1498,Lick,Body Slam,Superpower,12,14,5,75000
Farfetch'd (Galarian),81.4,83,fighting,none,137.6,99.7,119,1632528,37,1498,Fury Cutter,Leaf Blade,Brick Break,9,10,3,50000
Hawlucha,81.4,701,fighting,flying,127.4,107.6,128,1754655,23,1495,Low Kick,Flying Press,Aerial Ace,5,6,5,75000
Spinda,81.4,327,normal,none,110.0,110.0,142,1718200,50,1374,Sucker Punch,Rock Tomb,Icy Wind,8,7,3,50000
Xatu (Shadow),81.4,178,psychic,flying,132.2,107.9,119,1697461,25.5,1498,Peck,Psyshock,Shadow Ball,5,7,3,50000
Mew,81.3,151,psychic,none,120.4,119.3,129,1852920,16.5,1493,Shadow Claw,Wild Charge,Psyshock,6,5,20,100000
Decidueye (Hisuian),81.2,724,grass,fighting,126.9,109.4,127,1763123,19,1495,Psycho Cut,Energy Ball,Aura Sphere,5,5,3,10000
Hariyama (Shadow),81.2,297,fighting,none,125.6,76.0,186,1775482,19.5,1493,Force Palm,Upper Hand,Heavy Slam,4,5,3,50000
Venusaur (Shadow),81.2,3,grass,poison,122.1,122.1,123,1833734,20.5,1496,Vine Whip,Frenzy Plant,Sludge,6,5,3,10000
Whimsicott,81.2,547,grass,fairy,118.7,135.0,118,1890891,28,1498,Fairy Wind,Seed Bomb,Moonblast,5,7,1,10000
Drifblim (Shadow),81.1,426,ghost,flying,119.1,75.7,209,1884317,23.5,1498,Astonish,Icy Wind,Shadow Ball,5,5,5,75000
Lugia,81.1,249,psychic,flying,102.4,167.1,127,2173102,15,1491,Dragon Tail,Fly,Aeroblast,4,7,20,100000
Lurantis,81.1,754,grass,none,126.2,117.8,119,1769097,23,1494,Leafage,Leaf Blade,Superpower,5,5,3,50000
Meganium,81.1,154,grass,none,110.8,139.0,131,2017557,23,1495,Vine Whip,Frenzy Plant,Earthquake,6,9,3,10000
Fletchinder,81,662,fire,flying,123.3,102.6,143,1809033,47.5,1493,Peck,Fly,Heat Wave,6,6,1,10000
Lileep,81,345,rock,grass,100.8,138.6,151,2109603,50,1458,Acid,Grass Knot,Ancient Power,7,6,3,50000
Girafarig (Shadow),80.9,203,normal,psychic,130.3,101.5,130,1719308,27.5,1496,Confusion,Psychic Fangs,Trailblaze,3,4,3,50000
Slowbro (Shadow),80.9,80,water,psychic,113.4,120.9,144,1974249,22,1496,Confusion,Drain Punch,Ice Beam,3,4,3,50000
Vullaby,80.9,629,dark,flying,100.8,129.4,157,2047833,50,1436,Feint Attack,Brave Bird,Foul Play,10,7,5,75000
Charizard (Shadow),80.8,6,fire,flying,132.7,108.8,117,1689218,19,1497,Ember,Blast Burn,Air Cutter,6,4,3,10000
Dachsbun,80.8,927,fairy,none,113.4,156.1,112,1982595,26.5,1499,Charm,Psychic Fangs,Play Rough,5,8,3,50000
Flygon (Shadow),80.8,330,ground,dragon,127.9,109.5,125,1750631,21,1496,Dragon Tail,Sand Tomb,Twister,4,4,5,75000
Latios,80.8,381,dragon,psychic,139.3,112.9,102,1604151,14.5,1494,Dragon Breath,Aura Sphere,Luster Purge,10,15,20,100000
Lopunny,80.8,428,normal,none,112.0,143.6,124,1994317,27.5,1494,Low Kick,Thunder Punch,Shadow Ball,5,7,3,50000
Naclstack,80.8,933,rock,none,100.8,147.0,142,2104099,50,1456,Mud Shot,Rock Tomb,Rock Blast,6,5,5,50000
Ursaring,80.8,217,normal,none,139.6,91.3,126,1605930,18.5,1497,Shadow Claw,Close Combat,Swift,6,5,3,50000
Electrode (Shadow),80.7,101,electric,none,122.8,126.3,118,1830138,27,1499,Volt Switch,Discharge,Foul Play,3,3,3,50000
Excadrill (Shadow),80.7,530,ground,steel,142.6,78.7,140,1571167,17,1496,Mud Shot,Drill Run,Rock Slide,5,5,3,50000
Snorlax (Shadow),80.7,143,normal,none,108.4,102.2,187,2071676,17.5,1498,Lick,Body Slam,Superpower,12,14,5,75000
Thundurus (Incarnate) (Shadow),80.7,642,electric,flying,148.1,95.5,107,1513360,16.5,1497,Thunder Shock,Thunder Punch,Brick Break,5,5,20,100000
Heracross,80.6,214,bug,fighting,134.6,108.4,114,1663333,17.5,1496,Fury Cutter,Upper Hand,Rock Tomb,10,13,3,50000
Quaquaval,80.6,914,water,fighting,137.7,98.6,120,1629266,18,1497,Low Kick,Close Combat,Hydro Cannon,6,5,3,10000
Rapidash (Galarian),80.6,78,psychic,fairy,133.6,111.5,112,1668397,22.5,1492,Fairy Wind,Body Slam,Wild Charge,4,5,3,50000
Claydol (Shadow),80.5,344,ground,psychic,103.5,172.6,121,2161556,29,1495,Mud Slap,Rock Tomb,Shadow Ball,5,5,3,50000
Lairon,80.5,305,steel,rock,113.8,147.1,118,1975318,27,1499,Metal Sound,Rock Tomb,Body Slam,7,5,1,10000
Latios (Shadow),80.5,381,dragon,psychic,140.4,112.9,99,1569265,14,1484,Dragon Breath,Aura Sphere,Luster Purge,10,15,20,100000
Typhlosion,80.5,157,fire,none,132.7,108.8,117,1689218,19,1497,Incinerate,Blast Burn,Thunder Punch,3,2,3,10000
Avalugg,80.4,713,ice,none,111.7,141.3,127,2004468,17.5,1496,Ice Fang,Avalanche,Body Slam,8,6,3,50000
Froslass (Shadow),80.4,478,ice,ghost,122.5,114.8,130,1828190,27.5,1496,Powder Snow,Avalanche,Shadow Ball,6,7,3,50000
Kartana,80.4,798,grass,steel,169.1,99.3,79,1326539,15,1497,Fury Cutter,Leaf Blade,Sacred Sword,9,9,20,100000
Pumpkaboo (Super),80.4,710,ghost,grass,111.7,113.4,141,1786016,50,1412,Astonish,Grass Knot,Foul Play,5,4,5,75000
Camerupt,80.3,323,fire,ground,133.5,100.5,125,1677094,25.5,1496,Incinerate,Earth Power,Rock Tomb,3,3,3,50000
Girafarig,80.3,203,normal,psychic,130.3,101.5,130,1719308,27.5,1496,Confusion,Psychic Fangs,Trailblaze,3,4,3,50000
Magnezone (Shadow),80.3,462,electric,steel,134.3,121.1,102,1658900,17,1492,Volt Switch,Wild Charge,Mirror Shot,3,3,3,50000
Nidorina,80.3,30,poison,none,110.9,113.4,157,1974441,50,1479,Poison Sting,Poison Fang,Thunderbolt,5,7,3,50000
Serperior,80.3,497,grass,none,110.2,142.2,130,2037157,25,1498,Vine Whip,Frenzy Plant,Aerial Ace,6,6,3,10000
Poliwrath,80.2,62,water,fighting,115.8,122.0,137,1935481,21.5,1497,Counter,Scald,Icy Wind,9,8,3,50000
Raichu (Alolan),80.2,26,electric,psychic,135.4,109.9,111,1651731,24,1495,Thunder Shock,Wild Charge,Trailblaze,5,5,1,10000
Tropius,80.2,357,grass,flying,101.4,128.0,170,2206464,29,1495,Air Slash,Leaf Blade,Brutal Swing,4,4,5,75000
Donphan (Shadow),80.1,232,ground,none,125.2,113.1,126,1784175,18.5,1494,Mud Slap,Body Slam,Trailblaze,4,5,3,50000
Sceptile (Shadow),80.1,254,grass,none,135.6,109.3,111,1645140,20,1493,Fury Cutter,Leaf Blade,Breaking Swipe,9,13,3,10000
Gurdurr (Shadow),80,533,fighting,none,125.3,100.1,143,1793582,26,1499,Low Kick,Brick Break,Stone Edge,5,7,5,75000
Mamoswine (Shadow),80,473,ice,ground,136.2,87.3,138,1640856,16.5,1494,Powder Snow,Icicle Spear,Stone Edge,5,7,3,50000
Pawniard,80,624,dark,steel,131.9,107.7,119,1690470,49,1493,Fury Cutter,Night Slash,X-Scissor,9,10,5,75000
Raticate (Alolan),80,20,dark,normal,107.0,130.1,150,2088105,36.5,1494,Quick Attack,Crunch,Return,6,9,1,10000
Salamence,80,373,dragon,flying,143.4,93.0,117,1560335,14.5,1495,Dragon Tail,Fly,Brutal Swing,4,3,5,75000
Toxicroak,80,454,poison,fighting,136.2,93.7,129,1646290,22.5,1497,Poison Sting,Dynamic Punch,Shadow Ball,5,6,3,50000
Electivire,79.9,466,electric,none,143.3,100.8,108,1560021,18,1495,Thunder Shock,Ice Punch,Wild Charge,5,5,5,75000
Farfetch'd,79.9,83,normal,flying,116.8,109.2,131,1670847,50,1396,Fury Cutter,Leaf Blade,Aerial Ace,9,12,3,50000
Garchomp,79.9,445,dragon,ground,132.4,101.4,126,1691595,14,1496,Dragon Tail,Twister,Sand Tomb,4,4,5,75000
Garganacl,79.9,934,rock,none,105.8,137.2,145,2104785,20.5,1492,Mud Shot,Rock Tomb,Rock Blast,6,5,5,50000
Bruxish,79.8,779,water,psychic,136.4,102.5,117,1635777,23,1493,Confusion,Aqua Tail,Psychic Fangs,3,3,3,50000
Hariyama,79.7,297,fighting,none,125.6,76.0,186,1775482,19.5,1493,Force Palm,Upper Hand,Heavy Slam,4,5,3,50000
Quaxwell,79.7,913,water,none,125.4,103.5,138,1791088,34,1498,Wing Attack,Aqua Jet,Aerial Ace,5,6,3,10000
Tapu Fini,79.7,788,water,fairy,115.8,158.3,105,1924770,20,1492,Water Gun,Surf,Nature's Madness,15,17,20,100000
Rayquaza,79.6,384,dragon,flying,147.5,89.5,115,1518144,14.5,1496,Dragon Tail,Breaking Swipe,Dragon Ascent,5,4,20,100000
Charizard,79.5,6,fire,flying,132.7,108.8,117,1689218,19,1497,Ember,Blast Burn,Air Cutter,6,4,3,10000
Giratina (Origin),79.5,487,ghost,dragon,120.0,101.4,154,1873872,15,1499,Dragon Tail,Ominous Wind,Shadow Ball,4,5,20,100000
Lampent (Shadow),79.5,608,ghost,fire,132.5,99.0,129,1692158,35,1497,Ember,Heat Wave,Energy Ball,5,5,5,75000
Sandslash,79.5,28,ground,none,120.4,123.0,125,1851150,23.5,1492,Sand Attack,Night Slash,Rock Tomb,9,13,3,50000
Victini,79.5,494,psychic,fire,120.4,119.3,129,1852920,16.5,1493,Confusion,V-Create,Psyshock,3,3,20,100000
Vikavolt (Shadow),79.5,738,bug,electric,144.1,96.6,111,1545127,17.5,1492,Volt Switch,X-Scissor,Discharge,3,3,1,10000
Chesnaught,79.4,652,grass,fighting,119.3,126.9,124,1877257,19,1496,Low Kick,Frenzy Plant,Superpower,6,5,3,10000
Genesect,79.4,649,bug,steel,141.0,111.6,100,1573560,16,1489,Fury Cutter,X-Scissor,Techno Blast (Normal),10,14,20,100000
Magnemite (Shadow),79.4,81,electric,steel,147.8,113.6,90,1511107,49,1494,Volt Switch,Discharge,Magnet Bomb,3,3,3,50000
Meowscarada,79.4,908,grass,dark,140.3,99.1,115,1598929,19.5,1497,Leafage,Night Slash,Frenzy Plant,5,6,3,10000
Ferrothorn,79.3,598,grass,steel,107.1,152.7,128,2093334,24.5,1497,Bullet Seed,Power Whip,Thunder,4,5,3,75000
Furfrou,79.3,676,normal,none,115.5,125.1,134,1936173,26.5,1495,Sucker Punch,Surf,Grass Knot,7,8,5,75000
Gengar (Shadow),79.3,94,ghost,poison,154.3,95.4,98,1442582,19,1491,Shadow Claw,Shadow Punch,Shadow Ball,5,7,3,50000
Golurk,79.3,623,ground,ghost,133.3,98.5,128,1680646,19.5,1496,Mud Slap,Shadow Punch,Dynamic Punch,4,5,5,75000
Gurdurr,79.3,533,fighting,none,125.3,100.1,143,1793582,26,1499,Low Kick,Brick Break,Stone Edge,5,7,5,75000
Machop (Shadow),79.3,66,fighting,none,127.7,81.5,157,1633985,50,1444,Karate Chop,Cross Chop,Brick Break,4,5,3,50000
Magneton,79.3,82,electric,steel,143.4,114.6,95,1561196,22,1496,Volt Switch,Discharge,Magnet Bomb,3,3,3,50000
Perrserker,79.3,863,steel,none,128.7,113.3,119,1735223,23,1494,Shadow Claw,Close Combat,Trailblaze,6,6,3,50000
Shiinotic (Shadow),79.3,756,grass,fairy,116.5,134.2,123,1923019,31,1496,Astonish,Seed Bomb,Moonblast,4,6,3,50000
Toxicroak (Shadow),79.3,454,poison,fighting,136.2,93.7,129,1646290,22.5,1497,Poison Sting,Dynamic Punch,Shadow Ball,5,6,3,50000
Tyranitar,79.3,248,rock,dark,129.7,111.4,120,1733830,14.5,1499,Dragon Breath,Brutal Swing,Stone Edge,9,14,5,75000
Xatu,79.3,178,psychic,flying,132.2,107.9,119,1697461,25.5,1498,Peck,Psyshock,Shadow Ball,5,7,3,50000
Lileep (Shadow),79.2,345,rock,grass,100.8,138.6,151,2109603,50,1458,Acid,Grass Knot,Ancient Power,7,6,3,50000
Aron,79.1,304,steel,rock,114.2,131.0,127,1899945,50,1473,Metal Sound,Rock Tomb,Body Slam,7,5,1,10000
Servine (Shadow),79.1,496,grass,none,105.8,140.3,142,2107811,50,1493,Vine Whip,Grass Knot,Wrap,7,6,3,10000
Wartortle (Shadow),79.1,8,water,none,107.6,139.0,139,2078940,47.5,1495,Water Gun,Aqua Jet,Ice Beam,14,19,3,10000
Excadrill,79,530,ground,steel,142.6,78.7,140,1571167,17,1496,Mud Shot,Drill Run,Rock Slide,5,5,3,50000
Incineroar,79,727,fire,dark,125.2,109.1,131,1789371,18.5,1496,Fire Fang,Brutal Swing,Blast Burn,6,9,3,10000
Machoke,79,67,fighting,none,126.7,97.3,143,1762891,27.5,1494,Karate Chop,Cross Chop,Return,4,8,3,50000
Sceptile,79,254,grass,none,135.6,109.3,111,1645140,20,1493,Fury Cutter,Leaf Blade,Breaking Swipe,9,13,3,10000
Shiinotic,79,756,grass,fairy,116.5,134.2,123,1923019,31,1496,Astonish,Seed Bomb,Moonblast,4,6,3,50000
Sirfetch'd,79,865,fighting,none,144.7,108.0,99,1547132,18.5,1496,Fury Cutter,Leaf Blade,Close Combat,9,12,3,50000
Thundurus (Incarnate),79,642,electric,flying,148.1,95.5,107,1513360,16.5,1497,Thunder Shock,Thunder Punch,Brick Break,5,5,20,100000
Blacephalon,78.9,806,fire,ghost,173.6,88.4,84,1289084,16.5,1495,Incinerate,Mind Blown,Shadow Ball,2,3,20,100000
Centiskorch,78.9,851,fire,bug,128.7,99.4,136,1739818,18.5,1496,Ember,Lunge,Heat Wave,5,5,5,75000
Lairon (Shadow),78.9,305,steel,rock,113.8,147.1,118,1975318,27,1499,Metal Sound,Rock Tomb,Body Slam,7,5,1,10000
Tyranitar (Shadow),78.9,248,rock,dark,129.7,111.4,120,1733830,14.5,1499,Dragon Breath,Brutal Swing,Stone Edge,9,14,5,75000
Dhelmise,78.8,781,ghost,grass,139.7,109.3,105,1603267,20,1496,Shadow Claw,Power Whip,Brutal Swing,7,5,5,50000
Camerupt (Shadow),78.7,323,fire,ground,133.5,100.5,125,1677094,25.5,1496,Incinerate,Earth Power,Rock Tomb,3,3,3,50000
Timburr,78.7,532,fighting,none,125.2,85.7,164,1759661,50,1484,Low Kick,Brick Break,Rock Tomb,5,7,5,75000
Vigoroth,78.7,288,normal,none,116.2,114.1,145,1922471,28.5,1494,Counter,Body Slam,Rock Slide,6,8,5,75000
Druddigon,78.6,621,dragon,none,131.2,111.2,117,1706964,20.5,1496,Dragon Tail,Night Slash,Rock Tomb,3,5,5,75000
Galvantula,78.6,596,bug,electric,138.2,96.4,122,1625343,25.5,1498,Volt Switch,Discharge,Lunge,3,3,3,50000
Leavanny,78.6,542,bug,grass,129.4,110.2,121,1725445,21.5,1494,Shadow Claw,Leaf Blade,X-Scissor,5,5,1,10000
Maushold,78.6,925,normal,none,116.2,121.9,136,1926410,28.5,1496,Mud Shot,Swift,Crunch,4,5,1,10000
Relicanth,78.6,369,water,rock,105.1,133.6,152,2134287,22.5,1497,Water Gun,Aqua Tail,Ancient Power,12,15,5,75000
Skuntank (Shadow),78.6,435,poison,dark,121.7,95.1,158,1828640,23.5,1491,Poison Jab,Crunch,Trailblaze,7,7,3,50000
Torterra,78.6,389,grass,ground,119.9,117.0,133,1865764,19,1495,Mud Slap,Frenzy Plant,Sand Tomb,5,4,3,10000
Vaporeon,78.6,134,water,none,118.4,96.9,165,1893038,18,1497,Water Gun,Aqua Tail,Last Resort,12,19,5,75000
Vikavolt,78.6,738,bug,electric,144.1,96.6,111,1545127,17.5,1492,Volt Switch,X-Scissor,Fly,3,3,1,10000
Wailord (Shadow),78.6,321,water,none,118.3,67.4,237,1889701,24.5,1495,Rollout,Surf,Hyper Beam,4,7,1,10000
Dipplin,78.5,1011,grass,dragon,114.6,128.8,132,1948383,23.5,1494,Dragon Tail,Seed Bomb,Outrage,4,5,5,75000
Garchomp (Shadow),78.5,445,dragon,ground,132.4,101.4,126,1691595,14,1496,Dragon Tail,Twister,Sand Tomb,4,4,5,75000
Pumpkaboo (Large),78.5,710,ghost,grass,113.4,115.1,133,1735961,50,1403,Astonish,Grass Knot,Foul Play,5,4,5,75000
Articuno (Shadow),78.4,144,ice,flying,115.1,136.9,123,1938134,17.5,1493,Powder Snow,Triple Axel,Hurricane,6,8,20,100000
Beedrill,78.4,15,bug,poison,127.1,106.5,130,1759700,30.5,1495,Poison Sting,X-Scissor,Drill Run,5,5,1,10000
Crawdaunt (Shadow),78.4,342,water,dark,144.7,98.3,109,1550417,22,1497,Waterfall,Night Slash,Scald,4,5,3,50000
Frillish,78.4,592,water,ghost,109.2,125.2,135,1845698,50,1419,Hex,Night Shade,Ice Beam,4,5,3,50000
Slowbro (Galarian),78.4,80,poison,psychic,119.1,108.3,146,1883185,22.5,1497,Confusion,Drain Punch,Sludge Bomb,3,4,3,50000
Suicune,78.4,245,water,none,106.2,143.0,137,2080564,18.5,1486,Ice Fang,Bubble Beam,Scald,7,9,20,100000
Salazzle,78.3,758,poison,fire,147.0,91.2,114,1528330,22.5,1498,Incinerate,Poison Fang,Dragon Pulse,2,3,3,50000
Sandslash (Shadow),78.3,28,ground,none,120.4,123.0,125,1851150,23.5,1492,Sand Attack,Night Slash,Rock Tomb,9,13,3,50000
Shiftry (Shadow),78.3,275,grass,dark,133.4,88.0,143,1678706,23.5,1496,Snarl,Leaf Blade,Foul Play,3,4,3,50000
Zygarde (50% Forme),78.3,718,dragon,ground,114.1,128.3,133,1946991,15.5,1490,Dragon Tail,Crunch,Earthquake,4,6,20,100000
Avalugg (Hisuian),78.2,713,ice,rock,116.4,135.1,122,1918528,16,1494,Powder Snow,Rock Slide,Icy Wind,6,6,3,50000
Corvisquire,78.2,822,flying,none,118.1,104.7,153,1891856,49.5,1494,Peck,Sky Attack,Payback,7,8,1,10000
Donphan,78.2,232,ground,none,125.2,113.1,126,1784175,18.5,1494,Mud Slap,Body Slam,Trailblaze,4,5,3,50000
Toxtricity,78.2,849,electric,poison,141.2,95.3,118,1587850,21.5,1497,Acid,Wild Charge,Power-Up Punch,6,5,5,75000
Cofagrigus (Shadow),78.1,563,ghost,none,111.7,165.3,109,2012577,24.5,1499,Shadow Claw,Shadow Ball,Dark Pulse,7,7,3,50000
Ferrothorn (Shadow),78.1,598,grass,steel,107.1,152.7,128,2093334,24.5,1497,Bullet Seed,Power Whip,Thunder,4,5,3,75000
Machop,78.1,66,fighting,none,127.7,81.5,157,1633985,50,1444,Karate Chop,Cross Chop,Brick Break,4,5,3,50000
Magneton (Shadow),78.1,82,electric,steel,143.4,114.6,95,1561196,22,1496,Thunder Shock,Discharge,Magnet Bomb,5,5,3,50000
Obstagoon,78.1,862,dark,normal,113.2,127.9,137,1983524,21,1498,Counter,Night Slash,Cross Chop,6,6,3,10000
Vigoroth (Shadow),78.1,288,normal,none,116.2,114.1,145,1922471,28.5,1494,Counter,Body Slam,Rock Slide,6,8,5,75000
Beedrill (Shadow),78,15,bug,poison,127.1,106.5,130,1759700,30.5,1495,Poison Sting,X-Scissor,Drill Run,5,5,1,10000
Muk,78,89,poison,none,115.8,111.7,148,1914359,20,1488,Poison Jab,Thunder Punch,Dark Pulse,6,8,3,50000
Obstagoon (Shadow),78,862,dark,normal,113.2,127.9,137,1983524,21,1498,Counter,Cross Chop,Night Slash,6,6,3,10000
Braixen (Shadow),77.9,654,fire,none,130.5,106.9,123,1715905,31,1496,Ember,Psyshock,Flame Charge,5,6,3,10000
Mamoswine,77.9,473,ice,ground,136.2,87.3,138,1640856,16.5,1494,Powder Snow,Icicle Spear,Stone Edge,5,7,3,50000
Venomoth (Shadow),77.9,49,bug,poison,127.0,107.5,129,1761172,27,1495,Psywave,Poison Fang,Silver Wind,10,12,3,50000
Aron (Shadow),77.8,304,steel,rock,114.2,131.0,127,1899945,50,1473,Metal Sound,Rock Tomb,Body Slam,7,5,1,10000
Timburr (Shadow),77.8,532,fighting,none,125.2,85.7,164,1759661,50,1484,Low Kick,Brick Break,Rock Tomb,5,7,5,75000
Typhlosion (Hisuian),77.8,157,fire,ghost,139.6,106.8,108,1610202,18.5,1499,Ember,Shadow Ball,Wild Charge,6,5,3,10000
Flapple,77.7,841,grass,dragon,138.1,100.1,117,1617386,22.5,1494,Dragon Breath,Seed Bomb,Dragon Pulse,10,14,5,75000
Magnemite,77.7,81,electric,steel,147.8,113.6,90,1511107,49,1494,Volt Switch,Discharge,Magnet Bomb,3,3,3,50000
Glalie (Shadow),77.6,362,ice,none,115.2,120.7,140,1946650,27,1497,Rollout,Avalanche,Shadow Ball,4,4,3,50000
Grimer (Alolan),77.6,88,poison,dark,122.7,86.8,171,1821212,49,1494,Poison Jab,Crunch,Sludge Bomb,7,8,3,50000
Roserade,77.6,407,grass,poison,141.9,114.3,97,1573259,18.5,1494,Poison Sting,Weather Ball (Fire),Leaf Storm,4,7,3,50000
Bibarel,77.5,400,normal,water,122.9,99.2,149,1816560,31.5,1494,Rollout,Surf,Hyper Fang,4,4,1,10000
Escavalier,77.5,589,bug,steel,132.1,117.6,108,1677776,19,1488,Bug Bite,Drill Run,Razor Shell,14,12,3,50000
Golem (Alolan) (Shadow),77.5,76,rock,electric,125.1,122.2,117,1788605,19,1495,Volt Switch,Wild Charge,Rock Blast,3,3,1,10000
Grimer,77.5,88,poison,none,121.0,88.2,172,1835618,50,1490,Poison Jab,Sludge,Mud Bomb,6,7,3,50000
Meganium (Shadow),77.4,154,grass,none,110.8,139.0,131,2017557,23,1495,Vine Whip,Frenzy Plant,Earthquake,6,9,3,10000
Scolipede,77.4,545,bug,poison,131.7,120.3,107,1695256,22.5,1494,Poison Sting,Aqua Tail,Megahorn,4,7,1,10000
Swoobat,77.4,528,psychic,flying,126.6,101.6,138,1775033,34.5,1499,Confusion,Fly,Psychic Fangs,4,3,1,10000
Tauros (Aqua),77.4,128,fighting,water,127.8,120.6,114,1757046,20,1498,Double Kick,Aqua Jet,Trailblaze,4,4,3,50000
Gabite (Shadow),77.3,444,dragon,ground,128.7,102.4,132,1739612,30,1496,Mud Shot,Twister,Dig,5,6,5,75000
Kabutops,77.3,141,rock,water,135.4,119.7,102,1653153,20.5,1496,Fury Cutter,Aqua Jet,Stone Edge,10,14,5,75000
Litleo,77.3,667,fire,normal,121.5,105.7,144,1849327,48.5,1498,Incinerate,Flame Charge,Crunch,3,3,3,10000
Palpitoad,77.3,536,water,ground,116.2,102.9,161,1925074,48,1495,Mud Shot,Earth Power,Water Pulse,6,6,3,50000
Vibrava (Shadow),77.3,329,ground,dragon,125.2,95.7,127,1521668,50,1380,Dragon Breath,Sand Tomb,Bug Buzz,10,15,5,75000
Bewear (Shadow),77.2,760,normal,fighting,129.6,87.1,153,1727088,17.5,1496,Shadow Claw,Superpower,Stomp,5,5,1,10000
Galvantula (Shadow),77.2,596,bug,electric,138.2,96.4,122,1625343,25.5,1498,Volt Switch,Discharge,Lunge,3,3,3,50000
Muk (Alolan),77.2,89,poison,dark,115.8,111.7,148,1914359,20,1488,Poison Jab,Dark Pulse,Acid Spray,8,7,3,50000
Poliwrath (Shadow),77.2,62,water,fighting,115.8,122.0,137,1935481,21.5,1497,Counter,Scald,Icy Wind,9,8,3,50000
Rhyperior (Shadow),77.2,464,ground,rock,126.7,104.5,134,1774180,15,1499,Mud Slap,Drill Run,Rock Wrecker,4,5,3,50000
Venomoth,77.2,49,bug,poison,127.0,107.5,129,1761172,27,1495,Psywave,Poison Fang,Silver Wind,10,12,3,50000
Armaldo (Shadow),77.1,348,rock,bug,133.9,109.1,115,1679976,19.5,1499,Fury Cutter,Rock Blast,Liquidation,10,12,3,50000
Baxcalibur,77.1,998,dragon,ice,135.6,95.7,127,1648069,15.5,1494,Dragon Breath,Avalanche,Dragon Claw,12,13,5,75000
Gabite,77.1,444,dragon,ground,128.7,102.4,132,1739612,30,1496,Mud Shot,Twister,Dig,5,6,5,75000
Golett (Shadow),77.1,622,ground,ghost,119.3,89.9,141,1512235,50,1343,Astonish,Shadow Punch,Brick Break,4,4,5,75000
Staravia,77.1,397,normal,flying,131.9,91.5,135,1629295,50,1465,Wing Attack,Brave Bird,Fly,7,6,1,10000
Weezing,77.1,110,poison,none,117.5,140.2,116,1910926,25,1498,Rollout,Sludge Bomb,Shadow Ball,4,4,3,50000
Bibarel (Shadow),77,400,normal,water,122.9,99.2,149,1816560,31.5,1494,Rollout,Surf,Hyper Fang,4,4,1,10000
Lampent,77,608,ghost,fire,132.5,99.0,129,1692158,35,1497,Ember,Heat Wave,Energy Ball,5,5,5,75000
Magmar (Shadow),77,126,fire,none,135.1,107.6,114,1657191,23,1496,Ember,Fire Punch,Scorching Sands,5,6,5,75000
Quilladin,77,651,grass,none,114.9,130.2,130,1944797,35,1494,Vine Whip,Energy Ball,Body Slam,6,5,3,10000
Scyther (Shadow),77,123,bug,flying,134.8,109.4,113,1666425,20.5,1498,Fury Cutter,Night Slash,X-Scissor,9,10,5,75000
Arcanine (Shadow),76.9,59,fire,none,132.0,102.5,125,1691250,18,1494,Fire Fang,Wild Charge,Psychic Fangs,8,6,3,50000
Ariados,76.9,168,bug,poison,124.2,103.8,140,1804874,33.5,1497,Poison Sting,Lunge,Trailblaze,5,5,1,10000
Crocalor,76.9,910,fire,none,119.4,105.7,148,1867846,29,1493,Incinerate,Crunch,Flamethrower,3,3,3,10000
Suicune (Shadow),76.9,245,water,none,107.1,139.9,136,2037727,18,1477,Ice Fang,Bubble Beam,Scald,7,9,20,100000
Alomomola,76.8,594,water,none,97.4,99.4,238,2304211,26,1498,Waterfall,Hydro Pump,Blizzard,8,8,5,75000
Escavalier (Shadow),76.8,589,bug,steel,132.1,117.6,108,1677776,19,1488,Bug Bite,Drill Run,Razor Shell,14,12,3,50000
Haunter,76.8,93,ghost,poison,161.1,85.5,101,1391179,28,1497,Shadow Claw,Shadow Punch,Ice Punch,5,5,3,50000
Hitmontop,76.8,237,fighting,none,121.2,149.8,102,1851888,26,1498,Counter,Close Combat,Triple Axel,8,8,5,75000
Passimian,76.8,766,fighting,none,128.6,99.1,136,1733219,18,1492,Counter,Brutal Swing,Superpower,6,7,3,75000
Chimecho,76.7,358,psychic,none,119.5,120.8,130,1876628,25,1497,Astonish,Psyshock,Shadow Ball,4,5,5,75000
Drilbur (Shadow),76.7,529,ground,none,139.4,81.5,142,1613276,50,1499,Mud Slap,Drill Run,Rock Tomb,4,5,3,50000
Graveler (Alolan),76.7,75,rock,electric,121.4,130.9,116,1843386,30,1495,Volt Switch,Stone Edge,Rock Blast,4,3,1,10000
Raticate (Alolan) (Shadow),76.7,20,dark,normal,107.0,130.1,150,2088105,36.5,1494,Quick Attack,Crunch,Hyper Beam,6,10,1,10000
Vibrava,76.7,329,ground,dragon,125.2,95.7,127,1521668,50,1380,Dragon Breath,Sand Tomb,Bug Buzz,10,15,5,75000
Zoroark (Hisuian),76.7,571,normal,ghost,163.4,87.5,96,1372560,21,1497,Shadow Claw,Shadow Ball,Foul Play,7,5,5,75000
Crawdaunt,76.6,342,water,dark,144.7,98.3,109,1550417,22,1497,Waterfall,Night Slash,Scald,4,5,3,50000
Gigalith (Shadow),76.6,526,rock,none,127.2,118.4,117,1762076,17,1497,Lock On,Superpower,Meteor Beam,8,12,3,50000
Kilowattrel,76.6,941,electric,flying,143.2,92.5,118,1563028,22.5,1496,Thunder Shock,Acrobatics,Aerial Ace,7,5,1,10000
Pumpkaboo (Average),76.6,710,ghost,grass,114.2,115.9,126,1667708,50,1380,Astonish,Grass Knot,Foul Play,5,4,5,75000
Zapdos (Galarian),76.6,145,fighting,flying,135.6,107.2,113,1642604,15.5,1492,Low Kick,Fly,Brave Bird,6,7,20,100000
Bewear,76.5,760,normal,fighting,129.6,87.1,153,1727088,17.5,1496,Shadow Claw,Superpower,Stomp,5,5,1,10000
Gengar,76.5,94,ghost,poison,154.3,95.4,98,1442582,19,1491,Shadow Claw,Shadow Punch,Shadow Ball,5,7,3,50000
Kangaskhan,76.5,115,normal,none,114.5,110.8,153,1941050,21.5,1490,Low Kick,Brick Break,Crunch,5,6,3,50000
Celesteela,76.4,797,steel,flying,119.5,120.7,130,1875074,18,1496,Air Slash,Body Slam,Iron Head,4,6,20,100000
Kabutops (Shadow),76.4,141,rock,water,135.4,119.7,102,1653153,20.5,1496,Fury Cutter,Aqua Jet,Stone Edge,10,14,5,75000
Scolipede (Shadow),76.4,545,bug,poison,131.7,120.3,107,1695256,22.5,1494,Poison Sting,Aqua Tail,X-Scissor,4,5,1,10000
Chesnaught (Shadow),76.3,652,grass,fighting,119.3,126.9,124,1877257,19,1496,Vine Whip,Frenzy Plant,Superpower,6,5,3,10000
Gholdengo,76.3,1000,steel,ghost,134.6,107.8,114,1654126,15.5,1492,Hex,Shadow Ball,Power Gem,4,4,5,10000
Growlithe (Shadow),76.3,58,fire,none,126.8,90.7,135,1552603,50,1403,Ember,Flame Wheel,Body Slam,5,4,3,50000
Sandygast,76.3,769,ghost,ground,113.4,111.7,135,1710015,50,1392,Astonish,Shadow Ball,Sand Tomb,5,4,3,50000
Chatot,76.2,441,normal,flying,139.6,78.4,147,1608862,32.5,1498,Peck,Heat Wave,Sky Attack,6,7,5,75000
Graveler (Alolan) (Shadow),76.2,75,rock,electric,122.6,129.8,115,1830050,29.5,1497,Volt Switch,Stone Edge,Rock Blast,4,3,1,10000
Grimer (Shadow),76.2,88,poison,none,122.7,86.8,171,1821212,49,1494,Poison Jab,Sludge,Mud Bomb,6,7,3,50000
Nidoking (Shadow),76.2,34,poison,ground,129.4,105.2,127,1728836,21.5,1495,Fury Cutter,Sand Tomb,Earth Power,10,13,3,50000
Deoxys (Defense),76.1,386,psychic,none,101.0,221.4,98,2191417,23.5,1487,Counter,Psycho Boost,Thunderbolt,6,10,20,100000
Golem (Alolan),76.1,76,rock,electric,125.1,122.2,117,1788605,19,1495,Volt Switch,Wild Charge,Rock Blast,3,3,1,10000
Heatran (Shadow),76.1,485,fire,steel,130.7,115.4,110,1659106,14.5,1472,Fire Spin,Magma Storm,Earth Power,4,5,20,100000
Larvesta,76.1,636,bug,fire,130.8,99.7,131,1708340,45.5,1494,Ember,Flame Wheel,Bug Buzz,5,7,5,75000
Regirock (Shadow),76.1,377,rock,none,105.7,178.4,111,2093114,17,1487,Lock On,Stone Edge,Focus Blast,11,15,20,100000
Wormadam (Plant),76.1,413,bug,grass,110.0,144.8,128,2038784,34.5,1497,Sucker Punch,Energy Ball,Bug Buzz,7,9,1,10000
Cacturne,76,332,grass,dark,147.2,85.0,121,1513952,24,1492,Sucker Punch,Trailblaze,Dynamic Punch,7,7,3,50000
Frigibax,76,996,dragon,ice,125.2,84.8,149,1581927,50,1407,Dragon Breath,Avalanche,Dragon Claw,12,13,5,75000
Gigalith,76,526,rock,none,127.2,118.4,117,1762076,17,1497,Lock On,Superpower,Meteor Beam,8,12,3,50000
Monferno (Shadow),76,391,fire,fighting,129.6,96.0,139,1729382,42,1497,Ember,Flame Wheel,Low Sweep,5,5,3,10000
Quilladin (Shadow),76,651,grass,none,114.9,130.2,130,1944797,35,1494,Vine Whip,Energy Ball,Body Slam,6,5,3,10000
Slowpoke,76,79,water,psychic,104.1,94.9,186,1837511,50,1383,Confusion,Psyshock,Water Pulse,3,4,3,50000
Aipom (Shadow),75.9,190,normal,none,124.3,106.7,135,1790479,50,1491,Astonish,Swift,Aerial Ace,4,5,3,50000
Arcanine,75.9,59,fire,none,132.0,102.5,125,1691250,18,1494,Fire Fang,Wild Charge,Psychic Fangs,8,6,3,50000
Cacturne (Shadow),75.9,332,grass,dark,147.2,85.0,121,1513952,24,1492,Sucker Punch,Trailblaze,Dynamic Punch,7,7,3,50000
Kricketune,75.9,402,bug,none,127.7,89.5,153,1748660,38,1494,Fury Cutter,X-Scissor,Aerial Ace,10,12,1,10000
Skarmory,75.9,227,steel,flying,105.5,166.5,121,2125456,27,1497,Air Slash,Brave Bird,Sky Attack,7,6,5,75000
Golduck,75.8,55,water,none,124.1,112.1,129,1794598,22.5,1492,Confusion,Cross Chop,Liquidation,3,4,3,50000
Magmar,75.8,126,fire,none,135.1,107.6,114,1657191,23,1496,Karate Chop,Fire Punch,Scorching Sands,5,6,5,75000
Fraxure,75.7,611,dragon,none,144.2,91.5,118,1556927,25,1498,Dragon Tail,Aqua Tail,Night Slash,3,3,5,75000
Floatzel,75.6,419,water,none,143.8,81.7,133,1562545,22.5,1498,Waterfall,Aqua Jet,Swift,4,4,3,50000
Muk (Shadow),75.6,89,poison,none,115.8,111.7,148,1914359,20,1488,Poison Jab,Thunder Punch,Dark Pulse,6,8,3,50000
Drifloon (Shadow),75.5,425,ghost,flying,110.9,79.8,186,1646067,50,1351,Hex,Shadow Ball,Icy Wind,4,4,5,75000
Linoone (Galarian) (Shadow),75.5,264,dark,normal,114.1,111.7,154,1962725,38.5,1496,Snarl,Body Slam,Dig,3,4,1,10000
Braixen,75.4,654,fire,none,130.5,106.9,123,1715905,31,1496,Ember,Psyshock,Flame Charge,5,6,3,10000
Drilbur,75.4,529,ground,none,139.4,81.5,142,1613276,50,1499,Mud Slap,Drill Run,Rock Tomb,4,5,3,50000
Magmortar (Shadow),75.4,467,fire,none,140.8,104.5,108,1589069,17.5,1495,Karate Chop,Fire Punch,Thunderbolt,5,7,5,75000
Mienshao,75.4,620,fighting,none,158.9,84.8,105,1414846,20,1499,Force Palm,Brutal Swing,Grass Knot,4,5,3,50000
Shiftry,75.4,275,grass,dark,133.4,88.0,143,1678706,23.5,1496,Snarl,Leaf Blade,Foul Play,3,4,3,50000
Torterra (Shadow),75.4,389,grass,ground,119.9,117.0,133,1865764,19,1495,Mud Slap,Frenzy Plant,Sand Tomb,5,4,3,10000
Cinderace,75.3,815,fire,none,139.0,99.4,117,1616542,18.5,1498,Fire Spin,Blast Burn,Pyro Ball,5,4,3,10000
Delphox (Shadow),75.3,655,fire,psychic,132.6,115.6,110,1686142,18,1495,Fire Spin,Psyshock,Blast Burn,4,5,3,10000
Kleavor,75.3,900,bug,rock,143.6,104.5,104,1560645,17.5,1497,Fury Cutter,X-Scissor,Rock Slide,10,12,5,75000
Zangoose,75.3,335,normal,none,144.7,87.7,122,1548203,23,1496,Fury Cutter,Close Combat,Night Slash,12,9,3,50000
Aipom,75.2,190,normal,none,124.3,106.7,135,1790479,50,1491,Astonish,Swift,Aerial Ace,4,5,3,50000
Celebi,75.2,251,psychic,grass,120.4,119.3,129,1852920,16.5,1493,Confusion,Aura Sphere,Leaf Storm,3,4,20,100000
Nidorina (Shadow),75.1,30,poison,none,110.9,113.4,157,1974441,50,1479,Poison Sting,Poison Fang,Sludge Bomb,5,6,3,50000
Parasect,75.1,47,bug,grass,124.1,118.2,123,1804240,30.5,1496,Fury Cutter,X-Scissor,Cross Poison,10,9,3,50000
Decidueye,75,724,grass,ghost,127.8,115.2,119,1751985,20,1496,Leafage,Frenzy Plant,Spirit Shackle,6,5,3,10000
Lugia (Shadow),75,249,psychic,flying,104.2,164.3,124,2122887,14.5,1487,Dragon Tail,Fly,Aeroblast,4,7,20,100000
Pinsir (Shadow),75,127,bug,none,139.6,112.6,102,1603334,18.5,1496,Fury Cutter,Close Combat,X-Scissor,12,10,5,75000
Articuno (Galarian),74.9,144,psychic,flying,134.1,110.9,112,1665629,15.5,1494,Psycho Cut,Fly,Brave Bird,5,7,20,100000
Bayleef,74.9,153,grass,none,105.5,141.5,142,2119812,49.5,1495,Magical Leaf,Ancient Power,Energy Ball,5,5,3,10000
Electabuzz (Shadow),74.9,125,electric,none,132.1,112.5,114,1694182,24,1495,Thunder Shock,Thunder Punch,Thunderbolt,5,7,5,75000
Regice,74.9,378,ice,none,104.5,179.9,114,2143149,17.5,1496,Lock On,Blizzard,Thunder,15,12,20,100000
Rhyperior,74.9,464,ground,rock,126.7,104.5,134,1774180,15,1499,Mud Slap,Drill Run,Rock Wrecker,4,5,3,50000
Wyrdeer,74.9,899,normal,psychic,126.6,95.5,146,1765184,20,1494,Confusion,Stomp,Wild Charge,3,4,5,75000
Delphox,74.8,655,fire,psychic,132.6,115.6,110,1686142,18,1495,Fire Spin,Psyshock,Blast Burn,4,5,3,10000
Nidoking,74.8,34,poison,ground,129.4,105.2,127,1728836,21.5,1495,Fury Cutter,Sand Tomb,Earth Power,10,13,3,50000
Pawmo,74.8,922,electric,fighting,136.1,81.5,142,1575085,50,1464,Thunder Shock,Wild Charge,Thunder Punch,5,5,3,75000
Eelektrik,74.7,603,electric,none,122.3,110.0,136,1829608,35.5,1495,Acid,Discharge,Crunch,5,6,1,10000
Golduck (Shadow),74.7,55,water,none,124.1,112.1,129,1794598,22.5,1492,Confusion,Cross Chop,Liquidation,3,4,3,50000
Grimer (Alolan) (Shadow),74.7,88,poison,dark,122.7,86.8,171,1821212,49,1494,Poison Jab,Crunch,Sludge Bomb,7,8,3,50000
Heatran,74.7,485,fire,steel,132.9,112.2,113,1684986,15,1496,Fire Spin,Magma Storm,Earth Power,4,5,20,100000
Hitmonlee (Shadow),74.7,106,fighting,none,141.8,118.9,94,1584842,21.5,1499,Low Kick,Blaze Kick,Brick Break,5,5,5,75000
Magby,74.7,240,fire,none,139.4,95.7,120,1600870,50,1493,Karate Chop,Fire Punch,Brick Break,5,5,5,10000
Pumpkaboo (Small),74.6,710,ghost,grass,115.1,116.8,119,1599798,50,1356,Astonish,Grass Knot,Foul Play,5,4,5,75000
Sandaconda,74.6,844,ground,none,123.0,132.0,112,1818432,20,1495,Mud Slap,Earth Power,Wrap,5,5,3,50000
Emboar,74.5,500,fire,fighting,137.8,80.4,147,1628631,18.5,1498,Ember,Blast Burn,Heat Wave,6,5,3,10000
Golett,74.5,622,ground,ghost,119.3,89.9,141,1512235,50,1343,Astonish,Shadow Punch,Brick Break,4,4,5,75000
Hatterene,74.5,858,psychic,fairy,142.1,115.0,96,1568784,19.5,1493,Psycho Cut,Psyshock,Power Whip,5,6,5,50000
Hydrapple,74.5,1019,grass,dragon,122.2,110.7,136,1839745,17,1499,Dragon Tail,Seed Bomb,Outrage,4,5,5,75000
Staravia (Shadow),74.5,397,normal,flying,131.9,91.5,135,1629295,50,1465,Wing Attack,Brave Bird,Fly,7,6,1,10000
Drifloon,74.4,425,ghost,flying,110.9,79.8,186,1646067,50,1351,Hex,Shadow Ball,Icy Wind,4,4,5,75000
Electabuzz,74.4,125,electric,none,130.8,113.2,115,1702754,24,1492,Thunder Shock,Thunder Punch,Return,5,8,5,75000
Staraptor,74.4,398,normal,flying,140.3,90.8,125,1592405,19.5,1494,Wing Attack,Fly,Close Combat,6,6,1,10000
Aerodactyl,74.3,142,rock,flying,134.4,103.3,120,1666022,20,1496,Dragon Breath,Rock Slide,Earth Power,12,13,5,75000
Metagross,74.3,376,steel,psychic,132.7,122.0,104,1683698,14.5,1494,Shadow Claw,Meteor Mash,Earthquake,6,9,5,75000
Moltres (Shadow),74.3,146,fire,flying,139.9,102.0,112,1598218,15.5,1495,Wing Attack,Fly,Heat Wave,6,6,20,100000
Muk (Alolan) (Shadow),74.3,89,poison,dark,115.8,111.7,148,1914359,20,1488,Poison Jab,Dark Pulse,Acid Spray,8,7,3,50000
Pancham,74.3,674,fighting,none,123.3,99.3,149,1824310,47.5,1499,Low Kick,Body Slam,Crunch,5,6,3,50000
Sawk (Shadow),74.3,539,fighting,none,140.3,97.3,117,1597189,20,1496,Low Kick,Brick Break,Body Slam,5,5,5,75000
Staraptor (Shadow),74.3,398,normal,flying,140.3,90.8,125,1592405,19.5,1494,Wing Attack,Fly,Close Combat,6,6,1,10000
Wormadam (Sandy),74.3,413,bug,ground,110.0,144.8,128,2038784,34.5,1497,Sucker Punch,Bug Buzz,Bulldoze,9,7,1,10000
Emboar (Shadow),74.2,500,fire,fighting,137.8,80.4,147,1628631,18.5,1498,Ember,Blast Burn,Heat Wave,6,5,3,10000
Magmortar,74.2,467,fire,none,140.8,104.5,108,1589069,17.5,1495,Karate Chop,Fire Punch,Thunderbolt,5,7,5,75000
Ponyta (Shadow),74.2,77,fire,none,133.5,108.2,116,1675585,36,1495,Ember,Flame Wheel,Stomp,5,5,3,50000
Serperior (Shadow),74.2,497,grass,none,110.2,142.2,130,2037157,25,1498,Vine Whip,Frenzy Plant,Leaf Tornado,6,5,3,10000
Slowpoke (Galarian),74.2,79,psychic,none,104.1,94.9,186,1837511,50,1383,Confusion,Psyshock,Surf,3,4,3,50000
Slowpoke (Shadow),74.2,79,water,psychic,104.1,94.9,186,1837511,50,1383,Confusion,Psyshock,Water Pulse,3,4,3,50000
Swadloon,74.2,541,bug,grass,106.7,146.2,135,2105938,50,1499,Bug Bite,Energy Ball,Silver Wind,15,15,1,10000
Swellow,74.2,277,normal,flying,135.9,99.9,121,1642746,29,1494,Wing Attack,Brave Bird,Aerial Ace,7,6,1,10000
Charmeleon (Shadow),74.1,5,fire,none,126.6,109.4,128,1772805,38.5,1498,Ember,Fire Punch,Flamethrower,5,7,3,10000
Manectric,74.1,310,electric,none,142.4,91.3,121,1573136,23.5,1496,Thunder Fang,Psychic Fangs,Wild Charge,6,8,3,50000
Moltres,74.1,146,fire,flying,136.7,103.6,115,1628644,16,1492,Wing Attack,Fly,Heat Wave,6,6,20,100000
Scyther,74.1,123,bug,flying,134.8,109.4,113,1666425,20.5,1498,Fury Cutter,Night Slash,X-Scissor,9,10,5,75000
Weepinbell (Shadow),74.1,70,grass,poison,139.3,82.6,140,1610865,39.5,1497,Acid,Power Whip,Seed Bomb,7,5,3,50000
Absol (Shadow),74,359,dark,none,156.6,83.9,109,1432123,22,1497,Psycho Cut,Brutal Swing,Megahorn,4,7,5,75000
Ceruledge,74,937,fire,ghost,136.3,114.0,106,1647049,17.5,1498,Incinerate,Shadow Ball,Heat Wave,3,3,5,50000
Combusken,74,256,fire,fighting,130.3,100.8,131,1720585,37.5,1497,Ember,Rock Slide,Flame Charge,5,6,3,10000
Growlithe,74,58,fire,none,126.8,90.7,135,1552603,50,1403,Ember,Flame Wheel,Body Slam,5,4,3,50000
Linoone (Galarian),74,264,dark,normal,114.1,111.7,154,1962725,38.5,1496,Snarl,Body Slam,Dig,3,4,1,10000
Tauros (Combat),74,128,fighting,none,127.8,120.6,114,1757046,20,1498,Double Kick,Close Combat,Trailblaze,4,4,3,50000
Krookodile,73.9,553,ground,dark,133.1,98.0,129,1682650,18,1496,Mud Slap,Sand Tomb,Crunch,4,5,5,75000
Probopass,73.9,476,rock,steel,95.9,203.1,119,2317798,27.5,1490,Spark,Rock Slide,Zap Cannon,7,12,3,50000
Skarmory (Shadow),73.9,227,steel,flying,105.5,166.5,121,2125456,27,1497,Air Slash,Brave Bird,Sky Attack,7,6,5,75000
Tyrunt,73.9,696,rock,dragon,126.6,107.8,129,1760525,38.5,1492,Dragon Tail,Rock Tomb,Stomp,5,4,5,75000
Monferno,73.8,391,fire,fighting,129.6,96.0,139,1729382,42,1497,Ember,Flame Wheel,Low Sweep,5,5,3,10000
Mudsdale,73.8,750,ground,none,123.5,107.1,136,1798852,18,1490,Mud Slap,Body Slam,Earthquake,4,7,3,50000
Weezing (Shadow),73.8,110,poison,none,117.6,139.5,116,1903003,24.5,1495,Rollout,Sludge Bomb,Shadow Ball,4,4,3,50000
Wobbuffet,73.6,202,psychic,none,63.0,101.6,333,2131466,50,1158,Counter,Return,Mirror Coat,12,10,3,50000
Combusken (Shadow),73.5,256,fire,fighting,130.3,100.8,131,1720585,37.5,1497,Ember,Rock Slide,Flame Charge,5,6,3,10000
Grovyle,73.5,253,grass,none,136.3,103.2,117,1645741,36.5,1497,Quick Attack,Leaf Blade,Aerial Ace,5,6,3,10000
Mr. Mime,73.5,122,psychic,fairy,131.5,144.2,90,1706607,25,1498,Psywave,Shadow Ball,Psychic,13,14,5,75000
Aerodactyl (Shadow),73.4,142,rock,flying,134.4,103.3,120,1666022,20,1496,Dragon Breath,Rock Slide,Earth Power,12,13,5,75000
Houndstone,73.4,972,ghost,none,120.3,130.3,119,1865336,22,1497,Lick,Shadow Ball,Psychic Fangs,17,12,3,50000
Tangrowth,73.4,465,grass,none,120.7,112.7,136,1849993,18,1494,Vine Whip,Power Whip,Rock Slide,7,6,3,50000
Grafaiai,73.3,945,poison,normal,134.2,107.7,115,1662134,24.5,1493,Mud Slap,Poison Fang,Sludge Bomb,4,5,3,50000
Hitmontop (Shadow),73.3,237,fighting,none,121.2,149.8,102,1851888,26,1498,Counter,Close Combat,Triple Axel,8,8,5,75000
Landorus (Incarnate) (Shadow),73.3,645,ground,flying,140.2,100.8,113,1596934,15,1496,Mud Shot,Earth Power,Rock Slide,6,5,20,100000
Sandshrew (Shadow),73.3,27,ground,none,118.4,113.4,127,1705173,50,1420,Sand Attack,Sand Tomb,Rock Tomb,10,13,3,50000
Tauros (Blaze),73.3,128,fighting,fire,127.8,120.6,114,1757046,20,1498,Double Kick,Flame Charge,Trailblaze,5,4,3,50000
Volcanion,73.3,721,fire,water,135.5,117.4,103,1638493,15,1490,Incinerate,Scald,Overheat,3,3,20,100000
Croconaw,73.2,159,water,none,117.7,120.0,135,1906740,35.5,1498,Water Gun,Ice Punch,Water Pulse,14,17,3,10000
Kabuto,73.2,140,rock,water,134.4,129.4,96,1669571,49,1497,Mud Shot,Aqua Jet,Rock Tomb,5,6,5,75000
Kabuto (Shadow),73.2,140,rock,water,134.4,129.4,96,1669571,49,1497,Mud Shot,Aqua Jet,Rock Tomb,5,6,5,75000
Regieleki,73.2,894,electric,none,149.8,82.5,119,1470662,19.5,1484,Volt Switch,Thunder Cage,Hyper Beam,3,5,20,100000
Pidgeotto (Shadow),73.1,17,normal,flying,110.9,100.8,147,1643272,50,1349,Wing Attack,Air Cutter,Twister,5,5,1,10000
Armaldo,73,348,rock,bug,133.9,109.1,115,1679976,19.5,1499,Fury Cutter,Rock Blast,Liquidation,10,12,3,50000
Cryogonal,73,615,ice,none,115.8,137.9,121,1932227,20,1495,Ice Shard,Triple Axel,Night Slash,5,4,5,75000
Sandshrew,73,27,ground,none,118.4,113.4,127,1705173,50,1420,Sand Attack,Sand Tomb,Rock Tomb,10,13,3,50000
Slowking,73,199,water,psychic,113.4,120.9,144,1974249,22,1496,Confusion,Surf,Blizzard,4,6,3,50000
Bayleef (Shadow),72.9,153,grass,none,105.5,141.5,142,2119812,49.5,1495,Magical Leaf,Ancient Power,Energy Ball,5,5,3,10000
Elekid,72.9,239,electric,none,126.0,97.4,120,1472688,50,1362,Thunder Shock,Thunder Punch,Brick Break,5,5,5,10000
Smoochum,72.9,238,ice,psychic,141.1,89.0,120,1506948,50,1458,Powder Snow,Psyshock,Ice Punch,5,5,5,10000
Weepinbell,72.9,70,grass,poison,137.9,84.8,139,1625455,40.5,1497,Acid,Power Whip,Seed Bomb,7,5,3,50000
Hattrem,72.8,857,psychic,none,122.7,115.7,128,1817138,38.5,1493,Confusion,Psyshock,Dazzling Gleam,3,4,5,50000
Hitmonlee,72.8,106,fighting,none,141.8,118.9,94,1584842,21.5,1499,Low Kick,Blaze Kick,Brick Break,5,5,5,75000
Pyroar,72.8,668,fire,normal,135.0,97.9,126,1665279,20,1499,Incinerate,Flame Charge,Dark Pulse,3,3,3,10000
Absol,72.7,359,dark,none,156.6,83.9,109,1432123,22,1497,Psycho Cut,Brutal Swing,Megahorn,4,7,5,75000
Mantyke,72.7,458,water,flying,100.8,163.0,120,1971648,50,1409,Bubble,Water Pulse,Aerial Ace,5,5,5,10000
Landorus (Incarnate),72.6,645,ground,flying,140.2,100.8,113,1596934,15,1496,Mud Shot,Earth Power,Rock Slide,6,5,20,100000
Pinsir,72.6,127,bug,none,139.6,112.6,102,1603334,18.5,1496,Fury Cutter,Close Combat,X-Scissor,12,10,5,75000
Corsola,72.5,222,water,rock,108.5,142.0,134,2064538,49,1496,Bubble,Power Gem,Rock Blast,5,4,3,50000
Karrablast (Shadow),72.5,588,bug,none,127.7,85.7,127,1389874,50,1332,Fury Cutter,Drill Run,X-Scissor,10,10,3,50000
Sneasler (Shadow),72.5,903,fighting,poison,145.4,94.7,112,1542171,17,1497,Shadow Claw,Close Combat,X-Scissor,6,5,5,75000
Floette,72.4,670,fairy,none,114.2,134.5,128,1966067,44,1498,Vine Whip,Dazzling Gleam,Petal Blizzard,7,9,3,50000
Haunter (Shadow),72.4,93,ghost,poison,161.1,85.5,101,1391179,28,1497,Shadow Claw,Ice Punch,Shadow Ball,5,7,3,50000
Sneasler,72.4,903,fighting,poison,145.4,94.7,112,1542171,17,1497,Shadow Claw,Close Combat,X-Scissor,6,5,5,75000
Dialga (Shadow),72.3,483,steel,dragon,139.4,107.0,106,1581075,13.5,1484,Dragon Breath,Iron Head,Thunder,13,15,20,100000
Durant,72.3,632,bug,steel,135.2,122.4,100,1654848,21,1495,Bug Bite,X-Scissor,Stone Edge,14,19,3,50000
Leafeon,72.3,470,grass,none,128.1,133.9,102,1749564,19,1497,Quick Attack,Leaf Blade,Energy Ball,5,6,5,75000
Pignite,72.3,499,fire,fighting,127.3,87.0,158,1749866,29,1492,Ember,Rock Tomb,Flame Charge,6,6,3,10000
Tyrantrum,72.3,697,rock,dragon,129.0,115.1,116,1722356,17.5,1490,Dragon Tail,Rock Tomb,Crunch,5,4,5,75000
Beartic,72.2,614,ice,none,135.4,94.0,130,1654588,18,1496,Powder Snow,Ice Punch,Liquidation,5,6,3,50000
Pidgeotto,72.2,17,normal,flying,110.9,100.8,147,1643272,50,1349,Wing Attack,Air Cutter,Twister,5,5,1,10000
Zebstrika (Shadow),72.2,523,electric,none,137.7,95.4,124,1628936,23,1497,Low Kick,Wild Charge,Discharge,6,5,3,50000
Carkol,72.1,838,rock,fire,97.0,141.5,168,2305884,46.5,1495,Smack Down,Rock Slide,Flame Charge,6,7,3,10000
Espurr,72.1,677,psychic,none,113.4,108.3,145,1780777,50,1421,Confusion,Psyshock,Energy Ball,3,4,3,50000
Prinplup,72.1,394,water,none,118.6,117.0,136,1887163,36.5,1496,Bubble,Icy Wind,Hydro Pump,5,7,3,10000
Tangrowth (Shadow),71.9,465,grass,none,120.7,112.7,136,1849993,18,1494,Vine Whip,Power Whip,Rock Slide,7,6,3,50000
Appletun,71.7,842,grass,dragon,116.5,102.5,161,1922541,23,1496,Astonish,Energy Ball,Outrage,5,6,5,75000
Geodude (Alolan) (Shadow),71.7,74,rock,electric,123.5,123.5,113,1723504,50,1458,Volt Switch,Rock Tomb,Rock Slide,4,3,1,10000
Mudbray,71.7,749,ground,none,129.8,98.6,134,1714970,29.5,1491,Mud Slap,Body Slam,Earthquake,4,7,3,50000
Chansey,71.6,113,normal,none,63.0,120.1,421,3185412,50,1416,Zen Headbutt,Dazzling Gleam,Psychic,10,10,5,75000
Flareon,71.6,136,fire,none,142.2,109.9,100,1562778,18,1490,Ember,Superpower,Heat Wave,5,5,5,75000
Sawk,71.6,539,fighting,none,140.3,97.3,117,1597189,20,1496,Low Kick,Brick Break,Body Slam,5,5,5,75000
Croconaw (Shadow),71.5,159,water,none,117.7,120.0,135,1906740,35.5,1498,Water Gun,Ice Punch,Water Pulse,14,17,3,10000
Metagross (Shadow),71.5,376,steel,psychic,132.7,122.0,104,1683698,14.5,1494,Shadow Claw,Meteor Mash,Earthquake,6,9,5,75000
Charmeleon,71.4,5,fire,none,126.6,109.4,128,1772805,38.5,1498,Ember,Fire Punch,Return,5,8,3,10000
Zebstrika,71.4,523,electric,none,137.7,95.4,124,1628936,23,1497,Low Kick,Wild Charge,Flame Charge,6,7,3,50000
Meowstic (Female),71.3,678,psychic,none,117.1,123.9,132,1915147,26,1497,Confusion,Shadow Ball,Energy Ball,4,4,3,50000
Growlithe (Hisuian),71.2,58,fire,rock,131.9,89.9,142,1683809,50,1490,Ember,Rock Slide,Flamethrower,5,7,3,50000
Mismagius,71.2,429,ghost,none,131.6,123.6,104,1691639,21,1492,Hex,Shadow Ball,Dazzling Gleam,4,5,3,50000
Bouffalant,71.1,626,normal,none,118.8,115.8,137,1884714,20,1496,Mud Shot,Stomp,Megahorn,5,7,3,50000
Floragato,71.1,907,grass,none,124.4,110.5,131,1800752,37,1496,Leafage,Energy Ball,Play Rough,6,8,3,10000
Ivysaur,71.1,2,grass,poison,118.7,121.0,131,1881514,37.5,1494,Vine Whip,Power Whip,Sludge Bomb,7,7,3,10000
Basculin,71,550,water,none,133.9,97.1,129,1677218,27,1498,Water Gun,Aqua Tail,Aqua Jet,12,14,1,10000
Scraggy,71,559,dark,fighting,120.2,122.7,126,1858316,49,1494,Feint Attack,Upper Hand,Foul Play,7,7,3,50000
Seviper,71,336,poison,none,137.5,90.0,131,1621125,26.5,1492,Poison Jab,Poison Fang,Wrap,6,7,3,50000
Misdreavus (Shadow),70.9,200,ghost,none,123.0,120.8,122,1812725,29,1493,Astonish,Shadow Sneak,Dark Pulse,5,5,3,50000
Ponyta,70.9,77,fire,none,133.5,108.2,116,1675585,36,1495,Ember,Flame Wheel,Stomp,5,5,3,50000
Probopass (Shadow),70.9,476,rock,steel,97.3,198.9,119,2303003,27.5,1496,Spark,Rock Slide,Zap Cannon,7,12,3,50000
Buneary,70.8,427,normal,none,121.8,100.8,135,1657454,50,1420,Quick Attack,Swift,Fire Punch,5,5,3,50000
Geodude (Alolan),70.8,74,rock,electric,123.5,123.5,113,1723504,50,1458,Volt Switch,Rock Tomb,Rock Slide,4,3,1,10000
Darumaka (Shadow),70.7,554,fire,none,131.9,82.3,157,1704293,50,1499,Fire Fang,Fire Punch,Flame Charge,7,9,3,50000
Espathra,70.7,956,psychic,none,131.7,89.9,143,1693096,22.5,1493,Confusion,Psyshock,Dazzling Gleam,3,4,3,50000
Cherrim (Sunshine),70.6,421,grass,none,121.8,116.2,130,1839911,27.5,1497,Bullet Seed,Weather Ball (Fire),Solar Beam,3,7,1,10000
Heatmor,70.6,631,fire,none,134.6,92.6,134,1670171,23.5,1499,Fire Spin,Thunder Punch,Flamethrower,4,6,3,50000
Sharpedo (Shadow),70.6,319,water,dark,166.6,64.0,126,1343462,25.5,1496,Waterfall,Crunch,Poison Fang,5,4,3,50000
Shellos,70.6,422,water,none,99.1,100.8,166,1658220,50,1281,Mud Slap,Body Slam,Water Pulse,4,5,3,50000
Mismagius (Shadow),70.5,429,ghost,none,131.6,123.6,104,1691639,21,1492,Hex,Shadow Ball,Dazzling Gleam,4,5,3,50000
Tyrantrum (Shadow),70.5,697,rock,dragon,129.0,115.1,116,1722356,17.5,1490,Dragon Tail,Crunch,Rock Tomb,4,5,5,75000
Tyrunt (Shadow),70.5,696,rock,dragon,126.6,107.8,129,1760525,38.5,1492,Dragon Tail,Rock Tomb,Stomp,5,4,5,75000
Ho-Oh,70.4,250,fire,flying,122.9,128.4,114,1798961,14,1486,Incinerate,Brave Bird,Sacred Fire,3,4,20,100000
Darumaka,70.3,554,fire,none,131.9,82.3,157,1704293,50,1499,Fire Fang,Fire Punch,Flame Charge,7,9,3,50000
Grovyle (Shadow),70.3,253,grass,none,136.3,103.2,117,1645741,36.5,1497,Bullet Seed,Leaf Blade,Aerial Ace,3,4,3,10000
Karrablast,70.3,588,bug,none,127.7,85.7,127,1389874,50,1332,Fury Cutter,Drill Run,X-Scissor,10,10,3,50000
Mienfoo,70.3,619,fighting,none,142.7,93.2,118,1569358,47,1496,Low Kick,Brick Break,High Jump Kick,5,7,3,50000
Misdreavus,70.3,200,ghost,none,123.0,120.8,122,1812725,29,1493,Psywave,Shadow Sneak,Dark Pulse,13,13,3,50000
Aggron,70.2,306,steel,rock,116.6,155.7,106,1924390,18.5,1497,Dragon Tail,Rock Tomb,Thunder,5,5,1,10000
Dolliv,70.2,929,grass,normal,118.4,122.6,130,1887059,50,1494,Magical Leaf,Earth Power,Trailblaze,5,5,3,50000
Ninjask,70.2,291,bug,flying,144.7,88.4,121,1547769,28.5,1496,Fury Cutter,Shadow Ball,Aerial Ace,13,12,5,75000
Mankey (Shadow),70.1,56,fighting,none,136.9,81.5,113,1260781,50,1313,Karate Chop,Cross Chop,Brick Break,4,5,3,50000
Alakazam (Shadow),70,65,psychic,none,155.8,101.4,91,1437629,18,1496,Psycho Cut,Fire Punch,Shadow Ball,5,6,3,50000
Zoroark,70,571,dark,none,157.3,87.9,103,1424147,21.5,1496,Shadow Claw,Foul Play,Sludge Bomb,5,7,5,75000
Hitmonchan (Shadow),69.9,107,fighting,none,128.9,137.4,98,1735664,24,1495,Counter,Ice Punch,Thunder Punch,7,7,5,75000
Rotom,69.9,479,electric,ghost,132.4,120.4,106,1689742,27.5,1495,Astonish,Thunderbolt,Ominous Wind,6,5,5,75000
Sneasel (Shadow),69.9,215,dark,ice,133.9,111.7,111,1660186,27,1490,Ice Shard,Avalanche,Foul Play,5,4,3,50000
Eldegoss,69.8,830,grass,none,108.4,160.4,119,2069096,28.5,1497,Bullet Seed,Energy Ball,Grass Knot,4,4,3,50000
Gothitelle,69.8,576,psychic,none,115.3,140.9,119,1933247,23,1492,Confusion,Rock Slide,Future Sight,4,5,3,50000
Honchkrow,69.8,430,dark,flying,149.9,68.9,145,1497576,20.5,1498,Peck,Brave Bird,Dark Pulse,7,7,3,50000
Huntail,69.8,367,water,none,130.8,125.6,104,1708562,23.5,1494,Water Gun,Aqua Tail,Crunch,12,15,3,50000
Luxray,69.8,405,electric,none,138.0,98.9,119,1624136,19,1497,Spark,Wild Charge,Psychic Fangs,7,5,5,75000
Mewtwo (Shadow),69.8,150,psychic,none,147.3,94.4,106,1473943,13,1473,Psycho Cut,Psystrike,Thunderbolt,5,7,20,100000
Poliwhirl,69.8,61,water,none,114.2,115.9,148,1958895,50,1495,Bubble,Scald,Mud Bomb,5,5,3,50000
Quilava,69.8,156,fire,none,126.6,109.4,128,1772805,38.5,1498,Ember,Flame Charge,Dig,6,6,3,10000
Exploud,69.7,295,normal,none,119.7,99.4,157,1868014,24,1495,Astonish,Crunch,Disarming Voice,5,5,1,10000
Cloyster,69.6,91,water,ice,119.0,169.7,93,1878070,22,1494,Ice Shard,Icy Wind,Liquidation,5,5,3,50000
Jolteon,69.6,135,electric,none,137.4,114.7,103,1623257,19,1493,Thunder Shock,Discharge,Last Resort,5,7,5,75000
Slowking (Shadow),69.6,199,water,psychic,113.4,120.9,144,1974249,22,1496,Confusion,Surf,Blizzard,4,6,3,50000
Torracat,69.6,726,fire,none,135.5,89.8,135,1642666,35,1491,Ember,Flame Charge,Crunch,6,5,3,10000
Crobat,69.5,169,poison,flying,121.2,118.1,129,1846470,21,1495,Air Slash,Poison Fang,Shadow Ball,5,6,1,10000
Espeon,69.5,196,psychic,none,148.0,105.6,97,1515994,17.5,1497,Confusion,Psychic Fangs,Shadow Ball,3,4,5,75000
Sneasel (Hisuian),69.4,215,fighting,poison,133.9,111.7,111,1660186,27,1490,Poison Jab,Close Combat,X-Scissor,7,6,3,50000
Dustox,69.3,269,bug,poison,94.9,148.7,142,2003851,50,1379,Confusion,Silver Wind,Sludge Bomb,4,4,1,10000
Grapploct,69.3,853,fighting,none,130.3,107.1,123,1716481,21,1495,Waterfall,Superpower,Ice Punch,4,4,3,50000
Houndour (Shadow),69.3,228,dark,fire,140.3,82.3,120,1385603,50,1394,Ember,Crunch,Flamethrower,5,7,3,50000
Mankey,69.3,56,fighting,none,136.9,81.5,113,1260781,50,1313,Karate Chop,Cross Chop,Brick Break,4,5,3,50000
Oddish (Shadow),69.3,43,grass,poison,122.6,106.7,120,1569770,50,1387,Acid,Seed Bomb,Sludge Bomb,5,7,3,50000
Vanillish,69.3,583,ice,none,123.6,120.5,122,1817044,40.5,1498,Astonish,Icy Wind,Signal Beam,5,6,3,50000
Frosmoth,69.2,873,ice,bug,141.5,101.0,111,1586356,20.5,1498,Powder Snow,Icy Wind,Bug Buzz,6,8,5,75000
Hitmonchan,69.2,107,fighting,none,128.9,137.4,98,1735664,24,1495,Counter,Ice Punch,Thunder Punch,7,7,5,75000
Nidorino,69.2,33,poison,none,123.3,104.3,141,1813287,47.5,1495,Poison Sting,Sludge Bomb,Dig,6,6,3,50000
Pignite (Shadow),69.2,499,fire,fighting,127.3,87.0,158,1749866,29,1492,Ember,Rock Tomb,Flame Charge,6,6,3,10000
Urshifu (Rapid Strike),69.1,892,fighting,water,136.5,97.7,121,1613662,15,1484,Counter,Aqua Jet,Dynamic Punch,7,8,20,100000
Grotle (Shadow),68.9,388,grass,none,117.8,114.8,141,1906805,30,1498,Razor Leaf,Energy Ball,Body Slam,12,9,3,10000
Bisharp,68.8,625,dark,steel,139.8,109.7,105,1610286,19.5,1500,Snarl,Dark Pulse,X-Scissor,4,4,5,75000
Chandelure (Shadow),68.7,609,ghost,fire,151.4,105.2,93,1481237,17,1497,Incinerate,Shadow Ball,Energy Ball,3,3,5,75000
Exploud (Shadow),68.7,295,normal,none,119.7,99.4,157,1868014,24,1495,Astonish,Crunch,Disarming Voice,5,5,1,10000
Buzzwole,68.6,794,bug,fighting,128.2,111.6,122,1745469,16,1495,Counter,Superpower,Lunge,7,8,20,100000
Chandelure,68.6,609,ghost,fire,151.4,105.2,93,1481237,17,1497,Incinerate,Shadow Ball,Energy Ball,3,3,5,75000
Meowstic (Male),68.6,678,psychic,none,117.1,123.9,132,1915147,26,1497,Confusion,Energy Ball,Thunderbolt,4,4,3,50000
Sneasel (Hisuian) (Shadow),68.6,215,fighting,poison,133.9,111.7,111,1660186,27,1490,Poison Jab,Close Combat,X-Scissor,7,6,3,50000
Oddish,68.5,43,grass,poison,122.6,106.7,120,1569770,50,1387,Acid,Seed Bomb,Sludge Bomb,5,7,3,50000
Omanyte,68.5,138,rock,water,128.0,135.2,101,1747866,43,1495,Mud Shot,Rock Tomb,Rock Blast,6,5,5,75000
Kubfu,68.4,891,fighting,none,136.5,95.5,125,1629469,34.5,1491,Counter,Close Combat,Brick Break,8,7,20,100000
Sharpedo,68.4,319,water,dark,166.6,64.0,126,1343462,25.5,1496,Waterfall,Crunch,Poison Fang,5,4,3,50000
Skrelp,68.4,690,poison,water,104.1,104.1,127,1376275,50,1196,Acid,Aqua Tail,Twister,5,5,3,50000
Darmanitan (Standard),68.3,555,fire,none,149.7,72.0,138,1487419,17.5,1492,Incinerate,Rock Slide,Overheat,3,3,3,50000
Drakloak,68.3,886,dragon,ghost,130.3,93.1,142,1722592,37.5,1498,Dragon Tail,Shadow Ball,Outrage,5,5,5,75000
Gloom,68.2,44,grass,poison,121.3,115.9,131,1841686,37,1494,Acid,Sludge Bomb,Moonblast,7,8,3,50000
Regice (Shadow),68.2,378,ice,none,105.7,178.4,111,2093114,17,1487,Lock On,Blizzard,Thunder,15,12,20,100000
Alakazam,68.1,65,psychic,none,155.8,101.4,91,1437629,18,1496,Psycho Cut,Fire Punch,Shadow Ball,5,6,3,50000
Delcatty,68.1,301,normal,none,111.9,116.8,153,1999698,46.5,1495,Charm,Wild Charge,Disarming Voice,6,6,3,50000
Poipole,68.1,803,poison,none,119.7,113.5,137,1861275,36,1492,Peck,Sludge Bomb,Fell Stinger,7,5,20,100000
Quilava (Shadow),68.1,156,fire,none,126.6,109.4,128,1772805,38.5,1498,Ember,Flame Charge,Dig,6,6,3,10000
Tauros,68.1,128,normal,none,125.1,119.5,120,1793934,21.5,1498,Tackle,Trailblaze,Horn Attack,15,12,3,50000
Darmanitan (Standard) (Shadow),68,555,fire,none,149.7,72.0,138,1487419,17.5,1492,Incinerate,Rock Slide,Overheat,3,3,3,50000
Teddiursa (Shadow),68,216,normal,none,131.5,90.4,142,1688039,49.5,1489,Lick,Swift,Cross Chop,12,12,3,50000
Trapinch (Shadow),68,328,ground,none,148.7,78.1,120,1393616,50,1439,Sand Attack,Sand Tomb,Crunch,10,12,5,75000
Honchkrow (Shadow),67.9,430,dark,flying,149.9,68.9,145,1497576,20.5,1498,Peck,Brave Bird,Dark Pulse,7,7,3,50000
Polteageist,67.9,855,ghost,none,142.8,115.6,95,1568230,18,1496,Hex,Shadow Ball,Dark Pulse,4,4,3,50000
Krokorok,67.8,552,ground,dark,134.0,87.9,142,1672561,49.5,1497,Mud Slap,Crunch,Earthquake,5,7,5,75000
Mesprit,67.8,481,psychic,none,123.5,128.0,114,1802112,18,1491,Confusion,Swift,Future Sight,3,5,20,100000
Arbok,67.7,24,poison,none,123.7,120.1,122,1812477,29,1497,Acid,Dark Pulse,Sludge Wave,7,9,3,50000
Exeggutor (Shadow),67.7,103,grass,psychic,136.1,92.5,131,1649192,18.5,1498,Confusion,Seed Bomb,Psychic,3,4,3,50000
Granbull (Shadow),67.6,210,fairy,none,135.3,88.3,139,1660632,22,1498,Charm,Close Combat,Crunch,6,6,3,50000
Stoutland,67.6,508,normal,none,123.8,116.2,125,1798195,19.5,1492,Sand Attack,Wild Charge,Crunch,12,12,1,10000
Exeggutor (Alolan),67.5,103,grass,dragon,134.4,94.8,131,1669087,18.5,1497,Dragon Tail,Seed Bomb,Draco Meteor,4,6,3,50000
Minun,67.5,312,electric,none,116.3,127.0,130,1920113,36.5,1494,Quick Attack,Thunderbolt,Grass Knot,7,7,3,50000
Nuzleaf (Shadow),67.5,274,grass,dark,125.2,78.1,157,1535165,50,1386,Feint Attack,Leaf Blade,Foul Play,6,7,3,50000
Porygon,67.5,137,normal,none,120.0,115.4,135,1869480,35.5,1497,Quick Attack,Discharge,Hyper Beam,5,10,3,50000
Prinplup (Shadow),67.5,394,water,none,118.6,117.0,136,1887163,36.5,1496,Bubble,Icy Wind,Hydro Pump,5,7,3,10000
Herdier,67.4,507,normal,none,118.8,111.6,142,1882647,41.5,1495,Sand Attack,Dig,Thunderbolt,13,14,1,10000
Omanyte (Shadow),67.4,138,rock,water,128.0,135.2,101,1747866,43,1495,Mud Shot,Rock Tomb,Rock Blast,6,5,5,75000
Zygarde (10% Forme),67.4,718,dragon,ground,138.1,119.1,98,1611876,22.5,1491,Dragon Tail,Crunch,Earthquake,4,6,20,100000
Graveler (Shadow),67.3,75,rock,ground,122.6,129.8,115,1830050,29.5,1497,Mud Slap,Rock Slide,Dig,5,5,1,10000
Darumaka (Galarian),67.2,554,ice,none,131.9,82.3,157,1704293,50,1499,Ice Fang,Ice Punch,Ice Beam,7,10,3,50000
Gothorita,67.2,575,psychic,none,112.2,132.7,134,1995118,40,1496,Confusion,Future Sight,Psychic,5,4,3,50000
Rillaboom,67.1,812,grass,none,132.4,99.3,129,1696004,16.5,1498,Razor Leaf,Drum Beating,Earth Power,9,13,3,10000
Ivysaur (Shadow),67,2,grass,poison,119.8,121.3,129,1874594,37,1498,Vine Whip,Power Whip,Sludge Bomb,7,7,3,10000
Klawf,67,950,rock,none,121.0,128.1,119,1844512,23,1493,Mud Slap,Bulldoze,Rock Tomb,5,5,3,75000
Rhyhorn (Shadow),67,111,ground,rock,112.5,111.0,159,1985512,38.5,1494,Mud Slap,Bulldoze,Stomp,5,4,3,50000
Rotom (Mow),67,479,electric,grass,128.8,144.9,93,1735670,21.5,1495,Thunder Shock,Ominous Wind,Leaf Storm,5,7,5,75000
Kyogre (Shadow),66.9,382,water,none,133.9,116.5,104,1622332,13,1473,Waterfall,Avalanche,Surf,5,5,20,100000
Poliwhirl (Shadow),66.9,61,water,none,114.2,115.9,148,1958895,50,1495,Bubble,Scald,Mud Bomb,5,5,3,50000
Raboot,66.9,814,fire,none,128.8,103.7,130,1736353,31.5,1495,Fire Spin,Flame Charge,Flamethrower,5,6,3,10000
Snover,66.9,459,grass,ice,109.2,100.8,142,1563045,50,1306,Powder Snow,Energy Ball,Ice Beam,6,7,3,50000
Exeggutor (Alolan) (Shadow),66.8,103,grass,dragon,134.4,94.8,131,1669087,18.5,1497,Dragon Tail,Seed Bomb,Draco Meteor,4,6,3,50000
Sneasel,66.8,215,dark,ice,133.9,111.7,111,1660186,27,1490,Ice Shard,Avalanche,Foul Play,5,4,3,50000
Breloom,66.7,286,grass,fighting,149.9,96.7,103,1493019,21,1496,Force Palm,Dynamic Punch,Grass Knot,5,5,3,50000
Brionne,66.7,729,water,none,125.8,117.0,121,1780951,30,1496,Charm,Aqua Jet,Disarming Voice,5,6,3,10000
Honedge,66.6,679,steel,ghost,122.1,127.0,118,1829791,47,1494,Psycho Cut,Gyro Ball,Iron Head,6,6,5,75000
Houndoom,66.6,229,dark,fire,139.5,97.3,118,1601655,21,1494,Fire Fang,Foul Play,Flamethrower,7,10,3,50000
Spritzee,66.6,682,fairy,none,105.0,107.5,168,1896300,50,1411,Charm,Thunderbolt,Draining Kiss,7,7,3,50000
Cloyster (Shadow),66.5,91,water,ice,119.0,169.7,93,1878070,22,1494,Ice Shard,Icy Wind,Liquidation,5,5,3,50000
Goldeen,66.5,118,water,none,115.9,105.0,120,1460340,50,1300,Peck,Aqua Tail,Horn Attack,5,5,3,50000
Houndour,66.5,228,dark,fire,140.3,82.3,120,1385603,50,1394,Ember,Crunch,Flamethrower,5,7,3,50000
Purugly,66.5,432,normal,none,125.5,105.5,134,1774194,28.5,1492,Shadow Claw,Aerial Ace,Thunder,6,8,3,50000
Ho-Oh (Shadow),66.4,250,fire,flying,123.4,126.4,113,1762547,14,1474,Incinerate,Brave Bird,Sacred Fire,3,4,20,100000
Sudowoodo,66.4,185,rock,none,117.1,130.1,126,1919573,26,1499,Counter,Meteor Beam,Trailblaze,10,8,5,75000
Dugtrio (Alolan) (Shadow),66.3,51,ground,steel,148.1,112.9,90,1504844,29,1492,Mud Slap,Mud Bomb,Iron Head,5,5,3,50000
Haxorus,66.3,612,dragon,none,151.4,95.1,103,1483008,15.5,1498,Dragon Tail,Breaking Swipe,Surf,5,4,5,75000
Pineco,66.3,204,bug,none,103.3,115.1,127,1510008,50,1248,Bug Bite,Rock Tomb,Sand Tomb,17,14,5,75000
Duraludon,66.2,884,steel,dragon,137.7,112.2,105,1622244,18,1494,Dragon Tail,Dragon Claw,Flash Cannon,5,6,5,75000
Grotle,66.2,388,grass,none,117.8,114.8,141,1906805,30,1498,Razor Leaf,Body Slam,Energy Ball,9,12,3,10000
Tirtouga,66.2,564,water,rock,114.3,132.4,130,1967332,46.5,1499,Water Gun,Surf,Ancient Power,15,15,5,75000
Oricorio (Pom-Pom),66.1,741,electric,flying,130.8,102.0,128,1707725,24,1494,Air Slash,Air Cutter,Hurricane,4,7,3,75000
Snover (Shadow),66.1,459,grass,ice,109.2,100.8,142,1563045,50,1306,Powder Snow,Energy Ball,Ice Beam,6,7,3,50000
Carnivine,66,455,grass,none,130.1,101.8,130,1721743,25.5,1496,Vine Whip,Energy Ball,Crunch,6,6,5,75000
Dugtrio,66,51,ground,none,136.7,120.0,100,1640400,41,1497,Sucker Punch,Mud Bomb,Stone Edge,7,8,3,50000
Entei (Shadow),66,244,fire,none,128.8,95.1,139,1702594,15.5,1480,Fire Fang,Flame Charge,Scorching Sands,9,9,20,100000
Graveler,66,75,rock,ground,121.4,130.9,116,1843386,30,1495,Mud Slap,Rock Slide,Dig,5,5,1,10000
Ambipom (Shadow),65.9,424,normal,none,133.8,100.5,124,1667416,23,1493,Astonish,Aerial Ace,Low Sweep,5,4,3,50000
Banette,65.9,354,ghost,none,145.2,92.2,115,1539556,24,1495,Shadow Claw,Shadow Ball,Dazzling Gleam,7,7,3,50000
Nuzleaf,65.9,274,grass,dark,125.2,78.1,157,1535165,50,1386,Feint Attack,Leaf Blade,Foul Play,6,7,3,50000
Nidorino (Shadow),65.8,33,poison,none,123.3,104.3,141,1813287,47.5,1495,Poison Sting,Sludge Bomb,Dig,6,6,3,50000
Revavroom,65.8,966,steel,poison,135.6,102.4,119,1652367,19,1496,Metal Sound,Overheat,Gyro Ball,7,7,3,50000
Trapinch,65.8,328,ground,none,148.7,78.1,120,1393616,50,1439,Sand Attack,Sand Tomb,Crunch,10,12,5,75000
Exeggutor,65.7,103,grass,psychic,136.1,92.5,131,1649192,18.5,1498,Confusion,Seed Bomb,Psychic,3,4,3,50000
Falinks,65.7,870,fighting,none,127.5,119.1,115,1746304,23.5,1492,Counter,Superpower,Megahorn,7,10,5,75000
Mr. Mime (Galarian),65.7,122,ice,psychic,130.4,127.0,104,1722323,27,1498,Confusion,Ice Punch,Triple Axel,3,4,5,75000
Tentacool,65.7,72,water,poison,94.1,137.8,113,1465269,50,1174,Poison Sting,Wrap,Water Pulse,5,6,3,50000
Watchog (Shadow),65.7,505,normal,none,125.1,114.0,125,1782675,31.5,1493,Low Kick,Crunch,Hyper Fang,6,7,1,10000
Comfey,65.6,764,fairy,none,116.2,157.4,105,1920437,26.5,1493,Vine Whip,Grass Knot,Draining Kiss,7,7,3,50000
Crobat (Shadow),65.6,169,poison,flying,121.2,118.1,129,1846470,21,1495,Air Slash,Poison Fang,Shadow Ball,5,6,1,10000
Arboliva,65.4,930,grass,normal,129.2,116.6,115,1732443,18.5,1496,Magical Leaf,Earth Power,Trailblaze,5,5,3,50000
Cursola,65.4,864,ghost,none,145.6,111.0,95,1535352,18,1495,Astonish,Night Shade,Power Gem,5,5,3,50000
Dugtrio (Shadow),65.4,51,ground,none,136.7,120.0,100,1640400,41,1497,Sucker Punch,Mud Bomb,Stone Edge,7,8,3,50000
Teddiursa,65.4,216,normal,none,131.5,90.4,142,1688039,49.5,1489,Lick,Swift,Cross Chop,12,12,3,50000
Klinklang,65.3,601,steel,none,124.2,139.5,104,1801894,21,1495,Metal Sound,Mirror Shot,Flash Cannon,5,9,5,75000
Weavile,65.3,461,dark,ice,141.9,105.1,106,1580851,18.5,1497,Snarl,Avalanche,Foul Play,4,4,3,50000
Wobbuffet (Shadow),65.3,202,psychic,none,63.0,101.6,333,2131466,50,1158,Counter,Mirror Coat,Frustration,10,12,3,50000
Arbok (Shadow),65.1,24,poison,none,123.7,120.1,122,1812477,29,1497,Acid,Dark Pulse,Sludge Wave,7,9,3,50000
Bonsly,65.1,438,rock,none,116.8,124.3,127,1843816,50,1467,Rock Throw,Rock Tomb,Rock Slide,10,9,5,10000
Clamperl,65.1,366,water,none,124.3,126.0,105,1644489,50,1429,Water Gun,Body Slam,Water Pulse,12,17,3,50000
Vileplume,65.1,45,grass,poison,128.8,112.7,120,1741891,21.5,1497,Acid,Sludge Bomb,Petal Blizzard,7,9,3,50000
Cubone (Shadow),65,104,ground,none,88.2,133.6,127,1496507,50,1148,Mud Slap,Bone Club,Dig,4,5,3,50000
Dugtrio (Alolan),65,51,ground,steel,148.1,112.9,90,1504844,29,1492,Mud Slap,Mud Bomb,Iron Head,5,5,3,50000
Heliolisk,65,695,electric,normal,138.1,112.1,105,1625506,21.5,1498,Volt Switch,Breaking Swipe,Parabolic Charge,4,4,3,50000
Jynx,65,124,ice,psychic,141.2,102.2,110,1587370,21.5,1497,Confusion,Avalanche,Psyshock,4,3,5,75000
Omastar,65,139,rock,water,126.6,128.4,109,1771843,20,1497,Mud Shot,Rock Slide,Hydro Pump,5,9,5,75000
Gothitelle (Shadow),64.9,576,psychic,none,115.3,140.9,119,1933247,23,1492,Confusion,Rock Slide,Future Sight,4,5,3,50000
Tentacool (Shadow),64.9,72,water,poison,94.1,137.8,113,1465269,50,1174,Poison Sting,Wrap,Water Pulse,5,6,3,50000
Yanma,64.9,193,bug,flying,130.8,89.6,146,1711073,46.5,1496,Wing Attack,Silver Wind,Aerial Ace,6,6,3,50000
Stunky (Shadow),64.8,434,poison,dark,114.2,88.2,147,1480649,50,1300,Bite,Crunch,Trailblaze,23,23,3,50000
Watchog,64.8,505,normal,none,125.1,114.0,125,1782675,31.5,1493,Low Kick,Crunch,Grass Knot,6,7,1,10000
Aggron (Shadow),64.7,306,steel,rock,116.6,155.7,106,1924390,18.5,1497,Dragon Tail,Rock Tomb,Thunder,5,5,1,10000
Entei,64.7,244,fire,none,129.3,96.1,140,1739602,16,1499,Fire Fang,Flame Charge,Scorching Sands,9,9,20,100000
Omastar (Shadow),64.7,139,rock,water,126.6,128.4,109,1771843,20,1497,Mud Shot,Rock Slide,Hydro Pump,5,9,5,75000
Onix,64.7,95,rock,ground,84.0,207.5,105,1830150,50,1239,Rock Throw,Rock Slide,Sand Tomb,9,8,5,75000
Tsareena,64.7,763,grass,none,130.4,120.6,109,1714160,18.5,1495,Magical Leaf,Triple Axel,High Jump Kick,5,6,3,10000
Lycanroc (Midday),64.6,745,rock,none,142.7,93.1,118,1567674,20.5,1495,Sucker Punch,Drill Run,Stone Edge,6,8,5,50000
Purugly (Shadow),64.6,432,normal,none,125.5,105.5,134,1774194,28.5,1492,Shadow Claw,Aerial Ace,Thunder,6,8,3,50000
Rotom (Fan),64.6,479,electric,flying,128.8,144.9,93,1735670,21.5,1495,Astonish,Thunderbolt,Ominous Wind,6,5,5,75000
Rotom (Heat),64.6,479,electric,fire,128.8,144.9,93,1735670,21.5,1495,Thunder Shock,Overheat,Thunderbolt,7,7,5,75000
Silicobra,64.5,843,ground,none,99.1,115.9,131,1504625,50,1221,Mud Slap,Earth Power,Wrap,5,5,3,50000
Simisage,64.5,512,grass,none,135.9,95.8,126,1640422,23.5,1493,Vine Whip,Grass Knot,Crunch,7,6,3,50000
Gardevoir,64.4,282,psychic,fairy,136.5,115.6,104,1641058,18,1496,Confusion,Triple Axel,Shadow Ball,4,4,5,75000
Gloom (Shadow),64.4,44,grass,poison,121.3,115.9,131,1841686,37,1494,Acid,Sludge Bomb,Moonblast,7,8,3,50000
Granbull,64.4,210,fairy,none,135.3,88.3,139,1660632,22,1498,Charm,Close Combat,Crunch,6,6,3,50000
Groudon (Shadow),64.4,383,ground,none,133.9,116.5,104,1622332,13,1473,Mud Shot,Precipice Blades,Fire Punch,7,5,20,100000
Infernape,64.3,392,fire,fighting,136.6,100.4,119,1632042,20.5,1493,Fire Spin,Close Combat,Blast Burn,5,5,3,10000
Onix (Shadow),64.3,95,rock,ground,84.0,207.5,105,1830150,50,1239,Rock Throw,Rock Slide,Sand Tomb,9,8,5,75000
Ponyta (Galarian),64.3,77,psychic,none,133.5,108.2,116,1675585,36,1495,Psycho Cut,Swift,Play Rough,4,7,3,50000
Rhyhorn,64.3,111,ground,rock,112.5,111.0,159,1985512,38.5,1494,Mud Slap,Bulldoze,Stomp,5,4,3,50000
Blissey,64.2,242,normal,none,81.0,111.2,307,2765210,20.5,1496,Zen Headbutt,Wild Charge,Dazzling Gleam,8,10,5,75000
Luxio,64.2,404,electric,none,133.2,91.0,139,1684847,47.5,1498,Spark,Wild Charge,Crunch,7,7,5,75000
Persian (Alolan),64.2,53,dark,none,122.4,112.5,133,1831410,34,1497,Feint Attack,Foul Play,Play Rough,7,10,3,50000
Rotom (Wash),64.2,479,electric,water,128.8,144.9,93,1735670,21.5,1495,Thunder Shock,Thunderbolt,Hydro Pump,7,9,5,75000
Swellow (Shadow),64.1,277,normal,flying,135.9,99.9,121,1642746,29,1494,Wing Attack,Brave Bird,Sky Attack,7,7,1,10000
Drowzee,64,96,psychic,none,87.3,126.8,142,1571889,50,1171,Confusion,Psyshock,Return,3,5,3,50000
Diancie,63.8,719,rock,fairy,119.1,175.1,89,1856042,19.5,1486,Rock Throw,Rock Slide,Moonblast,9,12,20,100000
Seel,63.8,86,water,none,84.0,114.2,149,1429327,50,1095,Water Gun,Aqua Tail,Icy Wind,12,15,3,50000
Pineco (Shadow),63.7,204,bug,none,103.3,115.1,127,1510008,50,1248,Bug Bite,Rock Tomb,Sand Tomb,17,14,5,75000
Porygon2,63.7,233,normal,none,122.1,117.9,127,1828240,20.5,1494,Lock On,Tri Attack,Zap Cannon,10,16,3,50000
Ursaluna (Shadow),63.7,901,ground,normal,125.6,98.6,144,1783319,14.5,1496,Tackle,Swift,High Horsepower,12,20,3,50000
Stakataka,63.6,805,rock,steel,119.5,169.0,93,1878182,17,1498,Rock Throw,Stone Edge,Flash Cannon,11,13,20,100000
Ursaluna,63.6,901,ground,normal,125.6,98.6,144,1783319,14.5,1496,Tackle,Swift,High Horsepower,12,20,3,50000
Exeggcute,63.5,102,grass,psychic,102.5,117.6,142,1711668,50,1324,Confusion,Seed Bomb,Ancient Power,3,4,3,50000
Fuecoco,63.5,909,fire,none,106.7,93.2,152,1511555,50,1269,Incinerate,Crunch,Flamethrower,3,3,3,10000
Tangela,63.5,114,grass,none,125.5,122.8,116,1787722,25,1497,Vine Whip,Grass Knot,Sludge Bomb,7,7,3,50000
Thwackey,63.5,811,grass,none,123.6,107.5,136,1807032,30,1494,Razor Leaf,Energy Ball,Grass Knot,12,13,3,10000
Weavile (Shadow),63.5,461,dark,ice,141.9,105.1,106,1580851,18.5,1497,Snarl,Avalanche,Foul Play,4,4,3,50000
Gardevoir (Shadow),63.4,282,psychic,fairy,136.5,115.6,104,1641058,18,1496,Confusion,Triple Axel,Shadow Ball,4,4,5,75000
Geodude (Shadow),63.4,74,rock,ground,123.5,123.5,113,1723504,50,1458,Rock Throw,Rock Tomb,Rock Slide,10,9,1,10000
Banette (Shadow),63.3,354,ghost,none,145.9,91.6,115,1536911,24,1497,Shadow Claw,Shadow Ball,Dazzling Gleam,7,7,3,50000
Simisear,63.3,514,fire,none,135.9,95.8,126,1640422,23.5,1493,Fire Spin,Crunch,Flamethrower,5,6,3,50000
Gothorita (Shadow),63.2,575,psychic,none,112.2,132.7,134,1995118,40,1496,Confusion,Future Sight,Psychic,5,4,3,50000
Houndoom (Shadow),63.2,229,dark,fire,139.5,97.3,118,1601655,21,1494,Snarl,Foul Play,Flamethrower,4,5,3,50000
Lilligant (Hisuian),63.1,549,grass,fighting,133.4,107.7,117,1680960,22,1497,Bullet Seed,Upper Hand,Petal Blizzard,4,5,1,10000
Toedscool,63.1,948,ground,grass,94.1,137.8,113,1465269,50,1174,Mud Slap,Earth Power,Wrap,5,5,3,50000
Cubone,63,104,ground,none,88.2,133.6,127,1496507,50,1148,Mud Slap,Bone Club,Return,4,7,3,50000
Shaymin (Land),63,492,grass,none,117.8,122.2,132,1900161,17,1496,Magical Leaf,Grass Knot,Seed Flare,5,8,20,100000
Heliolisk (Shadow),62.9,695,electric,normal,138.1,112.1,105,1625506,21.5,1498,Volt Switch,Breaking Swipe,Parabolic Charge,4,4,3,50000
Infernape (Shadow),62.9,392,fire,fighting,136.6,100.4,119,1632042,20.5,1493,Fire Spin,Close Combat,Blast Burn,5,5,3,10000
Exeggcute (Shadow),62.8,102,grass,psychic,102.5,117.6,142,1711668,50,1324,Confusion,Seed Bomb,Ancient Power,3,4,3,50000
Luxray (Shadow),62.6,405,electric,none,138.0,98.9,119,1624136,19,1497,Snarl,Wild Charge,Psychic Fangs,4,3,5,75000
Braviary,62.5,628,normal,flying,133.7,92.9,135,1676799,18,1497,Air Slash,Fly,Close Combat,5,5,5,75000
Flaaffy,62.4,180,electric,none,121.5,100.4,151,1841989,44,1496,Charge Beam,Discharge,Trailblaze,4,5,5,75000
Archen (Shadow),62.3,566,rock,flying,159.5,76.0,116,1406152,30,1497,Wing Attack,Ancient Power,Crunch,6,6,5,75000
Tranquill,62.3,520,normal,flying,123.9,102.2,143,1810749,49.5,1497,Air Slash,Heat Wave,Aerial Ace,5,5,1,10000
Crabominable,62.2,740,fighting,ice,136.8,88.5,135,1634418,19,1495,Bubble,Ice Punch,Brick Break,4,4,3,50000
Eelektross,62.2,604,electric,none,133.8,99.7,126,1680822,20,1499,Volt Switch,Dragon Claw,Thunderbolt,4,4,1,10000
Tirtouga (Shadow),62.2,564,water,rock,114.3,132.4,130,1967332,46.5,1499,Water Gun,Surf,Ancient Power,15,15,5,75000
Oricorio (Baile),62.1,741,fire,flying,130.8,102.0,128,1707725,24,1494,Air Slash,Air Cutter,Hurricane,4,7,3,75000
Darmanitan (Galarian),62,555,ice,none,149.7,72.0,138,1487419,17.5,1492,Ice Fang,Avalanche,Superpower,8,7,3,50000
Stufful,62,759,normal,fighting,124.8,92.1,156,1793076,49.5,1495,Tackle,Superpower,Stomp,14,14,1,10000
Archeops (Shadow),61.8,567,rock,flying,160.6,81.9,106,1394233,16.5,1496,Wing Attack,Ancient Power,Crunch,6,6,5,75000
Dragapult,61.8,887,dragon,ghost,142.5,96.2,115,1576478,15.5,1498,Dragon Tail,Shadow Ball,Outrage,5,5,5,75000
Glimmora,61.8,970,rock,poison,137.6,102.9,115,1628290,17,1496,Rock Throw,Meteor Beam,Power Gem,12,10,3,50000
Stunky,61.8,434,poison,dark,114.2,88.2,147,1480649,50,1300,Bite,Crunch,Trailblaze,23,23,3,50000
Manectric (Shadow),61.7,310,electric,none,142.4,91.3,121,1573136,23.5,1496,Snarl,Wild Charge,Psychic Fangs,4,3,3,50000
Mr. Rime,61.6,866,ice,psychic,127.4,114.4,120,1748947,19.5,1492,Confusion,Icy Wind,Psychic,4,4,5,75000
Stonjourner,61.6,874,rock,none,125.5,107.9,132,1787471,17,1497,Rock Throw,Rock Slide,Stomp,9,8,5,75000
Tangela (Shadow),61.6,114,grass,none,125.5,122.8,116,1787722,25,1497,Vine Whip,Grass Knot,Sludge Bomb,7,7,3,50000
Persian,61.5,53,normal,none,118.6,116.3,137,1889666,36.5,1497,Feint Attack,Night Slash,Power Gem,6,9,3,50000
Carracosta,61.4,565,water,rock,121.4,126.9,120,1848679,21.5,1498,Water Gun,Ancient Power,Liquidation,15,15,5,75000
Drowzee (Shadow),61.4,96,psychic,none,87.3,126.8,142,1571889,50,1171,Confusion,Psyshock,Psychic,3,4,3,50000
Yanmega,61.4,469,bug,flying,136.8,96.0,125,1641600,19,1498,Wing Attack,Aerial Ace,Ancient Power,6,6,3,50000
Phanpy,61.3,231,ground,none,102.5,94.9,186,1809268,50,1361,Tackle,Rock Slide,Trailblaze,15,15,3,50000
Cinccino,61.2,573,normal,none,134.9,96.1,128,1659378,25,1496,Charm,Aqua Tail,Thunderbolt,5,7,3,50000
Kingler,61.1,99,water,none,144.5,115.6,93,1553491,19.5,1498,Bubble,Crabhammer,Vise Grip,5,4,3,50000
Popplio,61.1,728,water,none,113.4,99.1,127,1427218,50,1272,Water Gun,Aqua Tail,Aqua Jet,12,14,3,10000
Ribombee,61.1,743,bug,fairy,136.2,105.9,114,1644288,25.5,1496,Fairy Wind,Dazzling Gleam,Bug Buzz,7,7,1,10000
Tranquill (Shadow),61,520,normal,flying,123.9,102.2,143,1810749,49.5,1497,Air Slash,Heat Wave,Aerial Ace,5,5,1,10000
Persian (Shadow),60.9,53,normal,none,118.6,116.3,137,1889666,36.5,1497,Feint Attack,Night Slash,Power Gem,6,9,3,50000
Vanilluxe,60.9,584,ice,none,131.5,117.3,110,1696744,19.5,1493,Astonish,Avalanche,Flash Cannon,5,7,3,50000
Vileplume (Shadow),60.9,45,grass,poison,128.8,112.7,120,1741891,21.5,1497,Acid,Sludge Bomb,Moonblast,7,8,3,50000
Vivillon,60.9,666,bug,flying,131.7,86.3,149,1693491,30,1493,Gust,Energy Ball,Hurricane,4,5,1,10000
Luxio (Shadow),60.8,404,electric,none,133.7,90.2,139,1676304,46,1497,Spark,Wild Charge,Crunch,7,7,5,75000
Raticate,60.8,20,normal,none,125.9,116.0,122,1781737,34.5,1497,Quick Attack,Hyper Fang,Dig,7,7,1,10000
Simipour,60.8,516,water,none,135.9,95.8,126,1640422,23.5,1493,Water Gun,Surf,Crunch,15,15,3,50000
Archeops,60.7,567,rock,flying,160.6,81.9,106,1394233,16.5,1496,Wing Attack,Ancient Power,Crunch,6,6,5,75000
Boldore,60.7,525,rock,none,124.4,109.5,132,1798078,28,1495,Mud Slap,Rock Slide,Bulldoze,5,5,3,50000
Archen,60.6,566,rock,flying,159.5,76.0,116,1406152,30,1497,Wing Attack,Ancient Power,Crunch,6,6,5,75000
Beautifly,60.6,267,bug,flying,144.7,83.9,127,1541822,33,1493,Infestation,Air Cutter,Silver Wind,3,4,1,10000
Lycanroc (Dusk),60.6,745,rock,none,144.5,91.9,117,1553707,20,1498,Sucker Punch,Stone Edge,Trailblaze,8,7,5,50000
Azelf,60.5,482,psychic,none,152.5,90.3,106,1459700,17,1491,Confusion,Swift,Future Sight,3,5,20,100000
Corphish (Shadow),60.5,341,water,none,131.0,95.7,117,1466794,50,1386,Bubble,Aqua Jet,Vise Grip,4,4,3,50000
Musharna,60.5,518,psychic,none,113.1,108.8,161,1981150,20.5,1496,Charge Beam,Psyshock,Dazzling Gleam,4,5,3,50000
Noivern,60.3,715,flying,dragon,125.4,113.5,126,1793345,20,1499,Air Slash,Heat Wave,Hurricane,5,7,5,75000
Dwebble (Shadow),60.2,557,bug,rock,111.7,120.1,127,1703727,50,1379,Smack Down,Rock Tomb,X-Scissor,7,5,1,10000
Glimmet,60.2,969,rock,poison,147.1,90.8,114,1522662,36.5,1496,Rock Throw,Power Gem,Dazzling Gleam,10,11,3,50000
Indeedee (Female),60.2,876,psychic,normal,121.7,128.2,118,1841029,23.5,1496,Extrasensory,Energy Ball,Psychic,5,6,3,50000
Raticate (Shadow),60.2,20,normal,none,125.9,116.0,122,1781737,34.5,1497,Quick Attack,Hyper Fang,Dig,7,7,1,10000
Sudowoodo (Shadow),60.2,185,rock,none,117.1,130.1,126,1919573,26,1499,Counter,Meteor Beam,Trailblaze,10,8,5,75000
Boldore (Shadow),60.1,525,rock,none,125.3,109.2,131,1792442,27.5,1498,Mud Slap,Rock Slide,Bulldoze,5,5,3,50000
Garbodor,60.1,569,poison,none,121.0,115.9,132,1851155,23.5,1496,Infestation,Body Slam,Seed Bomb,3,4,3,50000
Lombre,59.8,271,water,grass,106.7,112.6,142,1706048,50,1349,Bubble,Scald,Grass Knot,5,5,3,50000
Masquerain,59.8,284,bug,flying,129.5,109.1,122,1723671,24.5,1494,Air Slash,Air Cutter,Lunge,4,5,1,10000
Whirlipede,59.8,544,bug,poison,96.6,157.9,113,1723605,50,1290,Poison Sting,Sludge Bomb,Gyro Ball,6,6,1,10000
Accelgor (Shadow),59.7,617,bug,none,143.2,84.9,129,1568341,22.5,1498,Water Shuriken,Energy Ball,Bug Buzz,4,5,3,50000
Sigilyph,59.7,561,psychic,flying,130.0,112.1,118,1719614,21.5,1495,Air Slash,Air Cutter,Ancient Power,4,5,5,75000
Dwebble,59.6,557,bug,rock,111.7,120.1,127,1703727,50,1379,Smack Down,Rock Tomb,X-Scissor,7,5,1,10000
Rowlet,59.5,722,grass,flying,98.3,95.7,154,1448726,50,1193,Leafage,Energy Ball,Seed Bomb,6,5,3,10000
Skorupi,59.5,451,poison,bug,90.7,139.4,113,1428725,50,1138,Poison Sting,Aqua Tail,Cross Poison,4,4,5,75000
Chinchou,59.4,170,water,electric,101.6,94.1,164,1567932,50,1262,Bubble,Water Pulse,Thunderbolt,5,5,3,50000
Porygon (Shadow),59.4,137,normal,none,120.0,115.4,135,1869480,35.5,1497,Tackle,Discharge,Signal Beam,14,19,3,50000
Skorupi (Shadow),59.4,451,poison,bug,90.7,139.4,113,1428725,50,1138,Poison Sting,Aqua Tail,Cross Poison,4,4,5,75000
Stufful (Shadow),59.4,759,normal,fighting,124.8,92.1,156,1793076,49.5,1495,Tackle,Superpower,Stomp,14,14,1,10000
Arcanine (Hisuian),59.3,59,fire,rock,132.4,99.4,129,1697712,17.5,1499,Snarl,Wild Charge,Rock Slide,4,4,3,50000
Eevee,59.3,133,normal,none,99.9,108.3,135,1460588,50,1207,Quick Attack,Body Slam,Dig,5,7,5,75000
Loudred (Shadow),59.3,294,normal,none,125.2,80.6,178,1796219,50,1499,Bite,Stomp,Disarming Voice,20,23,1,10000
Mothim,59.2,414,bug,flying,140.0,82.9,138,1601628,31.5,1497,Bug Bite,Aerial Ace,Bug Buzz,15,20,1,10000
Porygon2 (Shadow),59.2,233,normal,none,122.1,117.9,127,1828240,20.5,1494,Lock On,Tri Attack,Zap Cannon,10,16,3,50000
Flaaffy (Shadow),59.1,180,electric,none,121.5,100.4,151,1841989,44,1496,Charge Beam,Discharge,Trailblaze,4,5,5,75000
Geodude,59.1,74,rock,ground,123.5,123.5,113,1723504,50,1458,Rock Throw,Rock Tomb,Rock Slide,10,9,1,10000
Plusle,59.1,311,electric,none,128.2,107.2,127,1745366,33,1495,Quick Attack,Thunderbolt,Grass Knot,7,7,3,50000
Corphish,59,341,water,none,131.0,95.7,117,1466794,50,1386,Bubble,Aqua Jet,Vise Grip,4,4,3,50000
Oricorio (Sensu),59,741,ghost,flying,130.8,102.0,128,1707725,24,1494,Air Slash,Air Cutter,Hurricane,4,7,3,75000
Carracosta (Shadow),58.9,565,water,rock,121.4,126.9,120,1848679,21.5,1498,Water Gun,Ancient Power,Liquidation,15,15,5,75000
Illumise,58.9,314,bug,none,111.4,136.2,133,2017966,33.5,1499,Tackle,Silver Wind,Dazzling Gleam,15,19,3,50000
Reuniclus (Shadow),58.9,579,psychic,none,126.9,94.9,147,1770293,19,1498,Charm,Psyshock,Shadow Ball,5,7,3,50000
Boltund,58.8,836,electric,none,136.9,95.3,126,1643868,26,1500,Spark,Crunch,Thunder,7,9,1,50000
Golem (Shadow),58.8,76,rock,ground,125.1,122.2,117,1788605,19,1495,Mud Slap,Stone Edge,Earthquake,6,7,1,10000
Rhydon (Shadow),58.8,112,ground,rock,126.2,103.3,136,1772959,17.5,1495,Mud Slap,Stone Edge,Earthquake,6,7,3,50000
Bulbasaur,58.7,1,grass,poison,111.7,105.8,120,1418143,50,1258,Vine Whip,Power Whip,Seed Bomb,7,5,3,10000
Clauncher,58.7,692,water,none,103.3,110.9,127,1454908,50,1225,Water Gun,Aqua Jet,Crabhammer,14,17,3,50000
Garbodor (Shadow),58.7,569,poison,none,121.0,115.9,132,1851155,23.5,1496,Infestation,Body Slam,Seed Bomb,3,4,3,50000
Sunflora,58.7,192,grass,none,128.7,102.1,132,1734516,26,1494,Bullet Seed,Leaf Storm,Sludge Bomb,5,4,3,50000
Rampardos (Shadow),58.6,409,rock,none,162.2,67.2,126,1373380,16.5,1492,Smack Down,Rock Slide,Flamethrower,6,7,5,75000
Totodile,58.5,158,water,none,110.9,104.1,127,1466176,50,1275,Water Gun,Aqua Jet,Crunch,14,15,3,10000
Beheeyem,58.4,606,psychic,none,134.4,105.7,117,1662111,20,1494,Confusion,Rock Slide,Dark Pulse,4,4,3,50000
Ambipom,58.2,424,normal,none,133.8,100.5,124,1667416,23,1493,Astonish,Aerial Ace,Return,5,7,3,50000
Liepard (Shadow),58.1,510,dark,none,139.7,88.5,129,1594885,30,1492,Snarl,Dark Pulse,Play Rough,4,5,1,10000
Whirlipede (Shadow),58.1,544,bug,poison,96.6,157.9,113,1723605,50,1290,Poison Sting,Sludge Bomb,Gyro Ball,6,6,1,10000
Bulbasaur (Shadow),58,1,grass,poison,111.7,105.8,120,1418143,50,1258,Vine Whip,Power Whip,Seed Bomb,7,5,3,10000
Chespin (Shadow),58,650,grass,none,105.0,101.6,136,1450848,50,1234,Vine Whip,Body Slam,Seed Bomb,5,5,3,10000
Oricorio (Pa'u),57.9,741,psychic,flying,130.8,102.0,128,1707725,24,1494,Air Slash,Air Cutter,Hurricane,4,7,3,75000
Drizzile,57.8,817,water,none,137.8,92.1,128,1624497,29.5,1496,Water Gun,Surf,Water Pulse,15,17,3,10000
Phanpy (Shadow),57.8,231,ground,none,102.5,94.9,186,1809268,50,1361,Tackle,Rock Slide,Trailblaze,15,15,3,50000
Koffing,57.6,109,poison,none,112.6,131.0,113,1666818,50,1369,Infestation,Sludge,Dark Pulse,4,5,3,50000
Rotom (Frost),57.3,479,electric,ice,128.8,144.9,93,1735670,21.5,1495,Thunder Shock,Thunderbolt,Blizzard,7,9,5,75000
Seadra,57.3,117,water,none,131.3,117.5,110,1697053,26.5,1492,Dragon Breath,Hydro Pump,Dragon Pulse,19,14,3,50000
Stantler (Shadow),57.2,234,normal,none,133.5,98.4,128,1681459,25.5,1498,Tackle,Wild Charge,Stomp,15,14,3,50000
Liepard,57,510,dark,none,139.7,88.5,129,1594885,30,1492,Snarl,Dark Pulse,Play Rough,4,5,1,10000
Sawsbuck,56.9,586,normal,grass,129.4,101.8,131,1725653,23,1494,Feint Attack,Wild Charge,Trailblaze,8,8,3,50000
Krabby,56.7,98,water,none,148.0,111.2,92,1514099,42,1496,Bubble,Vise Grip,Razor Shell,4,4,3,50000
Loudred,56.7,294,normal,none,125.2,80.6,178,1796219,50,1499,Bite,Disarming Voice,Stomp,23,20,1,10000
Chespin,56.5,650,grass,none,105.0,101.6,136,1450848,50,1234,Vine Whip,Body Slam,Seed Bomb,5,5,3,10000
Maractus,56.5,556,grass,none,135.5,95.2,128,1651149,24.5,1495,Bullet Seed,Aerial Ace,Petal Blizzard,4,5,1,10000
Stantler,56.5,234,normal,none,132.1,99.4,129,1693865,26,1495,Tackle,Wild Charge,Stomp,15,14,3,50000
Golem,56.4,76,rock,ground,125.1,122.2,117,1788605,19,1495,Mud Slap,Stone Edge,Earthquake,6,7,1,10000
Snubbull,56.4,209,fairy,none,127.7,84.0,142,1523206,50,1394,Tackle,Brick Break,Crunch,14,15,3,50000
Tatsugiri (Curly),56.1,978,dragon,water,137.4,108.1,109,1618970,20,1491,Water Gun,Surf,Outrage,15,20,5,75000
Tatsugiri (Droopy),56.1,978,dragon,water,137.4,108.1,109,1618970,20,1491,Water Gun,Surf,Outrage,15,20,5,75000
Tatsugiri (Stretchy),56.1,978,dragon,water,137.4,108.1,109,1618970,20,1491,Water Gun,Surf,Outrage,15,20,5,75000
Piplup,55.8,393,water,none,106.7,98.3,131,1374008,50,1210,Bubble,Drill Peck,Icy Wind,4,5,3,10000
Totodile (Shadow),55.8,158,water,none,110.9,104.1,127,1466176,50,1275,Water Gun,Aqua Jet,Crunch,14,15,3,10000
Swirlix,55.7,684,fairy,none,104.1,112.6,145,1699641,50,1330,Tackle,Energy Ball,Draining Kiss,15,19,3,50000
Rhydon,55.6,112,ground,rock,126.2,103.3,136,1772959,17.5,1495,Mud Slap,Stone Edge,Earthquake,6,7,3,50000
Shaymin (Sky),55.6,492,grass,flying,139.3,94.1,123,1612300,15.5,1498,Magical Leaf,Energy Ball,Grass Knot,5,5,20,100000
Frogadier,55.5,657,water,none,134.4,100.8,123,1666345,38.5,1496,Bubble,Surf,Aerial Ace,5,5,3,10000
Unfezant (Shadow),55.4,521,normal,flying,138.5,95.5,122,1613664,20,1494,Air Slash,Heat Wave,Sky Attack,5,6,1,10000
Varoom,55.4,965,steel,poison,115.9,102.5,120,1425570,50,1285,Metal Sound,Gyro Ball,Gunk Shot,7,10,3,50000
Koffing (Shadow),55.3,109,poison,none,112.6,131.0,113,1666818,50,1369,Infestation,Sludge,Dark Pulse,4,5,3,50000
Wugtrio,55.1,961,water,none,151.0,108.6,90,1475874,29,1492,Mud Slap,Liquidation,Surf,5,5,3,50000
Braviary (Hisuian),55,628,psychic,flying,128.5,89.6,151,1738554,19.5,1494,Air Slash,Brave Bird,Fly,7,5,5,75000
Gumshoos,55,735,normal,none,134.2,84.9,147,1674856,25.5,1499,Bite,Rock Tomb,Crunch,25,23,1,10000
Frogadier (Shadow),54.9,657,water,none,134.4,100.8,123,1666345,38.5,1496,Bubble,Surf,Aerial Ace,5,5,3,10000
Glaceon,54.8,471,ice,none,135.7,122.3,99,1643015,17.5,1493,Ice Shard,Avalanche,Water Pulse,5,5,5,75000
Pupitar (Shadow),54.7,247,rock,ground,120.1,111.8,139,1866378,34,1497,Bite,Ancient Power,Dig,23,25,5,75000
Octillery,54.5,224,water,none,131.5,100.7,128,1694982,24,1492,Lock On,Octazooka,Gunk Shot,10,15,1,10000
Komala,54.4,775,normal,none,136.8,110.2,109,1643214,21.5,1499,Rollout,Payback,Bulldoze,5,4,3,50000
Lycanroc (Midnight),54.2,745,rock,none,132.6,99.7,127,1678968,20,1492,Counter,Stone Edge,Trailblaze,10,8,5,50000
Nosepass,54.2,299,rock,none,81.5,193.2,98,1543088,50,1121,Rock Throw,Rock Slide,Rock Blast,9,8,3,50000
Roggenrola (Shadow),54,524,rock,none,114.2,105.0,135,1618785,50,1359,Smack Down,Stone Edge,Rock Blast,7,5,3,50000
Snubbull (Shadow),54,209,fairy,none,127.7,84.0,142,1523206,50,1394,Tackle,Brick Break,Crunch,14,15,3,50000
Turtwig,54,387,grass,none,112.6,105.0,135,1596105,50,1340,Tackle,Energy Ball,Body Slam,15,12,3,10000
Kadabra (Shadow),53.9,64,psychic,none,163.8,90.9,92,1369827,27,1497,Confusion,Shadow Ball,Dazzling Gleam,4,4,3,50000
Unfezant,53.9,521,normal,flying,138.5,95.5,122,1613664,20,1494,Air Slash,Heat Wave,Sky Attack,5,6,1,10000
Piplup (Shadow),53.7,393,water,none,106.7,98.3,131,1374008,50,1210,Bubble,Drill Peck,Icy Wind,4,5,3,10000
Turtwig (Shadow),53.7,387,grass,none,112.6,105.0,135,1596105,50,1340,Tackle,Energy Ball,Body Slam,15,12,3,10000
Roggenrola,53.5,524,rock,none,114.2,105.0,135,1618785,50,1359,Smack Down,Stone Edge,Rock Blast,7,5,3,50000
Seadra (Shadow),53.1,117,water,none,131.3,117.5,110,1697053,26.5,1492,Dragon Breath,Hydro Pump,Dragon Pulse,19,14,3,50000
Elgyem,53,605,psychic,none,133.6,95.4,132,1682398,48,1499,Confusion,Dark Pulse,Psychic,4,4,3,50000
Nosepass (Shadow),53,299,rock,none,81.5,193.2,98,1543088,50,1121,Rock Throw,Rock Slide,Rock Blast,9,8,3,50000
Audino,52.8,531,normal,none,92.6,137.8,190,2424453,38,1498,Zen Headbutt,Body Slam,Disarming Voice,6,8,3,50000
Cherrim (Overcast),52.8,421,grass,none,121.8,116.2,130,1839911,27.5,1497,Bullet Seed,Dazzling Gleam,Solar Beam,5,7,1,10000
Roselia,52.8,315,grass,poison,138.5,105.9,110,1613387,29.5,1494,Poison Jab,Sludge Bomb,Petal Blizzard,8,10,3,50000
Crabrawler,52.3,739,fighting,none,135.7,98.8,123,1649081,49.5,1495,Bubble,Crabhammer,Power-Up Punch,5,4,3,50000
Clawitzer,52.2,693,water,none,134.4,110.5,112,1663334,20,1495,Water Gun,Crabhammer,Ice Beam,17,19,3,50000
Rampardos,52,409,rock,none,162.2,67.2,126,1373380,16.5,1492,Smack Down,Rock Slide,Flamethrower,6,7,5,75000
Inteleon,51.6,818,water,none,153.4,89.0,107,1460828,18.5,1496,Water Gun,Surf,Shadow Ball,15,17,3,10000
Naganadel,51.5,804,poison,dragon,149.7,95.5,105,1501117,17.5,1499,Poison Jab,Dragon Claw,Sludge Bomb,8,8,20,100000
Volbeat,51,313,bug,none,111.4,136.2,133,2017966,33.5,1499,Tackle,Thunderbolt,Bug Buzz,19,20,3,50000
Pupitar,50.7,247,rock,ground,120.1,111.8,139,1866378,34,1497,Bite,Ancient Power,Dig,23,25,5,75000
Bergmite,50.3,712,ice,none,110.9,113.4,135,1697768,50,1372,Tackle,Icy Wind,Crunch,15,15,3,50000
Hoopa,50.2,720,psychic,ghost,144.8,106.3,99,1523832,16,1485,Confusion,Shadow Ball,Psychic,4,4,20,100000
Deerling,49.9,585,normal,grass,109.2,96.6,142,1497918,50,1278,Tackle,Wild Charge,Energy Ball,15,15,3,50000
Indeedee (Male),49.7,876,psychic,normal,134.9,114.6,107,1654171,22.5,1493,Extrasensory,Shadow Ball,Psychic,5,6,3,50000
Flabebe,49.6,669,fairy,none,103.3,113.4,119,1393992,50,1199,Vine Whip,Dazzling Gleam,Petal Blizzard,7,9,3,50000
Kadabra,49.4,64,psychic,none,163.8,90.9,92,1369827,27,1497,Confusion,Shadow Ball,Dazzling Gleam,4,4,3,50000
Dottler,48.9,825,bug,psychic,85.7,144.5,127,1572724,50,1160,Confusion,Bug Buzz,Psychic,5,4,1,10000
Gorebyss,48.6,368,water,none,136.2,121.0,100,1648020,22.5,1498,Confusion,Water Pulse,Psychic,4,4,3,50000
Porygon-Z (Shadow),48,474,normal,none,147.6,88.1,117,1521417,17,1498,Lock On,Tri Attack,Zap Cannon,10,16,3,50000
Ferroseed,47.7,597,grass,steel,81.5,142.8,119,1384946,50,1062,Metal Claw,Gyro Ball,Return,8,10,3,75000
Reuniclus,47,579,psychic,none,126.9,94.9,147,1770293,19,1498,Hidden Power (Fighting),Psyshock,Shadow Ball,5,7,3,50000
Lilligant,46.9,549,grass,none,136.5,105.8,114,1646354,22,1499,Charm,Petal Blizzard,Hyper Beam,9,10,1,10000
Porygon-Z,46.9,474,normal,none,147.6,88.1,117,1521417,17,1498,Lock On,Tri Attack,Zap Cannon,10,16,3,50000
Accelgor,46.8,617,bug,none,143.2,84.9,129,1568341,22.5,1498,Water Shuriken,Bug Buzz,Acid Spray,5,4,3,50000
Butterfree (Shadow),46.6,12,bug,flying,126.6,112.5,124,1766070,31.5,1495,Confusion,Bug Buzz,Signal Beam,5,4,1,10000
Tornadus (Incarnate) (Shadow),46.6,641,flying,none,148.1,95.5,107,1513360,16.5,1497,Air Slash,Hurricane,Grass Knot,7,6,20,100000
Axew,46.5,610,dragon,none,138.6,96.0,121,1609978,49,1493,Scratch,Aqua Tail,Dragon Claw,18,25,5,75000
Butterfree,46.1,12,bug,flying,126.6,112.5,124,1766070,31.5,1495,Confusion,Bug Buzz,Signal Beam,5,4,1,10000
Meltan,45,808,steel,none,111.7,95.7,121,1293452,50,1201,Thunder Shock,Thunderbolt,Flash Cannon,7,8,20,100000
Munna,45,517,psychic,none,105.8,89.9,166,1578896,50,1292,Charge Beam,Psyshock,Dazzling Gleam,4,5,3,50000
Duosion (Shadow),44.6,578,psychic,none,149.2,81.9,123,1502996,27.5,1497,Hidden Power (Psychic),Psyshock,Night Shade,5,6,3,50000
Solosis (Shadow),43.8,577,psychic,none,152.0,81.8,118,1467165,49,1493,Hidden Power (Psychic),Psyshock,Night Shade,5,6,3,50000
Skiddo,43.7,672,grass,none,115.9,98.3,151,1720338,50,1412,Rock Smash,Seed Bomb,Brick Break,6,6,3,50000
Ferroseed (Shadow),43.5,597,grass,steel,81.5,142.8,119,1384946,50,1062,Metal Claw,Gyro Ball,Iron Head,8,8,3,75000
Duosion,43,578,psychic,none,149.2,81.9,123,1502996,27.5,1497,Hidden Power (Psychic),Psyshock,Night Shade,5,6,3,50000
Deoxys (Speed),42.9,386,psychic,none,140.7,131.5,86,1591176,18.5,1496,Charge Beam,Psycho Boost,Swift,4,4,20,100000
Tornadus (Incarnate),42.1,641,flying,none,148.1,95.5,107,1513360,16.5,1497,Air Slash,Hurricane,Grass Knot,7,6,20,100000
Solosis,41.7,577,psychic,none,152.0,81.8,118,1467165,49,1493,Hidden Power (Psychic),Psyshock,Night Shade,5,6,3,50000
Anorith (Shadow),41,347,rock,bug,145.4,92.0,115,1538332,43.5,1495,Struggle Bug,Aqua Jet,Ancient Power,5,6,3,50000
Anorith,40.3,347,rock,bug,145.4,92.0,115,1538332,43.5,1495,Struggle Bug,Aqua Jet,Ancient Power,5,6,3,50000
Regigigas (Shadow),38.3,486,normal,none,140.2,102.0,110,1573044,12.5,1485,Hidden Power (Ice),Crush Grip,Thunder,7,8,20,100000
Clobbopus,36.8,852,fighting,none,114.2,99.1,127,1437287,50,1281,Rock Smash,Superpower,Ice Punch,6,6,3,50000
Regigigas,36.3,486,normal,none,139.8,104.3,110,1603925,12.5,1497,Hidden Power (Ground),Crush Grip,Thunder,7,8,20,100000
Spoink (Shadow),34.1,325,psychic,none,117.6,115.1,141,1908542,50,1498,Zen Headbutt,Shadow Ball,Mirror Coat,9,10,1,10000
Clefairy,32.3,35,fairy,none,102.5,103.3,157,1662355,50,1305,Zen Headbutt,Disarming Voice,Body Slam,8,6,1,10000
Spoink,31.7,325,psychic,none,117.6,115.1,141,1908542,50,1498,Zen Headbutt,Shadow Ball,Return,9,12,1,10000
Unown,28.1,201,psychic,none,126.8,89.0,125,1410650,50,1337,Hidden Power (Psychic),Struggle,,13,0,5,75000
Slaking,15.9,289,normal,none,138.8,83.1,140,1614799,12.5,1497,Yawn,Body Slam,Earthquake,3,6,5,75000
Slaking (Shadow),15.8,289,normal,none,138.8,83.1,140,1614799,12.5,1497,Yawn,Body Slam,Earthquake,3,6,5,75000
Cranidos (Shadow),12.8,408,rock,none,163.9,62.9,133,1371138,30,1499,Take Down,Rock Tomb,Ancient Power,7,6,5,75000
Cranidos,11.5,408,rock,none,163.9,62.9,133,1371138,30,1499,Take Down,Rock Tomb,Ancient Power,7,6,5,75000
