Pokemon,Score,Dex,Type 1,Type 2,Attack,Defense,Stamina,Stat Product,Level,CP,Fast Move,Charged Move 1,Charged Move 2,Charged Move 1 Count,Charged Move 2 Count,Buddy Distance,Charged Move Cost
Empoleon,100,395,water,steel,125.1,117.0,122,1785677,19,1494,Metal Sound,Hydro Cannon,Drill Peck,5,5,3,10000
Empoleon (Shadow),100,395,water,steel,125.1,117.0,122,1785677,19,1494,Metal Sound,Hydro Cannon,Drill Peck,5,5,3,10000
Aegislash (Blade),100,681,steel,ghost,82.8,234.6,139,2700058,46,1495,Psycho Cut,Shadow Ball,Gyro Ball,9,9,5,75000
Sableye (Shadow),100,302,dark,ghost,119.6,124.6,125,1862770,47,1492,Shadow Claw,Foul Play,Drain Punch,5,5,5,75000
Charjabug,100,737,bug,electric,114.7,134.8,126,1948157,36.5,1494,Volt Switch,X-Scissor,Discharge,3,3,1,10000
Cradily,100,346,rock,grass,105.2,140.3,144,2125377,25.5,1495,Acid,Rock Tomb,Grass Knot,7,7,3,50000
Florges,100,671,fairy,none,120.0,141.5,110,1867800,17,1497,Fairy Wind,Chilling Water,Disarming Voice,5,5,3,50000
Fearow,100,22,normal,flying,131.4,104.6,124,1704311,28,1496,Peck,Drill Peck,Drill Run,5,5,1,10000
Golisopod,100,768,bug,water,124.0,134.6,108,1802563,17.5,1495,Fury Cutter,X-Scissor,Aqua Jet,10,10,1,10000
Bastiodon,100,411,rock,steel,80.6,247.6,139,2773962,46.5,1495,Smack Down,Stone Edge,Flamethrower,7,7,5,75000
Charjabug (Shadow),100,737,bug,electric,114.7,134.8,126,1948157,36.5,1494,Volt Switch,X-Scissor,Discharge,3,3,1,10000
Togekiss,100,468,fairy,flying,124.2,125.8,115,1796801,16.5,1493,Peck,Psyshock,Aura Sphere,5,5,3,50000
Sandslash (Alolan),100,28,ice,steel,115.9,133.2,125,1929735,23,1495,Powder Snow,Ice Punch,Drill Run,5,5,3,50000
Murkrow (Shadow),100,198,dark,flying,143.1,81.1,135,1566730,41,1497,Peck,Drill Peck,Foul Play,5,5,3,50000
Sandslash (Alolan) (Shadow),100,28,ice,steel,115.9,133.2,125,1929735,23,1495,Powder Snow,Ice Punch,Drill Run,5,5,3,50000
Giratina (Altered) (Shadow),100,487,ghost,dragon,105.2,125.0,159,2090850,16,1483,Dragon Breath,Dragon Claw,Shadow Sneak,13,13,20,100000
Spiritomb,100,442,ghost,dark,120.7,147.8,104,1855304,27,1496,Sucker Punch,Rock Tomb,Shadow Ball,8,8,5,75000
Cradily,100,346,rock,grass,105.2,140.3,144,2125377,25.5,1495,Bullet Seed,Rock Tomb,Grass Knot,4,4,3,50000
Electrode (Hisuian),100,101,electric,grass,123.2,128.7,115,1823422,26,1498,Thunder Shock,Wild Charge,Energy Ball,5,5,3,50000
Claydol,100,344,ground,psychic,103.5,172.6,121,2161556,29,1495,Mud Slap,Rock Tomb,Shadow Ball,5,5,3,50000
Raichu,100,26,electric,none,133.5,110.6,114,1683221,25.5,1499,Thunder Shock,Wild Charge,Trailblaze,5,5,1,10000
Golisopod,100,768,bug,water,124.0,134.6,108,1802563,17.5,1495,Shadow Claw,Aqua Jet,X-Scissor,5,5,1,10000
Cradily (Shadow),100,346,rock,grass,105.2,140.3,144,2125377,25.5,1495,Acid,Rock Tomb,Grass Knot,7,7,3,50000
Noctowl,100,164,normal,flying,105.3,120.1,168,2124617,28,1495,Wing Attack,Sky Attack,Shadow Ball,7,7,1,10000
Murkrow,100,198,dark,flying,143.1,81.1,135,1566730,41,1497,Peck,Drill Peck,Foul Play,5,5,3,50000
Trumbeak (Shadow),100,732,normal,flying,133.7,94.3,132,1664244,46,1491,Peck,Drill Peck,Rock Blast,5,5,1,10000
Runerigus,100,867,ground,ghost,111.7,165.3,109,2012577,24.5,1499,Shadow Claw,Shadow Ball,Rock Tomb,7,7,3,50000
Hypno (Shadow),100,97,psychic,none,103.4,142.9,147,2172051,27,1498,Confusion,Thunder Punch,Ice Punch,3,3,3,50000
Jirachi,100,385,steel,psychic,120.4,119.3,129,1852920,16.5,1493,Confusion,Doom Desire,Aura Sphere,3,3,20,100000
Trumbeak,100,732,normal,flying,134.0,93.2,134,1673499,48.5,1497,Peck,Drill Peck,Rock Blast,5,5,1,10000
Fletchinder (Shadow),100,662,fire,flying,123.3,102.6,143,1809033,47.5,1493,Peck,Fly,Heat Wave,6,6,1,10000
Bastiodon (Shadow),100,411,rock,steel,80.6,247.6,139,2773962,46.5,1495,Smack Down,Stone Edge,Flamethrower,7,7,5,75000
Electrode,100,101,electric,none,122.8,126.3,118,1830138,27,1499,Volt Switch,Discharge,Foul Play,3,3,3,50000
Flygon,100,330,ground,dragon,127.9,109.5,125,1750631,21,1496,Dragon Tail,Sand Tomb,Twister,4,4,5,75000
Hawlucha,100,701,fighting,flying,127.4,107.6,128,1754655,23,1495,Low Kick,Flying Press,Aerial Ace,5,6,5,75000
Fletchinder,100,662,fire,flying,123.3,102.6,143,1809033,47.5,1493,Peck,Fly,Heat Wave,6,6,1,10000
Flygon (Shadow),100,330,ground,dragon,127.9,109.5,125,1750631,21,1496,Dragon Tail,Sand Tomb,Twister,4,4,5,75000
Electrode (Shadow),100,101,electric,none,122.8,126.3,118,1830138,27,1499,Volt Switch,Discharge,Foul Play,3,3,3,50000
Thundurus (Incarnate) (Shadow),100,642,electric,flying,148.1,95.5,107,1513360,16.5,1497,Thunder Shock,Thunder Punch,Brick Break,5,5,20,100000
Claydol (Shadow),100,344,ground,psychic,103.5,172.6,121,2161556,29,1495,Mud Slap,Rock Tomb,Shadow Ball,5,5,3,50000
Kartana,100,798,grass,steel,169.1,99.3,79,1326539,15,1497,Fury Cutter,Leaf Blade,Sacred Sword,9,9,20,100000
Camerupt,100,323,fire,ground,133.5,100.5,125,1677094,25.5,1496,Incinerate,Earth Power,Rock Tomb,3,3,3,50000
Serperior,100,497,grass,none,110.2,142.2,130,2037157,25,1498,Vine Whip,Frenzy Plant,Aerial Ace,6,6,3,10000
Raichu (Alolan),100,26,electric,psychic,135.4,109.9,111,1651731,24,1495,Thunder Shock,Wild Charge,Trailblaze,5,5,1,10000
Tropius,100,357,grass,flying,101.4,128.0,170,2206464,29,1495,Air Slash,Leaf Blade,Brutal Swing,4,4,5,75000
Sceptile (Shadow),100,254,grass,none,135.6,109.3,111,1645140,20,1493,Fury Cutter,Leaf Blade,Breaking Swipe,9,13,3,10000
Garchomp,100,445,dragon,ground,132.4,101.4,126,1691595,14,1496,Dragon Tail,Twister,Sand Tomb,4,4,5,75000
Bruxish,100,779,water,psychic,136.4,102.5,117,1635777,23,1493,Confusion,Aqua Tail,Psychic Fangs,3,3,3,50000
Rayquaza,100,384,dragon,flying,147.5,89.5,115,1518144,14.5,1496,Dragon Tail,Breaking Swipe,Dragon Ascent,5,4,20,100000
Lampent (Shadow),100,608,ghost,fire,132.5,99.0,129,1692158,35,1497,Ember,Heat Wave,Energy Ball,5,5,5,75000
Victini,100,494,psychic,fire,120.4,119.3,129,1852920,16.5,1493,Confusion,V-Create,Psyshock,3,3,20,100000
Vikavolt (Shadow),100,738,bug,electric,144.1,96.6,111,1545127,17.5,1492,Volt Switch,X-Scissor,Discharge,3,3,1,10000
Machop (Shadow),100,66,fighting,none,127.7,81.5,157,1633985,50,1444,Karate Chop,Cross Chop,Brick Break,4,5,3,50000
Perrserker,100,863,steel,none,128.7,113.3,119,1735223,23,1494,Shadow Claw,Close Combat,Trailblaze,6,6,3,50000
Sceptile,100,254,grass,none,135.6,109.3,111,1645140,20,1493,Fury Cutter,Leaf Blade,Breaking Swipe,9,13,3,10000
Thundurus (Incarnate),100,642,electric,flying,148.1,95.5,107,1513360,16.5,1497,Thunder Shock,Thunder Punch,Brick Break,5,5,20,100000
Camerupt (Shadow),100,323,fire,ground,133.5,100.5,125,1677094,25.5,1496,Incinerate,Earth Power,Rock Tomb,3,3,3,50000
Garchomp (Shadow),100,445,dragon,ground,132.4,101.4,126,1691595,14,1496,Dragon Tail,Twister,Sand Tomb,4,4,5,75000
Beedrill,100,15,bug,poison,127.1,106.5,130,1759700,30.5,1495,Poison Sting,X-Scissor,Drill Run,5,5,1,10000
Avalugg (Hisuian),100,713,ice,rock,116.4,135.1,122,1918528,16,1494,Powder Snow,Rock Slide,Icy Wind,6,6,3,50000
Cofagrigus (Shadow),100,563,ghost,none,111.7,165.3,109,2012577,24.5,1499,Shadow Claw,Shadow Ball,Dark Pulse,7,7,3,50000
Machop,100,66,fighting,none,127.7,81.5,157,1633985,50,1444,Karate Chop,Cross Chop,Brick Break,4,5,3,50000
Obstagoon,100,862,dark,normal,113.2,127.9,137,1983524,21,1498,Counter,Night Slash,Cross Chop,6,6,3,10000
Beedrill (Shadow),100,15,bug,poison,127.1,106.5,130,1759700,30.5,1495,Poison Sting,X-Scissor,Drill Run,5,5,1,10000
Obstagoon (Shadow),100,862,dark,normal,113.2,127.9,137,1983524,21,1498,Counter,Cross Chop,Night Slash,6,6,3,10000
Palpitoad,100,536,water,ground,116.2,102.9,161,1925074,48,1495,Mud Shot,Earth Power,Water Pulse,6,6,3,50000
Weezing,100,110,poison,none,117.5,140.2,116,1910926,25,1498,Rollout,Sludge Bomb,Shadow Ball,4,4,3,50000
Lampent,100,608,ghost,fire,132.5,99.0,129,1692158,35,1497,Ember,Heat Wave,Energy Ball,5,5,5,75000
Alomomola,100,594,water,none,97.4,99.4,238,2304211,26,1498,Waterfall,Hydro Pump,Blizzard,8,8,5,75000
Hitmontop,100,237,fighting,none,121.2,149.8,102,1851888,26,1498,Counter,Close Combat,Triple Axel,8,8,5,75000
Gholdengo,100,1000,steel,ghost,134.6,107.8,114,1654126,15.5,1492,Hex,Shadow Ball,Power Gem,4,4,5,10000
Cacturne,100,332,grass,dark,147.2,85.0,121,1513952,24,1492,Sucker Punch,Trailblaze,Dynamic Punch,7,7,3,50000
Cacturne (Shadow),100,332,grass,dark,147.2,85.0,121,1513952,24,1492,Sucker Punch,Trailblaze,Dynamic Punch,7,7,3,50000
Fraxure,100,611,dragon,none,144.2,91.5,118,1556927,25,1498,Dragon Tail,Aqua Tail,Night Slash,3,3,5,75000
Bayleef,100,153,grass,none,105.5,141.5,142,2119812,49.5,1495,Magical Leaf,Ancient Power,Energy Ball,5,5,3,10000
Hitmonlee (Shadow),100,106,fighting,none,141.8,118.9,94,1584842,21.5,1499,Low Kick,Blaze Kick,Brick Break,5,5,5,75000
Magby,100,240,fire,none,139.4,95.7,120,1600870,50,1493,Karate Chop,Fire Punch,Brick Break,5,5,5,10000
Staraptor,100,398,normal,flying,140.3,90.8,125,1592405,19.5,1494,Wing Attack,Fly,Close Combat,6,6,1,10000
Moltres (Shadow),100,146,fire,flying,139.9,102.0,112,1598218,15.5,1495,Wing Attack,Fly,Heat Wave,6,6,20,100000
Staraptor (Shadow),100,398,normal,flying,140.3,90.8,125,1592405,19.5,1494,Wing Attack,Fly,Close Combat,6,6,1,10000
Swadloon,100,541,bug,grass,106.7,146.2,135,2105938,50,1499,Bug Bite,Energy Ball,Silver Wind,15,15,1,10000
Moltres,100,146,fire,flying,136.7,103.6,115,1628644,16,1492,Wing Attack,Fly,Heat Wave,6,6,20,100000
Tauros (Combat),100,128,fighting,none,127.8,120.6,114,1757046,20,1498,Double Kick,Close Combat,Trailblaze,4,4,3,50000
Weezing (Shadow),100,110,poison,none,117.6,139.5,116,1903003,24.5,1495,Rollout,Sludge Bomb,Shadow Ball,4,4,3,50000
Grovyle,100,253,grass,none,136.3,103.2,117,1645741,36.5,1497,Quick Attack,Leaf Blade,Aerial Ace,5,6,3,10000
Hitmontop (Shadow),100,237,fighting,none,121.2,149.8,102,1851888,26,1498,Counter,Close Combat,Triple Axel,8,8,5,75000
Bayleef (Shadow),100,153,grass,none,105.5,141.5,142,2119812,49.5,1495,Magical Leaf,Ancient Power,Energy Ball,5,5,3,10000
Elekid,100,239,electric,none,126.0,97.4,120,1472688,50,1362,Thunder Shock,Thunder Punch,Brick Break,5,5,5,10000
Smoochum,100,238,ice,psychic,141.1,89.0,120,1506948,50,1458,Powder Snow,Psyshock,Ice Punch,5,5,5,10000
Hitmonlee,100,106,fighting,none,141.8,118.9,94,1584842,21.5,1499,Low Kick,Blaze Kick,Brick Break,5,5,5,75000
Pyroar,100,668,fire,normal,135.0,97.9,126,1665279,20,1499,Incinerate,Flame Charge,Dark Pulse,3,3,3,10000
Karrablast (Shadow),100,588,bug,none,127.7,85.7,127,1389874,50,1332,Fury Cutter,Drill Run,X-Scissor,10,10,3,50000
Leafeon,100,470,grass,none,128.1,133.9,102,1749564,19,1497,Quick Attack,Leaf Blade,Energy Ball,5,6,5,75000
Pignite,100,499,fire,fighting,127.3,87.0,158,1749866,29,1492,Ember,Rock Tomb,Flame Charge,6,6,3,10000
Geodude (Alolan) (Shadow),100,74,rock,electric,123.5,123.5,113,1723504,50,1458,Volt Switch,Rock Tomb,Rock Slide,4,3,1,10000
Chansey,100,113,normal,none,63.0,120.1,421,3185412,50,1416,Zen Headbutt,Dazzling Gleam,Psychic,10,10,5,75000
Zebstrika,100,523,electric,none,137.7,95.4,124,1628936,23,1497,Low Kick,Wild Charge,Flame Charge,6,7,3,50000
Ivysaur,100,2,grass,poison,118.7,121.0,131,1881514,37.5,1494,Vine Whip,Power Whip,Sludge Bomb,7,7,3,10000
Misdreavus (Shadow),100,200,ghost,none,123.0,120.8,122,1812725,29,1493,Astonish,Shadow Sneak,Dark Pulse,5,5,3,50000
Geodude (Alolan),100,74,rock,electric,123.5,123.5,113,1723504,50,1458,Volt Switch,Rock Tomb,Rock Slide,4,3,1,10000
Darumaka (Shadow),100,554,fire,none,131.9,82.3,157,1704293,50,1499,Fire Fang,Fire Punch,Flame Charge,7,9,3,50000
Darumaka,100,554,fire,none,131.9,82.3,157,1704293,50,1499,Fire Fang,Fire Punch,Flame Charge,7,9,3,50000
Grovyle (Shadow),100,253,grass,none,136.3,103.2,117,1645741,36.5,1497,Bullet Seed,Leaf Blade,Aerial Ace,3,4,3,10000
Karrablast,100,588,bug,none,127.7,85.7,127,1389874,50,1332,Fury Cutter,Drill Run,X-Scissor,10,10,3,50000
Misdreavus,100,200,ghost,none,123.0,120.8,122,1812725,29,1493,Psywave,Shadow Sneak,Dark Pulse,13,13,3,50000
Mankey (Shadow),100,56,fighting,none,136.9,81.5,113,1260781,50,1313,Karate Chop,Cross Chop,Brick Break,4,5,3,50000
Hitmonchan (Shadow),100,107,fighting,none,128.9,137.4,98,1735664,24,1495,Counter,Ice Punch,Thunder Punch,7,7,5,75000
Quilava,100,156,fire,none,126.6,109.4,128,1772805,38.5,1498,Ember,Flame Charge,Dig,6,6,3,10000
Mankey,100,56,fighting,none,136.9,81.5,113,1260781,50,1313,Karate Chop,Cross Chop,Brick Break,4,5,3,50000
Hitmonchan,100,107,fighting,none,128.9,137.4,98,1735664,24,1495,Counter,Ice Punch,Thunder Punch,7,7,5,75000
Nidorino,100,33,poison,none,123.3,104.3,141,1813287,47.5,1495,Poison Sting,Sludge Bomb,Dig,6,6,3,50000
Pignite (Shadow),100,499,fire,fighting,127.3,87.0,158,1749866,29,1492,Ember,Rock Tomb,Flame Charge,6,6,3,10000
Delcatty,100,301,normal,none,111.9,116.8,153,1999698,46.5,1495,Charm,Wild Charge,Disarming Voice,6,6,3,50000
Quilava (Shadow),100,156,fire,none,126.6,109.4,128,1772805,38.5,1498,Ember,Flame Charge,Dig,6,6,3,10000
Teddiursa (Shadow),100,216,normal,none,131.5,90.4,142,1688039,49.5,1489,Lick,Swift,Cross Chop,12,12,3,50000
Polteageist,100,855,ghost,none,142.8,115.6,95,1568230,18,1496,Hex,Shadow Ball,Dark Pulse,4,4,3,50000
Ivysaur (Shadow),100,2,grass,poison,119.8,121.3,129,1874594,37,1498,Vine Whip,Power Whip,Sludge Bomb,7,7,3,10000
Kyogre (Shadow),100,382,water,none,133.9,116.5,104,1622332,13,1473,Waterfall,Avalanche,Surf,5,5,20,100000
Honedge,100,679,steel,ghost,122.1,127.0,118,1829791,47,1494,Psycho Cut,Gyro Ball,Iron Head,6,6,5,75000
Spritzee,100,682,fairy,none,105.0,107.5,168,1896300,50,1411,Charm,Thunderbolt,Draining Kiss,7,7,3,50000
Goldeen,100,118,water,none,115.9,105.0,120,1460340,50,1300,Peck,Aqua Tail,Horn Attack,5,5,3,50000
Tirtouga,100,564,water,rock,114.3,132.4,130,1967332,46.5,1499,Water Gun,Surf,Ancient Power,15,15,5,75000
Entei (Shadow),100,244,fire,none,128.8,95.1,139,1702594,15.5,1480,Fire Fang,Flame Charge,Scorching Sands,9,9,20,100000
Nidorino (Shadow),100,33,poison,none,123.3,104.3,141,1813287,47.5,1495,Poison Sting,Sludge Bomb,Dig,6,6,3,50000
Mr. Mime (Galarian),100,122,ice,psychic,130.4,127.0,104,1722323,27,1498,Confusion,Ice Punch,Triple Axel,3,4,5,75000
Teddiursa,100,216,normal,none,131.5,90.4,142,1688039,49.5,1489,Lick,Swift,Cross Chop,12,12,3,50000
Wobbuffet (Shadow),100,202,psychic,none,63.0,101.6,333,2131466,50,1158,Counter,Mirror Coat,Frustration,10,12,3,50000
Bonsly,100,438,rock,none,116.8,124.3,127,1843816,50,1467,Rock Throw,Rock Tomb,Rock Slide,10,9,5,10000
Cubone (Shadow),100,104,ground,none,88.2,133.6,127,1496507,50,1148,Mud Slap,Bone Club,Dig,4,5,3,50000
Heliolisk,100,695,electric,normal,138.1,112.1,105,1625506,21.5,1498,Volt Switch,Breaking Swipe,Parabolic Charge,4,4,3,50000
Yanma,100,193,bug,flying,130.8,89.6,146,1711073,46.5,1496,Wing Attack,Silver Wind,Aerial Ace,6,6,3,50000
Entei,100,244,fire,none,129.3,96.1,140,1739602,16,1499,Fire Fang,Flame Charge,Scorching Sands,9,9,20,100000
Tangela,100,114,grass,none,125.5,122.8,116,1787722,25,1497,Vine Whip,Grass Knot,Sludge Bomb,7,7,3,50000
Geodude (Shadow),100,74,rock,ground,123.5,123.5,113,1723504,50,1458,Rock Throw,Rock Tomb,Rock Slide,10,9,1,10000
Heliolisk (Shadow),100,695,electric,normal,138.1,112.1,105,1625506,21.5,1498,Volt Switch,Breaking Swipe,Parabolic Charge,4,4,3,50000
Braviary,100,628,normal,flying,133.7,92.9,135,1676799,18,1497,Air Slash,Fly,Close Combat,5,5,5,75000
Tranquill,100,520,normal,flying,123.9,102.2,143,1810749,49.5,1497,Air Slash,Heat Wave,Aerial Ace,5,5,1,10000
Crabominable,100,740,fighting,ice,136.8,88.5,135,1634418,19,1495,Bubble,Ice Punch,Brick Break,4,4,3,50000
Tirtouga (Shadow),100,564,water,rock,114.3,132.4,130,1967332,46.5,1499,Water Gun,Surf,Ancient Power,15,15,5,75000
Tangela (Shadow),100,114,grass,none,125.5,122.8,116,1787722,25,1497,Vine Whip,Grass Knot,Sludge Bomb,7,7,3,50000
Drowzee (Shadow),100,96,psychic,none,87.3,126.8,142,1571889,50,1171,Confusion,Psyshock,Psychic,3,4,3,50000
Yanmega,100,469,bug,flying,136.8,96.0,125,1641600,19,1498,Wing Attack,Aerial Ace,Ancient Power,6,6,3,50000
Phanpy,100,231,ground,none,102.5,94.9,186,1809268,50,1361,Tackle,Rock Slide,Trailblaze,15,15,3,50000
Tranquill (Shadow),100,520,normal,flying,123.9,102.2,143,1810749,49.5,1497,Air Slash,Heat Wave,Aerial Ace,5,5,1,10000
Raticate,100,20,normal,none,125.9,116.0,122,1781737,34.5,1497,Quick Attack,Hyper Fang,Dig,7,7,1,10000
Corphish (Shadow),100,341,water,none,131.0,95.7,117,1466794,50,1386,Bubble,Aqua Jet,Vise Grip,4,4,3,50000
Raticate (Shadow),100,20,normal,none,125.9,116.0,122,1781737,34.5,1497,Quick Attack,Hyper Fang,Dig,7,7,1,10000
Whirlipede,100,544,bug,poison,96.6,157.9,113,1723605,50,1290,Poison Sting,Sludge Bomb,Gyro Ball,6,6,1,10000
Skorupi,100,451,poison,bug,90.7,139.4,113,1428725,50,1138,Poison Sting,Aqua Tail,Cross Poison,4,4,5,75000
Skorupi (Shadow),100,451,poison,bug,90.7,139.4,113,1428725,50,1138,Poison Sting,Aqua Tail,Cross Poison,4,4,5,75000
Arcanine (Hisuian),100,59,fire,rock,132.4,99.4,129,1697712,17.5,1499,Snarl,Wild Charge,Rock Slide,4,4,3,50000
Geodude,100,74,rock,ground,123.5,123.5,113,1723504,50,1458,Rock Throw,Rock Tomb,Rock Slide,10,9,1,10000
Corphish,100,341,water,none,131.0,95.7,117,1466794,50,1386,Bubble,Aqua Jet,Vise Grip,4,4,3,50000
Clauncher,100,692,water,none,103.3,110.9,127,1454908,50,1225,Water Gun,Aqua Jet,Crabhammer,14,17,3,50000
Whirlipede (Shadow),100,544,bug,poison,96.6,157.9,113,1723605,50,1290,Poison Sting,Sludge Bomb,Gyro Ball,6,6,1,10000
Drizzile,100,817,water,none,137.8,92.1,128,1624497,29.5,1496,Water Gun,Surf,Water Pulse,15,17,3,10000
Phanpy (Shadow),100,231,ground,none,102.5,94.9,186,1809268,50,1361,Tackle,Rock Slide,Trailblaze,15,15,3,50000
Sawsbuck,100,586,normal,grass,129.4,101.8,131,1725653,23,1494,Feint Attack,Wild Charge,Trailblaze,8,8,3,50000
Frogadier,100,657,water,none,134.4,100.8,123,1666345,38.5,1496,Bubble,Surf,Aerial Ace,5,5,3,10000
Frogadier (Shadow),100,657,water,none,134.4,100.8,123,1666345,38.5,1496,Bubble,Surf,Aerial Ace,5,5,3,10000
Naganadel,100,804,poison,dragon,149.7,95.5,105,1501117,17.5,1499,Poison Jab,Dragon Claw,Sludge Bomb,8,8,20,100000
Deerling,100,585,normal,grass,109.2,96.6,142,1497918,50,1278,Tackle,Wild Charge,Energy Ball,15,15,3,50000
Skiddo,100,672,grass,none,115.9,98.3,151,1720338,50,1412,Rock Smash,Seed Bomb,Brick Break,6,6,3,50000
Ferroseed (Shadow),100,597,grass,steel,81.5,142.8,119,1384946,50,1062,Metal Claw,Gyro Ball,Iron Head,8,8,3,75000
Unown,100,201,psychic,none,126.8,89.0,125,1410650,50,1337,Hidden Power (Psychic),Struggle,,13,0,5,75000
Regigigas (Shadow),99.9,486,normal,none,140.2,102.0,110,1573044,12.5,1485,Hidden Power (Ice),Crush Grip,Thunder,7,8,20,100000
Regigigas,99.9,486,normal,none,139.8,104.3,110,1603925,12.5,1497,Hidden Power (Ground),Crush Grip,Thunder,7,8,20,100000
Golett (Shadow),99.8,622,ground,ghost,119.3,89.9,141,1512235,50,1343,Astonish,Shadow Punch,Brick Break,4,4,5,75000
Golett,99.8,622,ground,ghost,119.3,89.9,141,1512235,50,1343,Astonish,Shadow Punch,Brick Break,4,4,5,75000
Ninetales (Alolan),99.7,38,ice,fairy,114.5,136.1,125,1947931,24,1493,Powder Snow,Weather Ball (Ice),Chilling Water,5,6,3,50000
Ninetales (Alolan) (Shadow),99.7,38,ice,fairy,114.5,136.1,125,1947931,24,1493,Powder Snow,Weather Ball (Ice),Chilling Water,5,6,3,50000
Bombirdier,99.7,962,flying,dark,127.8,117.1,117,1750949,22,1495,Sucker Punch,Fly,Rock Tomb,7,8,5,75000
Thwackey,99.7,811,grass,none,123.6,107.5,136,1807032,30,1494,Razor Leaf,Energy Ball,Grass Knot,12,13,3,10000
Tauros (Aqua),99.6,128,fighting,water,127.8,120.6,114,1757046,20,1498,Double Kick,Aqua Jet,Trailblaze,4,4,3,50000
Lokix,99.5,920,bug,dark,132.8,104.0,122,1684966,24,1495,Sucker Punch,X-Scissor,Trailblaze,6,7,1,50000
Carkol,99.5,838,rock,fire,97.0,141.5,168,2305884,46.5,1495,Smack Down,Rock Slide,Flame Charge,6,7,3,10000
Shaymin (Sky),99.5,492,grass,flying,139.3,94.1,123,1612300,15.5,1498,Magical Leaf,Energy Ball,Grass Knot,5,5,20,100000
Wigglytuff,99.4,40,normal,fairy,115.1,75.5,223,1937881,29,1493,Charm,Icy Wind,Swift,6,5,1,10000
Eldegoss,99.4,830,grass,none,108.4,160.4,119,2069096,28.5,1497,Bullet Seed,Energy Ball,Grass Knot,4,4,3,50000
Piplup,99.3,393,water,none,106.7,98.3,131,1374008,50,1210,Bubble,Drill Peck,Icy Wind,4,5,3,10000
Piplup (Shadow),99.3,393,water,none,106.7,98.3,131,1374008,50,1210,Bubble,Drill Peck,Icy Wind,4,5,3,10000
Seaking,99.2,119,water,none,121.9,108.9,138,1831938,26,1494,Peck,Drill Run,Icy Wind,5,6,3,50000
Farfetch'd (Galarian),99.1,83,fighting,none,137.6,99.7,119,1632528,37,1498,Fury Cutter,Leaf Blade,Brick Break,9,10,3,50000
Grimer,98.9,88,poison,none,121.0,88.2,172,1835618,50,1490,Poison Jab,Sludge,Mud Bomb,6,7,3,50000
Grimer (Shadow),98.9,88,poison,none,122.7,86.8,171,1821212,49,1494,Poison Jab,Sludge,Mud Bomb,6,7,3,50000
Kricketune,98.9,402,bug,none,127.7,89.5,153,1748660,38,1494,Fury Cutter,X-Scissor,Aerial Ace,10,12,1,10000
Mismagius,98.9,429,ghost,none,131.6,123.6,104,1691639,21,1492,Hex,Shadow Ball,Dazzling Gleam,4,5,3,50000
Mismagius (Shadow),98.9,429,ghost,none,131.6,123.6,104,1691639,21,1492,Hex,Shadow Ball,Dazzling Gleam,4,5,3,50000
Banette,98.9,354,ghost,none,145.2,92.2,115,1539556,24,1495,Shadow Claw,Shadow Ball,Dazzling Gleam,7,7,3,50000
Banette (Shadow),98.9,354,ghost,none,145.9,91.6,115,1536911,24,1497,Shadow Claw,Shadow Ball,Dazzling Gleam,7,7,3,50000
Dewgong,98.8,87,water,ice,101.9,136.9,157,2190167,28.5,1493,Ice Shard,Icy Wind,Drill Run,5,4,3,50000
Tapu Fini,98.8,788,water,fairy,115.8,158.3,105,1924770,20,1492,Water Gun,Surf,Nature's Madness,15,17,20,100000
Furret,98.7,162,normal,none,115.3,105.4,160,1944419,34.5,1497,Sucker Punch,Swift,Trailblaze,5,7,1,10000
Oinkologne (Female),98.7,916,normal,none,109.6,111.5,167,2040807,22.5,1495,Mud Slap,Body Slam,Trailblaze,4,5,1,10000
Oinkologne,98.7,916,normal,none,117.6,101.5,159,1897888,21.5,1493,Mud Slap,Body Slam,Trailblaze,4,5,1,10000
Deoxys (Defense),98.7,386,psychic,none,101.0,221.4,98,2191417,23.5,1487,Counter,Psycho Boost,Thunderbolt,6,10,20,100000
Cranidos (Shadow),98.7,408,rock,none,163.9,62.9,133,1371138,30,1499,Take Down,Rock Tomb,Ancient Power,7,6,5,75000
Cranidos,98.7,408,rock,none,163.9,62.9,133,1371138,30,1499,Take Down,Rock Tomb,Ancient Power,7,6,5,75000
Talonflame (Shadow),98.6,663,fire,flying,121.4,112.6,135,1845401,25.5,1496,Incinerate,Flame Charge,Fly,3,3,1,10000
Haxorus,98.6,612,dragon,none,151.4,95.1,103,1483008,15.5,1498,Dragon Tail,Breaking Swipe,Surf,5,4,5,75000
Feraligatr,98.5,160,water,none,123.8,117.3,125,1815218,19.5,1499,Shadow Claw,Hydro Cannon,Ice Beam,5,7,3,10000
Feraligatr (Shadow),98.5,160,water,none,123.8,117.3,125,1815218,19.5,1499,Shadow Claw,Hydro Cannon,Ice Beam,5,7,3,10000
Coalossal,98.4,839,rock,fire,98.1,139.3,167,2282110,24,1496,Fire Spin,Rock Slide,Flame Charge,5,5,3,10000
Aipom (Shadow),98.4,190,normal,none,124.3,106.7,135,1790479,50,1491,Astonish,Swift,Aerial Ace,4,5,3,50000
Aipom,98.4,190,normal,none,124.3,106.7,135,1790479,50,1491,Astonish,Swift,Aerial Ace,4,5,3,50000
Bellossom,98.3,182,grass,none,115.0,132.2,128,1945984,24.5,1495,Acid,Leaf Blade,Dazzling Gleam,5,7,3,50000
Samurott (Hisuian),98.3,503,water,dark,132.6,96.7,132,1692559,20,1498,Fury Cutter,Sacred Sword,Icy Wind,9,12,3,10000
Bellossom (Shadow),98.3,182,grass,none,115.0,132.2,128,1945984,24.5,1495,Acid,Leaf Blade,Dazzling Gleam,5,7,3,50000
Spinda,98.3,327,normal,none,110.0,110.0,142,1718200,50,1374,Sucker Punch,Rock Tomb,Icy Wind,8,7,3,50000
Tauros (Blaze),98.3,128,fighting,fire,127.8,120.6,114,1757046,20,1498,Double Kick,Flame Charge,Trailblaze,5,4,3,50000
Brionne,98.3,729,water,none,125.8,117.0,121,1780951,30,1496,Charm,Aqua Jet,Disarming Voice,5,6,3,10000
Vanilluxe,98.3,584,ice,none,131.5,117.3,110,1696744,19.5,1493,Astonish,Avalanche,Flash Cannon,5,7,3,50000
Meganium,98.2,154,grass,none,110.8,139.0,131,2017557,23,1495,Vine Whip,Frenzy Plant,Earthquake,6,9,3,10000
Meganium (Shadow),98.2,154,grass,none,110.8,139.0,131,2017557,23,1495,Vine Whip,Frenzy Plant,Earthquake,6,9,3,10000
Metagross,98.2,376,steel,psychic,132.7,122.0,104,1683698,14.5,1494,Shadow Claw,Meteor Mash,Earthquake,6,9,5,75000
Metagross (Shadow),98.2,376,steel,psychic,132.7,122.0,104,1683698,14.5,1494,Shadow Claw,Meteor Mash,Earthquake,6,9,5,75000
Duosion (Shadow),98.2,578,psychic,none,149.2,81.9,123,1502996,27.5,1497,Hidden Power (Psychic),Psyshock,Night Shade,5,6,3,50000
Solosis (Shadow),98.2,577,psychic,none,152.0,81.8,118,1467165,49,1493,Hidden Power (Psychic),Psyshock,Night Shade,5,6,3,50000
Duosion,98.2,578,psychic,none,149.2,81.9,123,1502996,27.5,1497,Hidden Power (Psychic),Psyshock,Night Shade,5,6,3,50000
Solosis,98.2,577,psychic,none,152.0,81.8,118,1467165,49,1493,Hidden Power (Psychic),Psyshock,Night Shade,5,6,3,50000
Combusken,98.1,256,fire,fighting,130.3,100.8,131,1720585,37.5,1497,Ember,Rock Slide,Flame Charge,5,6,3,10000
Combusken (Shadow),98.1,256,fire,fighting,130.3,100.8,131,1720585,37.5,1497,Ember,Rock Slide,Flame Charge,5,6,3,10000
Comfey,98.1,764,fairy,none,116.2,157.4,105,1920437,26.5,1493,Vine Whip,Grass Knot,Draining Kiss,7,7,3,50000
Blissey,98.1,242,normal,none,81.0,111.2,307,2765210,20.5,1496,Zen Headbutt,Wild Charge,Dazzling Gleam,8,10,5,75000
Greedent,98,820,normal,none,106.8,110.7,177,2092629,23.5,1494,Mud Shot,Body Slam,Trailblaze,4,5,1,10000
Oranguru,98,765,normal,psychic,110.1,130.0,142,2032446,23,1495,Confusion,Brutal Swing,Trailblaze,3,4,3,75000
Throh,98,538,fighting,none,110.2,107.7,171,2029520,22,1495,Low Kick,Brick Break,Body Slam,5,5,5,75000
Throh (Shadow),98,538,fighting,none,110.2,107.7,171,2029520,22,1495,Low Kick,Brick Break,Body Slam,5,5,5,75000
Sawk (Shadow),98,539,fighting,none,140.3,97.3,117,1597189,20,1496,Low Kick,Brick Break,Body Slam,5,5,5,75000
Sawk,98,539,fighting,none,140.3,97.3,117,1597189,20,1496,Low Kick,Brick Break,Body Slam,5,5,5,75000
Swirlix,98,684,fairy,none,104.1,112.6,145,1699641,50,1330,Tackle,Energy Ball,Draining Kiss,15,19,3,50000
Flaaffy,97.9,180,electric,none,121.5,100.4,151,1841989,44,1496,Charge Beam,Discharge,Trailblaze,4,5,5,75000
Glimmora,97.9,970,rock,poison,137.6,102.9,115,1628290,17,1496,Rock Throw,Meteor Beam,Power Gem,12,10,3,50000
Glimmet,97.9,969,rock,poison,147.1,90.8,114,1522662,36.5,1496,Rock Throw,Power Gem,Dazzling Gleam,10,11,3,50000
Flaaffy (Shadow),97.9,180,electric,none,121.5,100.4,151,1841989,44,1496,Charge Beam,Discharge,Trailblaze,4,5,5,75000
Blastoise,97.8,9,water,none,112.1,137.7,130,2006702,23,1499,Rollout,Hydro Cannon,Skull Bash,4,6,3,10000
Milotic (Shadow),97.8,350,water,none,113.1,133.8,131,1982394,18.5,1497,Dragon Tail,Aqua Tail,Wrap,3,4,5,75000
Blastoise (Shadow),97.8,9,water,none,112.1,137.7,130,2006702,23,1499,Rollout,Hydro Cannon,Skull Bash,4,6,3,10000
Donphan (Shadow),97.8,232,ground,none,125.2,113.1,126,1784175,18.5,1494,Mud Slap,Body Slam,Trailblaze,4,5,3,50000
Donphan,97.8,232,ground,none,125.2,113.1,126,1784175,18.5,1494,Mud Slap,Body Slam,Trailblaze,4,5,3,50000
Exeggcute,97.7,102,grass,psychic,102.5,117.6,142,1711668,50,1324,Confusion,Seed Bomb,Ancient Power,3,4,3,50000
Exeggcute (Shadow),97.7,102,grass,psychic,102.5,117.6,142,1711668,50,1324,Confusion,Seed Bomb,Ancient Power,3,4,3,50000
Hakamo-o,97.5,783,dragon,fighting,115.5,135.5,124,1940631,36.5,1497,Dragon Tail,Brick Break,Rock Tomb,4,5,5,75000
Primarina,97.5,730,water,fairy,131.6,115.6,112,1703852,17,1497,Waterfall,Disarming Voice,Hydro Cannon,5,4,3,10000
Ampharos,97.5,181,electric,none,126.8,107.9,129,1764942,19.5,1495,Volt Switch,Brutal Swing,Trailblaze,3,3,5,75000
Ampharos (Shadow),97.5,181,electric,none,126.8,107.9,129,1764942,19.5,1495,Volt Switch,Brutal Swing,Trailblaze,3,3,5,75000
Kabuto,97.4,140,rock,water,134.4,129.4,96,1669571,49,1497,Mud Shot,Aqua Jet,Rock Tomb,5,6,5,75000
Kabuto (Shadow),97.4,140,rock,water,134.4,129.4,96,1669571,49,1497,Mud Shot,Aqua Jet,Rock Tomb,5,6,5,75000
Kadabra (Shadow),97.4,64,psychic,none,163.8,90.9,92,1369827,27,1497,Confusion,Shadow Ball,Dazzling Gleam,4,4,3,50000
Kadabra,97.4,64,psychic,none,163.8,90.9,92,1369827,27,1497,Confusion,Shadow Ball,Dazzling Gleam,4,4,3,50000
Skuntank,97.2,435,poison,dark,121.7,95.1,158,1828640,23.5,1491,Poison Jab,Crunch,Trailblaze,7,7,3,50000
Scizor (Shadow),97.2,212,bug,steel,137.8,112.0,105,1620528,18.5,1494,Bullet Punch,Night Slash,Trailblaze,5,7,5,75000
Scizor,97.2,212,bug,steel,137.8,112.0,105,1620528,18.5,1494,Bullet Punch,Night Slash,Trailblaze,5,7,5,75000
Skuntank (Shadow),97.2,435,poison,dark,121.7,95.1,158,1828640,23.5,1491,Poison Jab,Crunch,Trailblaze,7,7,3,50000
Drilbur (Shadow),97.2,529,ground,none,139.4,81.5,142,1613276,50,1499,Mud Slap,Drill Run,Rock Tomb,4,5,3,50000
Drilbur,97.2,529,ground,none,139.4,81.5,142,1613276,50,1499,Mud Slap,Drill Run,Rock Tomb,4,5,3,50000
Stunky (Shadow),97.2,434,poison,dark,114.2,88.2,147,1480649,50,1300,Bite,Crunch,Trailblaze,23,23,3,50000
Stunky,97.2,434,poison,dark,114.2,88.2,147,1480649,50,1300,Bite,Crunch,Trailblaze,23,23,3,50000
Rampardos (Shadow),97.2,409,rock,none,162.2,67.2,126,1373380,16.5,1492,Smack Down,Rock Slide,Flamethrower,6,7,5,75000
Rampardos,97.2,409,rock,none,162.2,67.2,126,1373380,16.5,1492,Smack Down,Rock Slide,Flamethrower,6,7,5,75000
Hattrem,97.1,857,psychic,none,122.7,115.7,128,1817138,38.5,1493,Confusion,Psyshock,Dazzling Gleam,3,4,5,50000
Espathra,97.1,956,psychic,none,131.7,89.9,143,1693096,22.5,1493,Confusion,Psyshock,Dazzling Gleam,3,4,3,50000
Falinks,97,870,fighting,none,127.5,119.1,115,1746304,23.5,1492,Counter,Superpower,Megahorn,7,10,5,75000
Dragonair (Shadow),96.9,148,dragon,none,125.2,112.4,127,1787205,33,1495,Dragon Breath,Wrap,Aqua Tail,12,9,5,75000
Quaxwell,96.9,913,water,none,125.4,103.5,138,1791088,34,1498,Wing Attack,Aqua Jet,Aerial Ace,5,6,3,10000
Espurr,96.9,677,psychic,none,113.4,108.3,145,1780777,50,1421,Confusion,Psyshock,Energy Ball,3,4,3,50000
Arctibax,96.8,997,dragon,ice,122.8,98.5,151,1826466,27,1497,Dragon Breath,Avalanche,Dragon Claw,12,13,5,75000
Baxcalibur,96.8,998,dragon,ice,135.6,95.7,127,1648069,15.5,1494,Dragon Breath,Avalanche,Dragon Claw,12,13,5,75000
Frigibax,96.8,996,dragon,ice,125.2,84.8,149,1581927,50,1407,Dragon Breath,Avalanche,Dragon Claw,12,13,5,75000
Cofagrigus,96.7,563,ghost,none,111.7,165.3,109,2012577,24.5,1499,Shadow Claw,Shadow Ball,Return,7,9,3,50000
Seviper,96.7,336,poison,none,137.5,90.0,131,1621125,26.5,1492,Poison Jab,Poison Fang,Wrap,6,7,3,50000
Exploud,96.7,295,normal,none,119.7,99.4,157,1868014,24,1495,Astonish,Crunch,Disarming Voice,5,5,1,10000
Exploud (Shadow),96.7,295,normal,none,119.7,99.4,157,1868014,24,1495,Astonish,Crunch,Disarming Voice,5,5,1,10000
Granbull (Shadow),96.7,210,fairy,none,135.3,88.3,139,1660632,22,1498,Charm,Close Combat,Crunch,6,6,3,50000
Stoutland,96.7,508,normal,none,123.8,116.2,125,1798195,19.5,1492,Sand Attack,Wild Charge,Crunch,12,12,1,10000
Carnivine,96.7,455,grass,none,130.1,101.8,130,1721743,25.5,1496,Vine Whip,Energy Ball,Crunch,6,6,5,75000
Granbull,96.7,210,fairy,none,135.3,88.3,139,1660632,22,1498,Charm,Close Combat,Crunch,6,6,3,50000
Luxio,96.7,404,electric,none,133.2,91.0,139,1684847,47.5,1498,Spark,Wild Charge,Crunch,7,7,5,75000
Seel,96.7,86,water,none,84.0,114.2,149,1429327,50,1095,Water Gun,Aqua Tail,Icy Wind,12,15,3,50000
Archen (Shadow),96.7,566,rock,flying,159.5,76.0,116,1406152,30,1497,Wing Attack,Ancient Power,Crunch,6,6,5,75000
Archeops (Shadow),96.7,567,rock,flying,160.6,81.9,106,1394233,16.5,1496,Wing Attack,Ancient Power,Crunch,6,6,5,75000
Luxio (Shadow),96.7,404,electric,none,133.7,90.2,139,1676304,46,1497,Spark,Wild Charge,Crunch,7,7,5,75000
Simipour,96.7,516,water,none,135.9,95.8,126,1640422,23.5,1493,Water Gun,Surf,Crunch,15,15,3,50000
Archeops,96.7,567,rock,flying,160.6,81.9,106,1394233,16.5,1496,Wing Attack,Ancient Power,Crunch,6,6,5,75000
Archen,96.7,566,rock,flying,159.5,76.0,116,1406152,30,1497,Wing Attack,Ancient Power,Crunch,6,6,5,75000
Loudred (Shadow),96.7,294,normal,none,125.2,80.6,178,1796219,50,1499,Bite,Stomp,Disarming Voice,20,23,1,10000
Loudred,96.7,294,normal,none,125.2,80.6,178,1796219,50,1499,Bite,Disarming Voice,Stomp,23,20,1,10000
Bergmite,96.7,712,ice,none,110.9,113.4,135,1697768,50,1372,Tackle,Icy Wind,Crunch,15,15,3,50000
Lombre,96.6,271,water,grass,106.7,112.6,142,1706048,50,1349,Bubble,Scald,Grass Knot,5,5,3,50000
Koffing,96.6,109,poison,none,112.6,131.0,113,1666818,50,1369,Infestation,Sludge,Dark Pulse,4,5,3,50000
Koffing (Shadow),96.6,109,poison,none,112.6,131.0,113,1666818,50,1369,Infestation,Sludge,Dark Pulse,4,5,3,50000
Shelgon,96.5,372,dragon,none,123.2,119.0,123,1803278,27.5,1490,Dragon Breath,Twister,Flamethrower,10,14,5,75000
Shelgon (Shadow),96.5,372,dragon,none,123.2,119.0,123,1803278,27.5,1490,Dragon Breath,Twister,Flamethrower,10,14,5,75000
Annihilape (Shadow),96.5,979,fighting,ghost,123.3,105.2,140,1815962,17,1496,Counter,Rage Fist,Ice Punch,6,7,3,50000
Haunter,96.5,93,ghost,poison,161.1,85.5,101,1391179,28,1497,Shadow Claw,Shadow Punch,Ice Punch,5,5,3,50000
Darumaka (Galarian),96.5,554,ice,none,131.9,82.3,157,1704293,50,1499,Ice Fang,Ice Punch,Ice Beam,7,10,3,50000
Illumise,96.5,314,bug,none,111.4,136.2,133,2017966,33.5,1499,Tackle,Silver Wind,Dazzling Gleam,15,19,3,50000
Dusclops,96.4,356,ghost,none,102.4,197.6,108,2185298,42,1495,Hex,Ice Punch,Shadow Punch,4,3,3,50000
Dusclops (Shadow),96.4,356,ghost,none,102.4,197.6,108,2185298,42,1495,Hex,Ice Punch,Shadow Punch,4,3,3,50000
Linoone (Galarian) (Shadow),96.4,264,dark,normal,114.1,111.7,154,1962725,38.5,1496,Snarl,Body Slam,Dig,3,4,1,10000
Linoone (Galarian),96.4,264,dark,normal,114.1,111.7,154,1962725,38.5,1496,Snarl,Body Slam,Dig,3,4,1,10000
Audino,96.4,531,normal,none,92.6,137.8,190,2424453,38,1498,Zen Headbutt,Body Slam,Disarming Voice,6,8,3,50000
Zapdos,96.3,145,electric,flying,135.6,104.6,115,1631132,15.5,1487,Thunder Shock,Drill Peck,Heat Wave,5,5,20,100000
Zapdos (Shadow),96.3,145,electric,flying,138.1,103.4,112,1599308,15,1486,Thunder Shock,Drill Peck,Heat Wave,5,5,20,100000
Braixen (Shadow),96.3,654,fire,none,130.5,106.9,123,1715905,31,1496,Ember,Psyshock,Flame Charge,5,6,3,10000
Braixen,96.3,654,fire,none,130.5,106.9,123,1715905,31,1496,Ember,Psyshock,Flame Charge,5,6,3,10000
Buneary,96.3,427,normal,none,121.8,100.8,135,1657454,50,1420,Quick Attack,Swift,Fire Punch,5,5,3,50000
Starmie,96.2,121,water,psychic,133.1,122.0,104,1688773,21.5,1499,Psywave,Aqua Jet,Power Gem,10,13,3,50000
Starmie (Shadow),96.2,121,water,psychic,133.1,122.0,104,1688773,21.5,1499,Psywave,Aqua Jet,Power Gem,10,13,3,50000
Stakataka,96.2,805,rock,steel,119.5,169.0,93,1878182,17,1498,Rock Throw,Stone Edge,Flash Cannon,11,13,20,100000
Anorith (Shadow),96.2,347,rock,bug,145.4,92.0,115,1538332,43.5,1495,Struggle Bug,Aqua Jet,Ancient Power,5,6,3,50000
Anorith,96.2,347,rock,bug,145.4,92.0,115,1538332,43.5,1495,Struggle Bug,Aqua Jet,Ancient Power,5,6,3,50000
Toucannon (Shadow),96.1,733,normal,flying,137.2,96.7,123,1631871,20.5,1496,Peck,Beak Blast,Drill Peck,7,5,1,10000
Toucannon,96.1,733,normal,flying,137.2,96.7,123,1631871,20.5,1496,Peck,Beak Blast,Drill Peck,7,5,1,10000
Mewtwo (Shadow),96.1,150,psychic,none,147.3,94.4,106,1473943,13,1473,Psycho Cut,Psystrike,Thunderbolt,5,7,20,100000
Beheeyem,96.1,606,psychic,none,134.4,105.7,117,1662111,20,1494,Confusion,Rock Slide,Dark Pulse,4,4,3,50000
Dwebble (Shadow),96,557,bug,rock,111.7,120.1,127,1703727,50,1379,Smack Down,Rock Tomb,X-Scissor,7,5,1,10000
Dwebble,96,557,bug,rock,111.7,120.1,127,1703727,50,1379,Smack Down,Rock Tomb,X-Scissor,7,5,1,10000
Scrafty,95.9,560,dark,fighting,110.4,156.7,117,2024063,24.5,1494,Counter,Foul Play,Upper Hand,7,7,3,50000
Scraggy,95.9,559,dark,fighting,120.2,122.7,126,1858316,49,1494,Feint Attack,Upper Hand,Foul Play,7,7,3,50000
Zoroark,95.9,571,dark,none,157.3,87.9,103,1424147,21.5,1496,Shadow Claw,Foul Play,Sludge Bomb,5,7,5,75000
Cloyster,95.9,91,water,ice,119.0,169.7,93,1878070,22,1494,Ice Shard,Icy Wind,Liquidation,5,5,3,50000
Cloyster (Shadow),95.9,91,water,ice,119.0,169.7,93,1878070,22,1494,Ice Shard,Icy Wind,Liquidation,5,5,3,50000
Carracosta,95.9,565,water,rock,121.4,126.9,120,1848679,21.5,1498,Water Gun,Ancient Power,Liquidation,15,15,5,75000
Carracosta (Shadow),95.9,565,water,rock,121.4,126.9,120,1848679,21.5,1498,Water Gun,Ancient Power,Liquidation,15,15,5,75000
Wugtrio,95.9,961,water,none,151.0,108.6,90,1475874,29,1492,Mud Slap,Liquidation,Surf,5,5,3,50000
Glaceon,95.9,471,ice,none,135.7,122.3,99,1643015,17.5,1493,Ice Shard,Avalanche,Water Pulse,5,5,5,75000
Lilligant,95.9,549,grass,none,136.5,105.8,114,1646354,22,1499,Charm,Petal Blizzard,Hyper Beam,9,10,1,10000
Altaria,95.8,334,dragon,flying,103.4,151.9,138,2167491,28.5,1497,Dragon Breath,Sky Attack,Flamethrower,13,14,1,10000
Altaria (Shadow),95.8,334,dragon,flying,103.4,151.9,138,2167491,28.5,1497,Dragon Breath,Sky Attack,Flamethrower,13,14,1,10000
Pachirisu,95.8,417,electric,none,91.5,157.1,142,2041200,50,1366,Volt Switch,Hyper Fang,Thunder Punch,4,3,5,75000
Castform (Rainy),95.8,351,water,none,112.6,121.2,146,1992480,39.5,1497,Water Gun,Weather Ball (Water),Thunder,12,20,5,75000
Hippopotas,95.8,449,ground,none,115.1,111.7,152,1954214,50,1499,Sand Attack,Rock Tomb,Body Slam,13,9,3,50000
Glalie,95.8,362,ice,none,115.2,120.7,140,1946650,27,1497,Rollout,Avalanche,Shadow Ball,4,4,3,50000
Hippopotas (Shadow),95.8,449,ground,none,115.1,111.7,152,1954214,50,1499,Sand Attack,Rock Tomb,Body Slam,13,9,3,50000
Toxicroak,95.8,454,poison,fighting,136.2,93.7,129,1646290,22.5,1497,Poison Sting,Dynamic Punch,Shadow Ball,5,6,3,50000
Farfetch'd,95.8,83,normal,flying,116.8,109.2,131,1670847,50,1396,Fury Cutter,Leaf Blade,Aerial Ace,9,12,3,50000
Toxicroak (Shadow),95.8,454,poison,fighting,136.2,93.7,129,1646290,22.5,1497,Poison Sting,Dynamic Punch,Shadow Ball,5,6,3,50000
Glalie (Shadow),95.8,362,ice,none,115.2,120.7,140,1946650,27,1497,Rollout,Avalanche,Shadow Ball,4,4,3,50000
Meowstic (Male),95.8,678,psychic,none,117.1,123.9,132,1915147,26,1497,Confusion,Energy Ball,Thunderbolt,4,4,3,50000
Milotic,95.7,350,water,none,113.1,133.8,131,1982394,18.5,1497,Waterfall,Aqua Tail,Wrap,4,5,5,75000
Amaura (Shadow),95.7,698,rock,ice,114.2,104.1,165,1961556,50,1496,Powder Snow,Weather Ball (Ice),Thunderbolt,5,7,5,75000
Amaura,95.7,698,rock,ice,114.2,104.1,165,1961556,50,1496,Powder Snow,Weather Ball (Ice),Thunderbolt,5,7,5,75000
Cryogonal,95.7,615,ice,none,115.8,137.9,121,1932227,20,1495,Ice Shard,Triple Axel,Night Slash,5,4,5,75000
Dugtrio (Alolan) (Shadow),95.7,51,ground,steel,148.1,112.9,90,1504844,29,1492,Mud Slap,Mud Bomb,Iron Head,5,5,3,50000
Dugtrio (Alolan),95.7,51,ground,steel,148.1,112.9,90,1504844,29,1492,Mud Slap,Mud Bomb,Iron Head,5,5,3,50000
Musharna,95.7,518,psychic,none,113.1,108.8,161,1981150,20.5,1496,Charge Beam,Psyshock,Dazzling Gleam,4,5,3,50000
Munna,95.7,517,psychic,none,105.8,89.9,166,1578896,50,1292,Charge Beam,Psyshock,Dazzling Gleam,4,5,3,50000
Victreebel (Shadow),95.6,71,grass,poison,135.1,93.5,131,1654772,23,1495,Acid,Leaf Blade,Sludge Bomb,5,7,3,50000
Victreebel,95.6,71,grass,poison,135.1,93.5,131,1654772,23,1495,Acid,Leaf Blade,Sludge Bomb,5,7,3,50000
Timburr,95.6,532,fighting,none,125.2,85.7,164,1759661,50,1484,Low Kick,Brick Break,Rock Tomb,5,7,5,75000
Leavanny,95.6,542,bug,grass,129.4,110.2,121,1725445,21.5,1494,Shadow Claw,Leaf Blade,X-Scissor,5,5,1,10000
Relicanth,95.6,369,water,rock,105.1,133.6,152,2134287,22.5,1497,Water Gun,Aqua Tail,Ancient Power,12,15,5,75000
Timburr (Shadow),95.6,532,fighting,none,125.2,85.7,164,1759661,50,1484,Low Kick,Brick Break,Rock Tomb,5,7,5,75000
Litleo,95.6,667,fire,normal,121.5,105.7,144,1849327,48.5,1498,Incinerate,Flame Charge,Crunch,3,3,3,10000
Floette,95.6,670,fairy,none,114.2,134.5,128,1966067,44,1498,Vine Whip,Dazzling Gleam,Petal Blizzard,7,9,3,50000
Pupitar (Shadow),95.6,247,rock,ground,120.1,111.8,139,1866378,34,1497,Bite,Ancient Power,Dig,23,25,5,75000
Pupitar,95.6,247,rock,ground,120.1,111.8,139,1866378,34,1497,Bite,Ancient Power,Dig,23,25,5,75000
Flabebe,95.6,669,fairy,none,103.3,113.4,119,1393992,50,1199,Vine Whip,Dazzling Gleam,Petal Blizzard,7,9,3,50000
Swalot,95.5,317,poison,none,103.4,122.6,171,2167740,28.5,1497,Mud Shot,Sludge,Ice Beam,5,7,1,10000
Druddigon,95.5,621,dragon,none,131.2,111.2,117,1706964,20.5,1496,Dragon Tail,Night Slash,Rock Tomb,3,5,5,75000
Vikavolt,95.5,738,bug,electric,144.1,96.6,111,1545127,17.5,1492,Volt Switch,X-Scissor,Fly,3,3,1,10000
Spoink,95.5,325,psychic,none,117.6,115.1,141,1908542,50,1498,Zen Headbutt,Shadow Ball,Return,9,12,1,10000
Lumineon,95.4,457,water,none,109.0,137.4,137,2051794,32.5,1495,Gust,Aqua Tail,Silver Wind,3,4,3,50000
Naclstack,95.4,933,rock,none,100.8,147.0,142,2104099,50,1456,Mud Shot,Rock Tomb,Rock Blast,6,5,5,50000
Garganacl,95.4,934,rock,none,105.8,137.2,145,2104785,20.5,1492,Mud Shot,Rock Tomb,Rock Blast,6,5,5,50000
Vigoroth,95.4,288,normal,none,116.2,114.1,145,1922471,28.5,1494,Counter,Body Slam,Rock Slide,6,8,5,75000
Vigoroth (Shadow),95.4,288,normal,none,116.2,114.1,145,1922471,28.5,1494,Counter,Body Slam,Rock Slide,6,8,5,75000
Dustox,95.4,269,bug,poison,94.9,148.7,142,2003851,50,1379,Confusion,Silver Wind,Sludge Bomb,4,4,1,10000
Omanyte,95.4,138,rock,water,128.0,135.2,101,1747866,43,1495,Mud Shot,Rock Tomb,Rock Blast,6,5,5,75000
Omanyte (Shadow),95.4,138,rock,water,128.0,135.2,101,1747866,43,1495,Mud Shot,Rock Tomb,Rock Blast,6,5,5,75000
Elgyem,95.4,605,psychic,none,133.6,95.4,132,1682398,48,1499,Confusion,Dark Pulse,Psychic,4,4,3,50000
Hoopa,95.4,720,psychic,ghost,144.8,106.3,99,1523832,16,1485,Confusion,Shadow Ball,Psychic,4,4,20,100000
Sableye,95.3,302,dark,ghost,119.6,124.6,125,1862770,47,1492,Shadow Claw,Foul Play,Power Gem,5,7,5,75000
Aerodactyl,95.3,142,rock,flying,134.4,103.3,120,1666022,20,1496,Dragon Breath,Rock Slide,Earth Power,12,13,5,75000
Aerodactyl (Shadow),95.3,142,rock,flying,134.4,103.3,120,1666022,20,1496,Dragon Breath,Rock Slide,Earth Power,12,13,5,75000
Guzzlord,95.2,799,dark,dragon,113.2,66.0,265,1979868,19.5,1497,Dragon Tail,Brutal Swing,Sludge Bomb,3,5,20,100000
Vespiquen,95.2,416,bug,flying,108.8,143.4,132,2059453,28,1496,Fury Cutter,X-Scissor,Power Gem,10,13,3,50000
Kingambit,95.2,983,dark,steel,127.2,112.0,124,1766554,15.5,1499,Metal Sound,Foul Play,Iron Head,5,7,5,75000
Hariyama (Shadow),95.2,297,fighting,none,125.6,76.0,186,1775482,19.5,1493,Force Palm,Upper Hand,Heavy Slam,4,5,3,50000
Hariyama,95.2,297,fighting,none,125.6,76.0,186,1775482,19.5,1493,Force Palm,Upper Hand,Heavy Slam,4,5,3,50000
Frillish,95.2,592,water,ghost,109.2,125.2,135,1845698,50,1419,Hex,Night Shade,Ice Beam,4,5,3,50000
Durant,95.2,632,bug,steel,135.2,122.4,100,1654848,21,1495,Bug Bite,X-Scissor,Stone Edge,14,19,3,50000
Basculin,95.2,550,water,none,133.9,97.1,129,1677218,27,1498,Water Gun,Aqua Tail,Aqua Jet,12,14,1,10000
Torracat,95.2,726,fire,none,135.5,89.8,135,1642666,35,1491,Ember,Flame Charge,Crunch,6,5,3,10000
Popplio,95.2,728,water,none,113.4,99.1,127,1427218,50,1272,Water Gun,Aqua Tail,Aqua Jet,12,14,3,10000
Indeedee (Female),95.2,876,psychic,normal,121.7,128.2,118,1841029,23.5,1496,Extrasensory,Energy Ball,Psychic,5,6,3,50000
Dondozo,95.1,977,water,none,104.5,109.7,187,2143703,18.5,1496,Waterfall,Surf,Outrage,5,6,5,75000
Dewott,95.1,502,water,none,122.6,99.7,149,1821260,35,1494,Fury Cutter,Aqua Tail,X-Scissor,9,10,3,10000
Dewott (Shadow),95.1,502,water,none,124.1,99.7,146,1806424,35,1497,Fury Cutter,Aqua Tail,X-Scissor,9,10,3,10000
Heracross,95.1,214,bug,fighting,134.6,108.4,114,1663333,17.5,1496,Fury Cutter,Upper Hand,Rock Tomb,10,13,3,50000
Heatran (Shadow),95.1,485,fire,steel,130.7,115.4,110,1659106,14.5,1472,Fire Spin,Magma Storm,Earth Power,4,5,20,100000
Heatran,95.1,485,fire,steel,132.9,112.2,113,1684986,15,1496,Fire Spin,Magma Storm,Earth Power,4,5,20,100000
Reuniclus (Shadow),95.1,579,psychic,none,126.9,94.9,147,1770293,19,1498,Charm,Psyshock,Shadow Ball,5,7,3,50000
Spoink (Shadow),95.1,325,psychic,none,117.6,115.1,141,1908542,50,1498,Zen Headbutt,Shadow Ball,Mirror Coat,9,10,1,10000
Pineco,95,204,bug,none,103.3,115.1,127,1510008,50,1248,Bug Bite,Rock Tomb,Sand Tomb,17,14,5,75000
Pineco (Shadow),95,204,bug,none,103.3,115.1,127,1510008,50,1248,Bug Bite,Rock Tomb,Sand Tomb,17,14,5,75000
Gorebyss,95,368,water,none,136.2,121.0,100,1648020,22.5,1498,Confusion,Water Pulse,Psychic,4,4,3,50000
Samurott,94.9,503,water,none,128.0,100.8,136,1754726,19.5,1498,Fury Cutter,Hydro Cannon,Megahorn,10,14,3,10000
Samurott (Shadow),94.9,503,water,none,128.0,100.8,136,1754726,19.5,1498,Fury Cutter,Hydro Cannon,Megahorn,10,14,3,10000
Electabuzz (Shadow),94.9,125,electric,none,132.1,112.5,114,1694182,24,1495,Thunder Shock,Thunder Punch,Thunderbolt,5,7,5,75000
Charmeleon (Shadow),94.9,5,fire,none,126.6,109.4,128,1772805,38.5,1498,Ember,Fire Punch,Flamethrower,5,7,3,10000
Inteleon,94.9,818,water,none,153.4,89.0,107,1460828,18.5,1496,Water Gun,Surf,Shadow Ball,15,17,3,10000
Swanna,94.8,581,water,flying,128.5,101.0,134,1739119,26.5,1494,Gust,Aqua Jet,Fly,3,4,3,50000
Swanna (Shadow),94.8,581,water,flying,128.5,101.0,134,1739119,26.5,1494,Gust,Aqua Jet,Fly,3,4,3,50000
Garbodor,94.8,569,poison,none,121.0,115.9,132,1851155,23.5,1496,Infestation,Body Slam,Seed Bomb,3,4,3,50000
Garbodor (Shadow),94.8,569,poison,none,121.0,115.9,132,1851155,23.5,1496,Infestation,Body Slam,Seed Bomb,3,4,3,50000
Slowking,94.7,199,water,psychic,113.4,120.9,144,1974249,22,1496,Confusion,Surf,Blizzard,4,6,3,50000
Aggron,94.7,306,steel,rock,116.6,155.7,106,1924390,18.5,1497,Dragon Tail,Rock Tomb,Thunder,5,5,1,10000
Slowking (Shadow),94.7,199,water,psychic,113.4,120.9,144,1974249,22,1496,Confusion,Surf,Blizzard,4,6,3,50000
Gloom,94.7,44,grass,poison,121.3,115.9,131,1841686,37,1494,Acid,Sludge Bomb,Moonblast,7,8,3,50000
Aggron (Shadow),94.7,306,steel,rock,116.6,155.7,106,1924390,18.5,1497,Dragon Tail,Rock Tomb,Thunder,5,5,1,10000
Gloom (Shadow),94.7,44,grass,poison,121.3,115.9,131,1841686,37,1494,Acid,Sludge Bomb,Moonblast,7,8,3,50000
Vileplume (Shadow),94.7,45,grass,poison,128.8,112.7,120,1741891,21.5,1497,Acid,Sludge Bomb,Moonblast,7,8,3,50000
Gumshoos,94.7,735,normal,none,134.2,84.9,147,1674856,25.5,1499,Bite,Rock Tomb,Crunch,25,23,1,10000
Castform (Snowy),94.6,351,ice,none,112.6,121.2,146,1992480,39.5,1497,Powder Snow,Weather Ball (Ice),Blizzard,5,10,5,75000
Hatterene,94.6,858,psychic,fairy,142.1,115.0,96,1568784,19.5,1493,Psycho Cut,Psyshock,Power Whip,5,6,5,50000
Tyrunt,94.6,696,rock,dragon,126.6,107.8,129,1760525,38.5,1492,Dragon Tail,Rock Tomb,Stomp,5,4,5,75000
Tyrantrum,94.6,697,rock,dragon,129.0,115.1,116,1722356,17.5,1490,Dragon Tail,Rock Tomb,Crunch,5,4,5,75000
Tyrantrum (Shadow),94.6,697,rock,dragon,129.0,115.1,116,1722356,17.5,1490,Dragon Tail,Crunch,Rock Tomb,4,5,5,75000
Tyrunt (Shadow),94.6,696,rock,dragon,126.6,107.8,129,1760525,38.5,1492,Dragon Tail,Rock Tomb,Stomp,5,4,5,75000
Snover,94.6,459,grass,ice,109.2,100.8,142,1563045,50,1306,Powder Snow,Energy Ball,Ice Beam,6,7,3,50000
Snover (Shadow),94.6,459,grass,ice,109.2,100.8,142,1563045,50,1306,Powder Snow,Energy Ball,Ice Beam,6,7,3,50000
Mr. Rime,94.6,866,ice,psychic,127.4,114.4,120,1748947,19.5,1492,Confusion,Icy Wind,Psychic,4,4,5,75000
Sandslash,94.5,28,ground,none,120.4,123.0,125,1851150,23.5,1492,Sand Attack,Night Slash,Rock Tomb,9,13,3,50000
Ferrothorn,94.5,598,grass,steel,107.1,152.7,128,2093334,24.5,1497,Bullet Seed,Power Whip,Thunder,4,5,3,75000
Sandslash (Shadow),94.5,28,ground,none,120.4,123.0,125,1851150,23.5,1492,Sand Attack,Night Slash,Rock Tomb,9,13,3,50000
Ferrothorn (Shadow),94.5,598,grass,steel,107.1,152.7,128,2093334,24.5,1497,Bullet Seed,Power Whip,Thunder,4,5,3,75000
Grumpig,94.4,326,psychic,none,113.3,131.4,132,1965166,23.5,1492,Psywave,Dynamic Punch,Shadow Ball,12,13,1,10000
Grumpig (Shadow),94.4,326,psychic,none,113.3,131.4,132,1965166,23.5,1492,Psywave,Dynamic Punch,Shadow Ball,12,13,1,10000
Gogoat,94.4,673,grass,none,119.7,94.9,165,1874322,19.5,1497,Vine Whip,Leaf Blade,Rock Slide,5,6,3,50000
Sandshrew (Shadow),94.4,27,ground,none,118.4,113.4,127,1705173,50,1420,Sand Attack,Sand Tomb,Rock Tomb,10,13,3,50000
Sandshrew,94.4,27,ground,none,118.4,113.4,127,1705173,50,1420,Sand Attack,Sand Tomb,Rock Tomb,10,13,3,50000
Reuniclus,94.4,579,psychic,none,126.9,94.9,147,1770293,19,1498,Hidden Power (Fighting),Psyshock,Shadow Ball,5,7,3,50000
Lapras,94.3,131,water,ice,104.6,114.5,179,2143829,21.5,1497,Psywave,Sparkling Aria,Ice Beam,12,14,5,75000
Lapras (Shadow),94.3,131,water,ice,104.6,114.5,179,2143829,21.5,1497,Psywave,Sparkling Aria,Ice Beam,12,14,5,75000
Walrein,94.3,365,ice,water,112.4,114.9,154,1988873,20.5,1495,Powder Snow,Icicle Spear,Earthquake,5,9,3,50000
Goodra,94.3,706,dragon,none,119.6,134.1,117,1876488,16,1498,Dragon Breath,Aqua Tail,Thunder Punch,9,10,5,75000
Walrein (Shadow),94.3,365,ice,water,112.4,114.9,154,1988873,20.5,1495,Powder Snow,Icicle Spear,Earthquake,5,9,3,50000
Excadrill (Shadow),94.3,530,ground,steel,142.6,78.7,140,1571167,17,1496,Mud Shot,Drill Run,Rock Slide,5,5,3,50000
Excadrill,94.3,530,ground,steel,142.6,78.7,140,1571167,17,1496,Mud Shot,Drill Run,Rock Slide,5,5,3,50000
Chimecho,94.3,358,psychic,none,119.5,120.8,130,1876628,25,1497,Astonish,Psyshock,Shadow Ball,4,5,5,75000
Magmar,94.3,126,fire,none,135.1,107.6,114,1657191,23,1496,Karate Chop,Fire Punch,Scorching Sands,5,6,5,75000
Dialga (Shadow),94.3,483,steel,dragon,139.4,107.0,106,1581075,13.5,1484,Dragon Breath,Iron Head,Thunder,13,15,20,100000
Floragato,94.3,907,grass,none,124.4,110.5,131,1800752,37,1496,Leafage,Energy Ball,Play Rough,6,8,3,10000
Dolliv,94.3,929,grass,normal,118.4,122.6,130,1887059,50,1494,Magical Leaf,Earth Power,Trailblaze,5,5,3,50000
Skrelp,94.3,690,poison,water,104.1,104.1,127,1376275,50,1196,Acid,Aqua Tail,Twister,5,5,3,50000
Arboliva,94.3,930,grass,normal,129.2,116.6,115,1732443,18.5,1496,Magical Leaf,Earth Power,Trailblaze,5,5,3,50000
Shaymin (Land),94.3,492,grass,none,117.8,122.2,132,1900161,17,1496,Magical Leaf,Grass Knot,Seed Flare,5,8,20,100000
Liepard (Shadow),94.3,510,dark,none,139.7,88.5,129,1594885,30,1492,Snarl,Dark Pulse,Play Rough,4,5,1,10000
Liepard,94.3,510,dark,none,139.7,88.5,129,1594885,30,1492,Snarl,Dark Pulse,Play Rough,4,5,1,10000
Decidueye (Hisuian),94.2,724,grass,fighting,126.9,109.4,127,1763123,19,1495,Psycho Cut,Energy Ball,Aura Sphere,5,5,3,10000
Girafarig (Shadow),94.2,203,normal,psychic,130.3,101.5,130,1719308,27.5,1496,Confusion,Psychic Fangs,Trailblaze,3,4,3,50000
Girafarig,94.2,203,normal,psychic,130.3,101.5,130,1719308,27.5,1496,Confusion,Psychic Fangs,Trailblaze,3,4,3,50000
Forretress,94.1,205,bug,steel,109.7,145.4,128,2041649,24.5,1496,Volt Switch,Sand Tomb,Rock Tomb,3,4,5,75000
Forretress (Shadow),94.1,205,bug,steel,109.7,145.4,128,2041649,24.5,1496,Volt Switch,Sand Tomb,Rock Tomb,3,4,5,75000
Dunsparce,94.1,206,normal,none,104.7,110.9,184,2136466,37.5,1495,Rollout,Drill Run,Rock Slide,4,4,3,50000
Tauros,94.1,128,normal,none,125.1,119.5,120,1793934,21.5,1498,Tackle,Trailblaze,Horn Attack,15,12,3,50000
Metang,94,375,steel,psychic,108.9,145.8,129,2048213,36,1493,Fury Cutter,Psyshock,Gyro Ball,10,13,5,75000
Metang (Shadow),94,375,steel,psychic,108.9,145.8,129,2048213,36,1493,Fury Cutter,Psyshock,Gyro Ball,10,13,5,75000
Bibarel,94,400,normal,water,122.9,99.2,149,1816560,31.5,1494,Rollout,Surf,Hyper Fang,4,4,1,10000
Bibarel (Shadow),94,400,normal,water,122.9,99.2,149,1816560,31.5,1494,Rollout,Surf,Hyper Fang,4,4,1,10000
Chinchou,94,170,water,electric,101.6,94.1,164,1567932,50,1262,Bubble,Water Pulse,Thunderbolt,5,5,3,50000
Gyarados,93.9,130,water,flying,130.7,108.5,121,1715895,16.5,1497,Dragon Breath,Aqua Tail,Twister,9,10,1,10000
Gyarados (Shadow),93.9,130,water,flying,130.7,108.5,121,1715895,16.5,1497,Dragon Breath,Aqua Tail,Twister,9,10,1,10000
Slowking (Galarian),93.9,199,poison,psychic,117.3,117.9,138,1908494,20.5,1496,Acid,Psyshock,Shadow Ball,5,7,3,50000
Xatu (Shadow),93.9,178,psychic,flying,132.2,107.9,119,1697461,25.5,1498,Peck,Psyshock,Shadow Ball,5,7,3,50000
Xatu,93.9,178,psychic,flying,132.2,107.9,119,1697461,25.5,1498,Peck,Psyshock,Shadow Ball,5,7,3,50000
Mr. Mime,93.9,122,psychic,fairy,131.5,144.2,90,1706607,25,1498,Psywave,Shadow Ball,Psychic,13,14,5,75000
Clawitzer,93.9,693,water,none,134.4,110.5,112,1663334,20,1495,Water Gun,Crabhammer,Ice Beam,17,19,3,50000
Dudunsparce,93.8,982,normal,none,116.1,98.5,169,1932659,20.5,1497,Rollout,Body Slam,Drill Run,3,4,3,50000
Pawniard,93.8,624,dark,steel,131.9,107.7,119,1690470,49,1493,Fury Cutter,Night Slash,X-Scissor,9,10,5,75000
Corvisquire,93.8,822,flying,none,118.1,104.7,153,1891856,49.5,1494,Peck,Sky Attack,Payback,7,8,1,10000
Unfezant (Shadow),93.8,521,normal,flying,138.5,95.5,122,1613664,20,1494,Air Slash,Heat Wave,Sky Attack,5,6,1,10000
Unfezant,93.8,521,normal,flying,138.5,95.5,122,1613664,20,1494,Air Slash,Heat Wave,Sky Attack,5,6,1,10000
Indeedee (Male),93.8,876,psychic,normal,134.9,114.6,107,1654171,22.5,1493,Extrasensory,Shadow Ball,Psychic,5,6,3,50000
Ninetales,93.7,38,fire,none,114.3,135.5,126,1951444,24.5,1493,Ember,Weather Ball (Fire),Energy Ball,4,5,3,50000
Ninetales (Shadow),93.7,38,fire,none,114.3,135.5,126,1951444,24.5,1493,Ember,Weather Ball (Fire),Energy Ball,4,5,3,50000
Furfrou,93.7,676,normal,none,115.5,125.1,134,1936173,26.5,1495,Sucker Punch,Surf,Grass Knot,7,8,5,75000
Miltank,93.6,241,normal,none,105.3,134.8,150,2129166,24,1497,Rollout,Body Slam,Thunderbolt,3,5,5,75000
Klang,93.6,600,steel,none,114.0,137.7,125,1962225,31.5,1495,Metal Sound,Vise Grip,Thunderbolt,5,7,5,75000
Magmortar (Shadow),93.6,467,fire,none,140.8,104.5,108,1589069,17.5,1495,Karate Chop,Fire Punch,Thunderbolt,5,7,5,75000
Magmortar,93.6,467,fire,none,140.8,104.5,108,1589069,17.5,1495,Karate Chop,Fire Punch,Thunderbolt,5,7,5,75000
Hydreigon (Shadow),93.5,635,dark,dragon,136.0,104.5,116,1648592,15,1497,Dragon Breath,Brutal Swing,Fly,9,12,5,75000
Hydreigon,93.5,635,dark,dragon,136.0,104.5,116,1648592,15,1497,Dragon Breath,Brutal Swing,Fly,9,12,5,75000
Kleavor,93.4,900,bug,rock,143.6,104.5,104,1560645,17.5,1497,Fury Cutter,X-Scissor,Rock Slide,10,12,5,75000
Gabite (Shadow),93.3,444,dragon,ground,128.7,102.4,132,1739612,30,1496,Mud Shot,Twister,Dig,5,6,5,75000
Gabite,93.3,444,dragon,ground,128.7,102.4,132,1739612,30,1496,Mud Shot,Twister,Dig,5,6,5,75000
Dugtrio,93.3,51,ground,none,136.7,120.0,100,1640400,41,1497,Sucker Punch,Mud Bomb,Stone Edge,7,8,3,50000
Dugtrio (Shadow),93.3,51,ground,none,136.7,120.0,100,1640400,41,1497,Sucker Punch,Mud Bomb,Stone Edge,7,8,3,50000
Lairon,93.2,305,steel,rock,113.8,147.1,118,1975318,27,1499,Metal Sound,Rock Tomb,Body Slam,7,5,1,10000
Aron,93.2,304,steel,rock,114.2,131.0,127,1899945,50,1473,Metal Sound,Rock Tomb,Body Slam,7,5,1,10000
Lairon (Shadow),93.2,305,steel,rock,113.8,147.1,118,1975318,27,1499,Metal Sound,Rock Tomb,Body Slam,7,5,1,10000
Muk,93.2,89,poison,none,115.8,111.7,148,1914359,20,1488,Poison Jab,Thunder Punch,Dark Pulse,6,8,3,50000
Aron (Shadow),93.2,304,steel,rock,114.2,131.0,127,1899945,50,1473,Metal Sound,Rock Tomb,Body Slam,7,5,1,10000
Muk (Shadow),93.2,89,poison,none,115.8,111.7,148,1914359,20,1488,Poison Jab,Thunder Punch,Dark Pulse,6,8,3,50000
Meowstic (Female),93.2,678,psychic,none,117.1,123.9,132,1915147,26,1497,Confusion,Shadow Ball,Energy Ball,4,4,3,50000
Azumarill,93.1,184,water,fairy,93.4,134.4,191,2397615,43,1496,Bubble,Ice Beam,Play Rough,5,6,3,50000
Lickitung,93.1,108,normal,none,96.6,127.7,186,2294463,50,1488,Lick,Body Slam,Power Whip,12,17,3,50000
Chatot,93.1,441,normal,flying,139.6,78.4,147,1608862,32.5,1498,Peck,Heat Wave,Sky Attack,6,7,5,75000
Graveler (Shadow),93.1,75,rock,ground,122.6,129.8,115,1830050,29.5,1497,Mud Slap,Rock Slide,Dig,5,5,1,10000
Graveler,93.1,75,rock,ground,121.4,130.9,116,1843386,30,1495,Mud Slap,Rock Slide,Dig,5,5,1,10000
Mawile,93,303,steel,fairy,124.7,120.8,119,1792587,39,1495,Fairy Wind,Vise Grip,Iron Head,5,6,5,75000
Mawile (Shadow),93,303,steel,fairy,124.7,120.8,119,1792587,39,1495,Fairy Wind,Vise Grip,Iron Head,5,6,5,75000
Slowpoke (Galarian),93,79,psychic,none,104.1,94.9,186,1837511,50,1383,Confusion,Psyshock,Surf,3,4,3,50000
Shiftry (Shadow),92.9,275,grass,dark,133.4,88.0,143,1678706,23.5,1496,Snarl,Leaf Blade,Foul Play,3,4,3,50000
Shiftry,92.9,275,grass,dark,133.4,88.0,143,1678706,23.5,1496,Snarl,Leaf Blade,Foul Play,3,4,3,50000
Raboot,92.9,814,fire,none,128.8,103.7,130,1736353,31.5,1495,Fire Spin,Flame Charge,Flamethrower,5,6,3,10000
Roselia,92.9,315,grass,poison,138.5,105.9,110,1613387,29.5,1494,Poison Jab,Sludge Bomb,Petal Blizzard,8,10,3,50000
Wailord,92.8,321,water,none,118.3,67.4,237,1889701,24.5,1495,Rollout,Surf,Return,4,6,1,10000
Gothorita,92.8,575,psychic,none,112.2,132.7,134,1995118,40,1496,Confusion,Future Sight,Psychic,5,4,3,50000
Gothorita (Shadow),92.8,575,psychic,none,112.2,132.7,134,1995118,40,1496,Confusion,Future Sight,Psychic,5,4,3,50000
Cinccino,92.8,573,normal,none,134.9,96.1,128,1659378,25,1496,Charm,Aqua Tail,Thunderbolt,5,7,3,50000
Registeel,92.7,379,steel,none,95.6,190.0,129,2343156,22.5,1496,Lock On,Flash Cannon,Focus Blast,13,15,20,100000
Carbink,92.7,703,rock,fairy,84.0,252.0,126,2667168,50,1496,Rock Throw,Rock Slide,Moonblast,9,12,5,75000
Registeel (Shadow),92.7,379,steel,none,95.4,188.9,127,2288675,23,1477,Lock On,Flash Cannon,Focus Blast,13,15,20,100000
Appletun,92.7,842,grass,dragon,116.5,102.5,161,1922541,23,1496,Astonish,Energy Ball,Outrage,5,6,5,75000
Diancie,92.7,719,rock,fairy,119.1,175.1,89,1856042,19.5,1486,Rock Throw,Rock Slide,Moonblast,9,12,20,100000
Cresselia,92.6,488,psychic,none,93.1,160.7,160,2393787,20,1492,Psycho Cut,Grass Knot,Moonblast,6,7,20,100000
Linoone,92.6,264,normal,none,114.1,111.7,154,1962725,38.5,1496,Shadow Claw,Swift,Grass Knot,5,7,1,10000
Cresselia (Shadow),92.6,488,psychic,none,92.0,158.9,160,2339008,19,1466,Psycho Cut,Grass Knot,Moonblast,6,7,20,100000
Cinderace,92.6,815,fire,none,139.0,99.4,117,1616542,18.5,1498,Fire Spin,Blast Burn,Pyro Ball,5,4,3,10000
Regirock,92.5,377,rock,none,104.5,179.9,114,2143149,17.5,1496,Lock On,Stone Edge,Focus Blast,11,15,20,100000
Regirock (Shadow),92.5,377,rock,none,105.7,178.4,111,2093114,17,1487,Lock On,Stone Edge,Focus Blast,11,15,20,100000
Breloom,92.5,286,grass,fighting,149.9,96.7,103,1493019,21,1496,Force Palm,Dynamic Punch,Grass Knot,5,5,3,50000
Eevee,92.5,133,normal,none,99.9,108.3,135,1460588,50,1207,Quick Attack,Body Slam,Dig,5,7,5,75000
Dusknoir (Shadow),92.4,477,ghost,none,119.8,174.1,90,1877146,23.5,1499,Astonish,Dynamic Punch,Shadow Punch,5,4,3,50000
Dusknoir,92.4,477,ghost,none,119.8,174.1,90,1877146,23.5,1499,Astonish,Dynamic Punch,Shadow Punch,5,4,3,50000
Corsola (Galarian),92.3,222,ghost,none,99.3,163.0,139,2249840,47.5,1494,Astonish,Night Shade,Power Gem,5,5,3,50000
Uxie,92.3,480,psychic,none,102.1,176.0,122,2192291,22,1496,Confusion,Swift,Thunder,3,5,20,100000
Wailord (Shadow),92.3,321,water,none,118.3,67.4,237,1889701,24.5,1495,Rollout,Surf,Hyper Beam,4,7,1,10000
Cursola,92.3,864,ghost,none,145.6,111.0,95,1535352,18,1495,Astonish,Night Shade,Power Gem,5,5,3,50000
Quagsire,92.2,195,water,ground,111.2,112.6,161,2015900,28.5,1497,Mud Shot,Aqua Tail,Mud Bomb,4,5,3,50000
Quagsire (Shadow),92.2,195,water,ground,111.2,112.6,161,2015900,28.5,1497,Mud Shot,Aqua Tail,Mud Bomb,4,5,3,50000
Urshifu (Rapid Strike),92.2,892,fighting,water,136.5,97.7,121,1613662,15,1484,Counter,Aqua Jet,Dynamic Punch,7,8,20,100000
Nuzleaf (Shadow),92.2,274,grass,dark,125.2,78.1,157,1535165,50,1386,Feint Attack,Leaf Blade,Foul Play,6,7,3,50000
Nuzleaf,92.2,274,grass,dark,125.2,78.1,157,1535165,50,1386,Feint Attack,Leaf Blade,Foul Play,6,7,3,50000
Vileplume,92.2,45,grass,poison,128.8,112.7,120,1741891,21.5,1497,Acid,Sludge Bomb,Petal Blizzard,7,9,3,50000
Jynx,92.2,124,ice,psychic,141.2,102.2,110,1587370,21.5,1497,Confusion,Avalanche,Psyshock,4,3,5,75000
Ludicolo,92.1,272,water,grass,116.4,123.6,134,1927863,24,1498,Astonish,Weather Ball (Water),Energy Ball,4,5,3,50000
Tentacruel,92.1,73,water,poison,108.9,143.5,131,2047157,23,1493,Acid,Scald,Payback,7,8,3,50000
Wartortle,92.1,8,water,none,107.6,139.0,139,2078940,47.5,1495,Water Gun,Aqua Jet,Ice Beam,14,19,3,10000
Tentacruel (Shadow),92.1,73,water,poison,108.9,143.5,131,2047157,23,1493,Acid,Scald,Payback,7,8,3,50000
Golurk (Shadow),92.1,623,ground,ghost,133.3,98.5,128,1680646,19.5,1496,Mud Slap,Shadow Punch,Dynamic Punch,4,5,5,75000
Golurk,92.1,623,ground,ghost,133.3,98.5,128,1680646,19.5,1496,Mud Slap,Shadow Punch,Dynamic Punch,4,5,5,75000
Wartortle (Shadow),92.1,8,water,none,107.6,139.0,139,2078940,47.5,1495,Water Gun,Aqua Jet,Ice Beam,14,19,3,10000
Clefable,92,36,fairy,none,116.5,112.1,147,1919769,23,1495,Fairy Wind,Moonblast,Meteor Mash,7,5,1,10000
Primeape (Shadow),92,57,fighting,none,138.7,100.1,116,1610529,24,1494,Karate Chop,Rage Fist,Ice Punch,4,5,3,50000
Mew,92,151,psychic,none,120.4,119.3,129,1852920,16.5,1493,Shadow Claw,Wild Charge,Psyshock,6,5,20,100000
Grimer (Alolan),92,88,poison,dark,122.7,86.8,171,1821212,49,1494,Poison Jab,Crunch,Sludge Bomb,7,8,3,50000
Grimer (Alolan) (Shadow),92,88,poison,dark,122.7,86.8,171,1821212,49,1494,Poison Jab,Crunch,Sludge Bomb,7,8,3,50000
Slurpuff,91.9,685,fairy,none,116.0,119.4,139,1925206,25.5,1494,Fairy Wind,Play Rough,Energy Ball,7,5,3,50000
Drakloak,91.9,886,dragon,ghost,130.3,93.1,142,1722592,37.5,1498,Dragon Tail,Shadow Ball,Outrage,5,5,5,75000
Minun,91.9,312,electric,none,116.3,127.0,130,1920113,36.5,1494,Quick Attack,Thunderbolt,Grass Knot,7,7,3,50000
Dragapult,91.9,887,dragon,ghost,142.5,96.2,115,1576478,15.5,1498,Dragon Tail,Shadow Ball,Outrage,5,5,5,75000
Plusle,91.9,311,electric,none,128.2,107.2,127,1745366,33,1495,Quick Attack,Thunderbolt,Grass Knot,7,7,3,50000
Persian (Alolan),91.8,53,dark,none,122.4,112.5,133,1831410,34,1497,Feint Attack,Foul Play,Play Rough,7,10,3,50000
Umbreon,91.7,197,dark,none,90.2,177.0,156,2490602,27,1498,Snarl,Foul Play,Last Resort,4,5,5,75000
Bronzong,91.7,437,steel,psychic,110.8,152.2,120,2023651,25,1497,Confusion,Weather Ball (Water),Payback,3,5,3,50000
Lucario,91.7,448,fighting,steel,145.7,93.7,113,1542686,20.5,1499,Force Palm,Aura Sphere,Shadow Ball,4,5,5,75000
Wormadam (Plant),91.7,413,bug,grass,110.0,144.8,128,2038784,34.5,1497,Sucker Punch,Energy Ball,Bug Buzz,7,9,1,10000
Chespin (Shadow),91.7,650,grass,none,105.0,101.6,136,1450848,50,1234,Vine Whip,Body Slam,Seed Bomb,5,5,3,10000
Chespin,91.7,650,grass,none,105.0,101.6,136,1450848,50,1234,Vine Whip,Body Slam,Seed Bomb,5,5,3,10000
Castform (Sunny),91.6,351,fire,none,112.6,121.2,146,1992480,39.5,1497,Ember,Weather Ball (Fire),Solar Beam,4,9,5,75000
Blacephalon,91.6,806,fire,ghost,173.6,88.4,84,1289084,16.5,1495,Incinerate,Mind Blown,Shadow Ball,2,3,20,100000
Celesteela,91.6,797,steel,flying,119.5,120.7,130,1875074,18,1496,Air Slash,Body Slam,Iron Head,4,6,20,100000
Eelektrik,91.6,603,electric,none,122.3,110.0,136,1829608,35.5,1495,Acid,Discharge,Crunch,5,6,1,10000
Infernape,91.6,392,fire,fighting,136.6,100.4,119,1632042,20.5,1493,Fire Spin,Close Combat,Blast Burn,5,5,3,10000
Ponyta (Galarian),91.6,77,psychic,none,133.5,108.2,116,1675585,36,1495,Psycho Cut,Swift,Play Rough,4,7,3,50000
Infernape (Shadow),91.6,392,fire,fighting,136.6,100.4,119,1632042,20.5,1493,Fire Spin,Close Combat,Blast Burn,5,5,3,10000
Froslass,91.5,478,ice,ghost,122.5,114.8,130,1828190,27.5,1496,Powder Snow,Avalanche,Shadow Ball,6,7,3,50000
Froslass (Shadow),91.5,478,ice,ghost,122.5,114.8,130,1828190,27.5,1496,Powder Snow,Avalanche,Shadow Ball,6,7,3,50000
Nosepass,91.5,299,rock,none,81.5,193.2,98,1543088,50,1121,Rock Throw,Rock Slide,Rock Blast,9,8,3,50000
Nosepass (Shadow),91.5,299,rock,none,81.5,193.2,98,1543088,50,1121,Rock Throw,Rock Slide,Rock Blast,9,8,3,50000
Eelektross,91.4,604,electric,none,133.8,99.7,126,1680822,20,1499,Volt Switch,Dragon Claw,Thunderbolt,4,4,1,10000
Dubwool,91.3,832,normal,none,110.6,143.0,128,2024422,25.5,1496,Double Kick,Body Slam,Payback,3,5,3,10000
Tinkatuff,91.3,958,fairy,steel,104.1,134.4,149,2084665,50,1473,Fairy Wind,Play Rough,Flash Cannon,7,8,3,75000
Armarouge,91.3,936,fire,psychic,132.1,109.6,117,1693945,17,1495,Incinerate,Psyshock,Heat Wave,2,3,5,50000
Lurantis,91.3,754,grass,none,126.2,117.8,119,1769097,23,1494,Leafage,Leaf Blade,Superpower,5,5,3,50000
Magmar (Shadow),91.3,126,fire,none,135.1,107.6,114,1657191,23,1496,Ember,Fire Punch,Scorching Sands,5,6,5,75000
Sudowoodo,91.3,185,rock,none,117.1,130.1,126,1919573,26,1499,Counter,Meteor Beam,Trailblaze,10,8,5,75000
Sudowoodo (Shadow),91.3,185,rock,none,117.1,130.1,126,1919573,26,1499,Counter,Meteor Beam,Trailblaze,10,8,5,75000
Typhlosion (Hisuian),91.2,157,fire,ghost,139.6,106.8,108,1610202,18.5,1499,Ember,Shadow Ball,Wild Charge,6,5,3,10000
Houndoom (Shadow),91.2,229,dark,fire,139.5,97.3,118,1601655,21,1494,Snarl,Foul Play,Flamethrower,4,5,3,50000
Abomasnow (Shadow),91.1,460,grass,ice,117.8,112.0,143,1886685,23.5,1490,Powder Snow,Weather Ball (Ice),Energy Ball,5,6,3,50000
Abomasnow,91.1,460,grass,ice,117.8,112.0,143,1886685,23.5,1490,Powder Snow,Weather Ball (Ice),Energy Ball,5,6,3,50000
Tatsugiri (Curly),91.1,978,dragon,water,137.4,108.1,109,1618970,20,1491,Water Gun,Surf,Outrage,15,20,5,75000
Tatsugiri (Droopy),91.1,978,dragon,water,137.4,108.1,109,1618970,20,1491,Water Gun,Surf,Outrage,15,20,5,75000
Tatsugiri (Stretchy),91.1,978,dragon,water,137.4,108.1,109,1618970,20,1491,Water Gun,Surf,Outrage,15,20,5,75000
Maushold,91,925,normal,none,116.2,121.9,136,1926410,28.5,1496,Mud Shot,Swift,Crunch,4,5,1,10000
Vanillish,91,583,ice,none,123.6,120.5,122,1817044,40.5,1498,Astonish,Icy Wind,Signal Beam,5,6,3,50000
Ambipom (Shadow),91,424,normal,none,133.8,100.5,124,1667416,23,1493,Astonish,Aerial Ace,Low Sweep,5,4,3,50000
Piloswine (Shadow),90.9,221,ice,ground,121.0,99.4,154,1852220,24,1497,Powder Snow,Icicle Spear,Stone Edge,5,7,3,50000
Piloswine,90.9,221,ice,ground,121.0,99.4,154,1852220,24,1497,Powder Snow,Icicle Spear,Stone Edge,5,7,3,50000
Mamoswine (Shadow),90.9,473,ice,ground,136.2,87.3,138,1640856,16.5,1494,Powder Snow,Icicle Spear,Stone Edge,5,7,3,50000
Mamoswine,90.9,473,ice,ground,136.2,87.3,138,1640856,16.5,1494,Powder Snow,Icicle Spear,Stone Edge,5,7,3,50000
Gigalith (Shadow),90.9,526,rock,none,127.2,118.4,117,1762076,17,1497,Lock On,Superpower,Meteor Beam,8,12,3,50000
Gigalith,90.9,526,rock,none,127.2,118.4,117,1762076,17,1497,Lock On,Superpower,Meteor Beam,8,12,3,50000
Regieleki,90.9,894,electric,none,149.8,82.5,119,1470662,19.5,1484,Volt Switch,Thunder Cage,Hyper Beam,3,5,20,100000
Golem (Shadow),90.9,76,rock,ground,125.1,122.2,117,1788605,19,1495,Mud Slap,Stone Edge,Earthquake,6,7,1,10000
Rhydon (Shadow),90.9,112,ground,rock,126.2,103.3,136,1772959,17.5,1495,Mud Slap,Stone Edge,Earthquake,6,7,3,50000
Totodile,90.9,158,water,none,110.9,104.1,127,1466176,50,1275,Water Gun,Aqua Jet,Crunch,14,15,3,10000
Golem,90.9,76,rock,ground,125.1,122.2,117,1788605,19,1495,Mud Slap,Stone Edge,Earthquake,6,7,1,10000
Totodile (Shadow),90.9,158,water,none,110.9,104.1,127,1466176,50,1275,Water Gun,Aqua Jet,Crunch,14,15,3,10000
Rhydon,90.9,112,ground,rock,126.2,103.3,136,1772959,17.5,1495,Mud Slap,Stone Edge,Earthquake,6,7,3,50000
Kabutops,90.7,141,rock,water,135.4,119.7,102,1653153,20.5,1496,Fury Cutter,Aqua Jet,Stone Edge,10,14,5,75000
Kabutops (Shadow),90.7,141,rock,water,135.4,119.7,102,1653153,20.5,1496,Fury Cutter,Aqua Jet,Stone Edge,10,14,5,75000
Ribombee,90.7,743,bug,fairy,136.2,105.9,114,1644288,25.5,1496,Fairy Wind,Dazzling Gleam,Bug Buzz,7,7,1,10000
Klefki,90.6,707,steel,fairy,117.9,137.4,117,1895337,29,1494,Astonish,Foul Play,Play Rough,4,6,3,50000
Lanturn,90.6,171,water,electric,104.8,105.5,194,2144942,27,1499,Water Gun,Surf,Thunderbolt,15,19,3,50000
Slowpoke,90.6,79,water,psychic,104.1,94.9,186,1837511,50,1383,Confusion,Psyshock,Water Pulse,3,4,3,50000
Pinsir (Shadow),90.6,127,bug,none,139.6,112.6,102,1603334,18.5,1496,Fury Cutter,Close Combat,X-Scissor,12,10,5,75000
Slowpoke (Shadow),90.6,79,water,psychic,104.1,94.9,186,1837511,50,1383,Confusion,Psyshock,Water Pulse,3,4,3,50000
Mantyke,90.6,458,water,flying,100.8,163.0,120,1971648,50,1409,Bubble,Water Pulse,Aerial Ace,5,5,5,10000
Pinsir,90.6,127,bug,none,139.6,112.6,102,1603334,18.5,1496,Fury Cutter,Close Combat,X-Scissor,12,10,5,75000
Growlithe (Hisuian),90.6,58,fire,rock,131.9,89.9,142,1683809,50,1490,Ember,Rock Slide,Flamethrower,5,7,3,50000
Rotom (Wash),90.6,479,electric,water,128.8,144.9,93,1735670,21.5,1495,Thunder Shock,Thunderbolt,Hydro Pump,7,9,5,75000
Aurorus,90.5,699,rock,ice,113.5,106.3,164,1978668,20,1498,Powder Snow,Weather Ball (Ice),Meteor Beam,5,8,5,75000
Aurorus (Shadow),90.5,699,rock,ice,113.5,106.3,164,1978668,20,1498,Powder Snow,Weather Ball (Ice),Meteor Beam,5,8,5,75000
Mienshao,90.5,620,fighting,none,158.9,84.8,105,1414846,20,1499,Force Palm,Brutal Swing,Grass Knot,4,5,3,50000
Mantine,90.4,226,water,flying,105.5,166.5,121,2125456,27,1497,Wing Attack,Twister,Water Pulse,5,7,5,75000
Castform,90.4,351,normal,none,112.6,121.2,146,1992480,39.5,1497,Hex,Weather Ball (Rock),Energy Ball,3,4,5,75000
Ursaluna (Shadow),90.4,901,ground,normal,125.6,98.6,144,1783319,14.5,1496,Tackle,Swift,High Horsepower,12,20,3,50000
Ursaluna,90.4,901,ground,normal,125.6,98.6,144,1783319,14.5,1496,Tackle,Swift,High Horsepower,12,20,3,50000
Rapidash (Shadow),90.3,78,fire,none,133.6,111.5,112,1668397,22.5,1492,Incinerate,Drill Run,Wild Charge,2,3,3,50000
Machamp (Shadow),90.3,68,fighting,none,135.4,98.6,124,1655455,18,1497,Karate Chop,Cross Chop,Rock Slide,4,5,3,50000
Rapidash,90.3,78,fire,none,133.6,111.5,112,1668397,22.5,1492,Incinerate,Drill Run,Wild Charge,2,3,3,50000
Machamp,90.3,68,fighting,none,135.4,98.6,124,1655455,18,1497,Karate Chop,Cross Chop,Rock Slide,4,5,3,50000
Larvesta,90.3,636,bug,fire,130.8,99.7,131,1708340,45.5,1494,Ember,Flame Wheel,Bug Buzz,5,7,5,75000
Probopass,90.3,476,rock,steel,95.9,203.1,119,2317798,27.5,1490,Spark,Rock Slide,Zap Cannon,7,12,3,50000
Probopass (Shadow),90.3,476,rock,steel,97.3,198.9,119,2303003,27.5,1496,Spark,Rock Slide,Zap Cannon,7,12,3,50000
Grotle (Shadow),90.2,388,grass,none,117.8,114.8,141,1906805,30,1498,Razor Leaf,Energy Ball,Body Slam,12,9,3,10000
Grotle,90.2,388,grass,none,117.8,114.8,141,1906805,30,1498,Razor Leaf,Body Slam,Energy Ball,9,12,3,10000
Snorlax,90.1,143,normal,none,108.4,102.2,187,2071676,17.5,1498,Lick,Body Slam,Superpower,12,14,5,75000
Snorlax (Shadow),90.1,143,normal,none,108.4,102.2,187,2071676,17.5,1498,Lick,Body Slam,Superpower,12,14,5,75000
Tornadus (Incarnate) (Shadow),90.1,641,flying,none,148.1,95.5,107,1513360,16.5,1497,Air Slash,Hurricane,Grass Knot,7,6,20,100000
Tornadus (Incarnate),90.1,641,flying,none,148.1,95.5,107,1513360,16.5,1497,Air Slash,Hurricane,Grass Knot,7,6,20,100000
Skeledirge,90,911,fire,ghost,121.2,109.7,139,1848094,18.5,1496,Incinerate,Torch Song,Shadow Ball,3,3,3,10000
Varoom,90,965,steel,poison,115.9,102.5,120,1425570,50,1285,Metal Sound,Gyro Ball,Gunk Shot,7,10,3,50000
Ferroseed,90,597,grass,steel,81.5,142.8,119,1384946,50,1062,Metal Claw,Gyro Ball,Return,8,10,3,75000
Axew,90,610,dragon,none,138.6,96.0,121,1609978,49,1493,Scratch,Aqua Tail,Dragon Claw,18,25,5,75000
Marowak (Shadow),89.8,105,ground,none,109.6,148.8,125,2038560,31.5,1494,Mud Slap,Bone Club,Rock Slide,4,5,3,50000
Marowak,89.8,105,ground,none,109.6,148.8,125,2038560,31.5,1494,Mud Slap,Bone Club,Rock Slide,4,5,3,50000
Salazzle,89.8,758,poison,fire,147.0,91.2,114,1528330,22.5,1498,Incinerate,Poison Fang,Dragon Pulse,2,3,3,50000
Dottler,89.8,825,bug,psychic,85.7,144.5,127,1572724,50,1160,Confusion,Bug Buzz,Psychic,5,4,1,10000
Wyrdeer,89.6,899,normal,psychic,126.6,95.5,146,1765184,20,1494,Confusion,Stomp,Wild Charge,3,4,5,75000
Electabuzz,89.6,125,electric,none,130.8,113.2,115,1702754,24,1492,Thunder Shock,Thunder Punch,Return,5,8,5,75000
Pancham,89.6,674,fighting,none,123.3,99.3,149,1824310,47.5,1499,Low Kick,Body Slam,Crunch,5,6,3,50000
Ninjask,89.6,291,bug,flying,144.7,88.4,121,1547769,28.5,1496,Fury Cutter,Shadow Ball,Aerial Ace,13,12,5,75000
Oddish (Shadow),89.6,43,grass,poison,122.6,106.7,120,1569770,50,1387,Acid,Seed Bomb,Sludge Bomb,5,7,3,50000
Oddish,89.6,43,grass,poison,122.6,106.7,120,1569770,50,1387,Acid,Seed Bomb,Sludge Bomb,5,7,3,50000
Vivillon,89.6,666,bug,flying,131.7,86.3,149,1693491,30,1493,Gust,Energy Ball,Hurricane,4,5,1,10000
Rowlet,89.6,722,grass,flying,98.3,95.7,154,1448726,50,1193,Leafage,Energy Ball,Seed Bomb,6,5,3,10000
Stunfisk,89.5,618,ground,electric,101.4,126.6,172,2208005,26,1496,Thunder Shock,Mud Bomb,Discharge,5,5,5,75000
Swampert,89.5,260,water,ground,122.9,109.1,136,1823541,18.5,1497,Mud Shot,Hydro Cannon,Earthquake,5,8,3,10000
Swampert (Shadow),89.5,260,water,ground,122.9,109.1,136,1823541,18.5,1497,Mud Shot,Hydro Cannon,Earthquake,5,8,3,10000
Clefairy,89.5,35,fairy,none,102.5,103.3,157,1662355,50,1305,Zen Headbutt,Disarming Voice,Body Slam,8,6,1,10000
Morgrem,89.3,860,dark,fairy,124.8,98.0,147,1797869,49.5,1497,Sucker Punch,Foul Play,Play Rough,6,9,5,50000
Grimmsnarl,89.3,861,dark,fairy,136.2,90.8,133,1644806,19.5,1496,Sucker Punch,Foul Play,Play Rough,6,9,5,50000
Vaporeon,89.3,134,water,none,118.4,96.9,165,1893038,18,1497,Water Gun,Aqua Tail,Last Resort,12,19,5,75000
Drowzee,89.3,96,psychic,none,87.3,126.8,142,1571889,50,1171,Confusion,Psyshock,Return,3,5,3,50000
Orbeetle,89.2,826,bug,psychic,107.9,168.6,114,2073881,25.5,1495,Psycho Cut,Psyshock,Bug Buzz,5,7,1,10000
Armaldo (Shadow),89.2,348,rock,bug,133.9,109.1,115,1679976,19.5,1499,Fury Cutter,Rock Blast,Liquidation,10,12,3,50000
Armaldo,89.2,348,rock,bug,133.9,109.1,115,1679976,19.5,1499,Fury Cutter,Rock Blast,Liquidation,10,12,3,50000
Chandelure (Shadow),89.2,609,ghost,fire,151.4,105.2,93,1481237,17,1497,Incinerate,Shadow Ball,Energy Ball,3,3,5,75000
Chandelure,89.2,609,ghost,fire,151.4,105.2,93,1481237,17,1497,Incinerate,Shadow Ball,Energy Ball,3,3,5,75000
Politoed,89.1,186,water,none,114.0,124.2,139,1968073,23,1497,Mud Shot,Weather Ball (Water),Earthquake,4,8,3,50000
Politoed (Shadow),89.1,186,water,none,114.0,124.2,139,1968073,23,1497,Mud Shot,Weather Ball (Water),Earthquake,4,8,3,50000
Munchlax,89.1,446,normal,none,103.1,96.5,218,2168915,30,1495,Tackle,Body Slam,Bulldoze,12,15,5,10000
Genesect,89.1,649,bug,steel,141.0,111.6,100,1573560,16,1489,Fury Cutter,X-Scissor,Techno Blast (Normal),10,14,20,100000
Boldore,89.1,525,rock,none,124.4,109.5,132,1798078,28,1495,Mud Slap,Rock Slide,Bulldoze,5,5,3,50000
Boldore (Shadow),89.1,525,rock,none,125.3,109.2,131,1792442,27.5,1498,Mud Slap,Rock Slide,Bulldoze,5,5,3,50000
Porygon (Shadow),89,137,normal,none,120.0,115.4,135,1869480,35.5,1497,Tackle,Discharge,Signal Beam,14,19,3,50000
Jolteon,88.9,135,electric,none,137.4,114.7,103,1623257,19,1493,Thunder Shock,Discharge,Last Resort,5,7,5,75000
Exeggutor (Shadow),88.9,103,grass,psychic,136.1,92.5,131,1649192,18.5,1498,Confusion,Seed Bomb,Psychic,3,4,3,50000
Rillaboom,88.9,812,grass,none,132.4,99.3,129,1696004,16.5,1498,Razor Leaf,Drum Beating,Earth Power,9,13,3,10000
Exeggutor,88.9,103,grass,psychic,136.1,92.5,131,1649192,18.5,1498,Confusion,Seed Bomb,Psychic,3,4,3,50000
Doublade,88.8,680,steel,ghost,122.9,140.0,106,1823836,22.5,1497,Shadow Claw,Sacred Sword,Gyro Ball,5,7,5,75000
Kecleon,88.8,352,normal,none,115.5,142.2,118,1938044,27.5,1496,Sucker Punch,Thunder Punch,Dynamic Punch,6,7,5,75000
Houndour (Shadow),88.8,228,dark,fire,140.3,82.3,120,1385603,50,1394,Ember,Crunch,Flamethrower,5,7,3,50000
Houndour,88.8,228,dark,fire,140.3,82.3,120,1385603,50,1394,Ember,Crunch,Flamethrower,5,7,3,50000
Gardevoir,88.8,282,psychic,fairy,136.5,115.6,104,1641058,18,1496,Confusion,Triple Axel,Shadow Ball,4,4,5,75000
Gardevoir (Shadow),88.8,282,psychic,fairy,136.5,115.6,104,1641058,18,1496,Confusion,Triple Axel,Shadow Ball,4,4,5,75000
Mandibuzz,88.7,630,dark,flying,92.1,151.2,175,2436966,26.5,1498,Snarl,Foul Play,Shadow Ball,4,4,5,75000
Thievul,88.7,828,dark,none,119.8,121.9,127,1854660,26,1490,Sucker Punch,Night Slash,Play Rough,5,9,1,10000
Duraludon,88.7,884,steel,dragon,137.7,112.2,105,1622244,18,1494,Dragon Tail,Dragon Claw,Flash Cannon,5,6,5,75000
Omastar,88.7,139,rock,water,126.6,128.4,109,1771843,20,1497,Mud Shot,Rock Slide,Hydro Pump,5,9,5,75000
Omastar (Shadow),88.7,139,rock,water,126.6,128.4,109,1771843,20,1497,Mud Shot,Rock Slide,Hydro Pump,5,9,5,75000
Jumpluff,88.6,189,grass,flying,96.7,156.9,153,2321351,40.5,1498,Fairy Wind,Energy Ball,Acrobatics,5,7,3,50000
Jumpluff (Shadow),88.6,189,grass,flying,96.7,156.9,153,2321351,40.5,1498,Fairy Wind,Energy Ball,Acrobatics,5,7,3,50000
Marshtomp,88.6,259,water,ground,119.8,111.5,140,1870078,34.5,1496,Mud Shot,Surf,Sludge,5,5,3,10000
Marshtomp (Shadow),88.6,259,water,ground,120.4,111.4,139,1864346,33.5,1498,Mud Shot,Surf,Sludge,5,5,3,10000
Houndoom,88.6,229,dark,fire,139.5,97.3,118,1601655,21,1494,Fire Fang,Foul Play,Flamethrower,7,10,3,50000
Qwilfish (Shadow),88.5,211,water,poison,131.1,105.5,123,1701219,27,1493,Poison Sting,Aqua Tail,Shadow Ball,4,6,3,50000
Qwilfish,88.5,211,water,poison,131.1,105.5,123,1701219,27,1493,Poison Sting,Aqua Tail,Shadow Ball,4,6,3,50000
Hypno,88.5,97,psychic,none,103.4,142.9,147,2172051,27,1498,Confusion,Shadow Ball,Thunder Punch,4,3,3,50000
Blaziken,88.5,257,fire,fighting,143.9,90.8,119,1554868,19.5,1495,Ember,Aura Sphere,Blast Burn,5,6,3,10000
Blaziken (Shadow),88.5,257,fire,fighting,143.9,90.8,119,1554868,19.5,1495,Ember,Aura Sphere,Blast Burn,5,6,3,10000
Tentacool,88.5,72,water,poison,94.1,137.8,113,1465269,50,1174,Poison Sting,Wrap,Water Pulse,5,6,3,50000
Tentacool (Shadow),88.5,72,water,poison,94.1,137.8,113,1465269,50,1174,Poison Sting,Wrap,Water Pulse,5,6,3,50000
Lickilicky,88.4,463,normal,none,105.7,125.5,160,2122456,23,1497,Rollout,Body Slam,Shadow Ball,3,4,3,50000
Melmetal,88.4,809,steel,none,120.9,105.1,146,1855162,15.5,1497,Thunder Shock,Double Iron Bash,Dynamic Punch,4,5,20,100000
Moltres (Galarian),88.4,146,dark,flying,115.1,134.6,124,1921065,17.5,1486,Sucker Punch,Fly,Brave Bird,7,8,20,100000
Wobbuffet,88.3,202,psychic,none,63.0,101.6,333,2131466,50,1158,Counter,Return,Mirror Coat,12,10,3,50000
Croconaw,88.3,159,water,none,117.7,120.0,135,1906740,35.5,1498,Water Gun,Ice Punch,Water Pulse,14,17,3,10000
Croconaw (Shadow),88.3,159,water,none,117.7,120.0,135,1906740,35.5,1498,Water Gun,Ice Punch,Water Pulse,14,17,3,10000
Rotom (Frost),88.3,479,electric,ice,128.8,144.9,93,1735670,21.5,1495,Thunder Shock,Thunderbolt,Blizzard,7,9,5,75000
Braviary (Hisuian),88.3,628,psychic,flying,128.5,89.6,151,1738554,19.5,1494,Air Slash,Brave Bird,Fly,7,5,5,75000
Volbeat,88.3,313,bug,none,111.4,136.2,133,2017966,33.5,1499,Tackle,Thunderbolt,Bug Buzz,19,20,3,50000
Turtonator,88.2,776,fire,dragon,113.5,153.6,113,1969997,25,1495,Incinerate,Brutal Swing,Dragon Claw,2,3,5,75000
Herdier,88.2,507,normal,none,118.8,111.6,142,1882647,41.5,1495,Sand Attack,Dig,Thunderbolt,13,14,1,10000
Talonflame,88.1,663,fire,flying,121.4,112.6,135,1845401,25.5,1496,Incinerate,Fly,Brave Bird,3,3,1,10000
Clodsire,88.1,980,poison,ground,95.0,119.7,208,2365272,29.5,1499,Poison Sting,Earthquake,Stone Edge,8,7,3,50000
Wormadam (Trash),88.1,413,bug,steel,104.9,151.1,135,2139803,41,1498,Sucker Punch,Bug Buzz,Iron Head,9,8,1,10000
Magnemite (Shadow),88.1,81,electric,steel,147.8,113.6,90,1511107,49,1494,Volt Switch,Discharge,Magnet Bomb,3,3,3,50000
Magneton,88.1,82,electric,steel,143.4,114.6,95,1561196,22,1496,Volt Switch,Discharge,Magnet Bomb,3,3,3,50000
Magnemite,88.1,81,electric,steel,147.8,113.6,90,1511107,49,1494,Volt Switch,Discharge,Magnet Bomb,3,3,3,50000
Sylveon,88,700,fairy,none,117.3,124.6,130,1900025,18,1492,Fairy Wind,Psyshock,Shadow Ball,5,6,5,75000
Quaquaval,88,914,water,fighting,137.7,98.6,120,1629266,18,1497,Low Kick,Close Combat,Hydro Cannon,6,5,3,10000
Beartic,88,614,ice,none,135.4,94.0,130,1654588,18,1496,Powder Snow,Ice Punch,Liquidation,5,6,3,50000
Solrock,87.9,338,rock,psychic,119.1,108.6,145,1875468,24,1494,Psywave,Weather Ball (Fire),Rock Slide,9,12,3,50000
Lunatone,87.9,337,rock,psychic,119.1,108.6,145,1875468,24,1494,Psywave,Weather Ball (Ice),Rock Slide,9,12,3,50000
Weepinbell (Shadow),87.9,70,grass,poison,139.3,82.6,140,1610865,39.5,1497,Acid,Power Whip,Seed Bomb,7,5,3,50000
Weepinbell,87.9,70,grass,poison,137.9,84.8,139,1625455,40.5,1497,Acid,Power Whip,Seed Bomb,7,5,3,50000
Arbok,87.9,24,poison,none,123.7,120.1,122,1812477,29,1497,Acid,Dark Pulse,Sludge Wave,7,9,3,50000
Arbok (Shadow),87.9,24,poison,none,123.7,120.1,122,1812477,29,1497,Acid,Dark Pulse,Sludge Wave,7,9,3,50000
Pumpkaboo (Super),87.8,710,ghost,grass,111.7,113.4,141,1786016,50,1412,Astonish,Grass Knot,Foul Play,5,4,5,75000
Pumpkaboo (Large),87.8,710,ghost,grass,113.4,115.1,133,1735961,50,1403,Astonish,Grass Knot,Foul Play,5,4,5,75000
Pumpkaboo (Average),87.8,710,ghost,grass,114.2,115.9,126,1667708,50,1380,Astonish,Grass Knot,Foul Play,5,4,5,75000
Pumpkaboo (Small),87.8,710,ghost,grass,115.1,116.8,119,1599798,50,1356,Astonish,Grass Knot,Foul Play,5,4,5,75000
Absol (Shadow),87.8,359,dark,none,156.6,83.9,109,1432123,22,1497,Psycho Cut,Brutal Swing,Megahorn,4,7,5,75000
Ceruledge,87.8,937,fire,ghost,136.3,114.0,106,1647049,17.5,1498,Incinerate,Shadow Ball,Heat Wave,3,3,5,50000
Absol,87.8,359,dark,none,156.6,83.9,109,1432123,22,1497,Psycho Cut,Brutal Swing,Megahorn,4,7,5,75000
Huntail,87.8,367,water,none,130.8,125.6,104,1708562,23.5,1494,Water Gun,Aqua Tail,Crunch,12,15,3,50000
Emboar,87.6,500,fire,fighting,137.8,80.4,147,1628631,18.5,1498,Ember,Blast Burn,Heat Wave,6,5,3,10000
Emboar (Shadow),87.6,500,fire,fighting,137.8,80.4,147,1628631,18.5,1498,Ember,Blast Burn,Heat Wave,6,5,3,10000
Watchog,87.6,505,normal,none,125.1,114.0,125,1782675,31.5,1493,Low Kick,Crunch,Grass Knot,6,7,1,10000
Lileep,87.5,345,rock,grass,100.8,138.6,151,2109603,50,1458,Acid,Grass Knot,Ancient Power,7,6,3,50000
Lileep (Shadow),87.5,345,rock,grass,100.8,138.6,151,2109603,50,1458,Acid,Grass Knot,Ancient Power,7,6,3,50000
Magneton (Shadow),87.5,82,electric,steel,143.4,114.6,95,1561196,22,1496,Thunder Shock,Discharge,Magnet Bomb,5,5,3,50000
Purugly,87.5,432,normal,none,125.5,105.5,134,1774194,28.5,1492,Shadow Claw,Aerial Ace,Thunder,6,8,3,50000
Purugly (Shadow),87.5,432,normal,none,125.5,105.5,134,1774194,28.5,1492,Shadow Claw,Aerial Ace,Thunder,6,8,3,50000
Ledian,87.4,166,bug,flying,101.3,162.5,134,2205808,49.5,1494,Rollout,Dynamic Punch,Acrobatics,4,5,1,10000
Ledian (Shadow),87.4,166,bug,flying,101.3,162.5,134,2205808,49.5,1494,Rollout,Dynamic Punch,Acrobatics,4,5,1,10000
Clamperl,87.4,366,water,none,124.3,126.0,105,1644489,50,1429,Water Gun,Body Slam,Water Pulse,12,17,3,50000
Meltan,87.4,808,steel,none,111.7,95.7,121,1293452,50,1201,Thunder Shock,Thunderbolt,Flash Cannon,7,8,20,100000
Slaking,87.3,289,normal,none,138.8,83.1,140,1614799,12.5,1497,Yawn,Body Slam,Earthquake,3,6,5,75000
Slaking (Shadow),87.3,289,normal,none,138.8,83.1,140,1614799,12.5,1497,Yawn,Body Slam,Earthquake,3,6,5,75000
Gligar,87.2,207,ground,flying,108.4,145.3,131,2063318,31,1495,Wing Attack,Night Slash,Dig,5,7,5,75000
Gligar (Shadow),87.2,207,ground,flying,108.4,145.3,131,2063318,31,1495,Wing Attack,Night Slash,Dig,5,7,5,75000
Lycanroc (Midday),87.2,745,rock,none,142.7,93.1,118,1567674,20.5,1495,Sucker Punch,Drill Run,Stone Edge,6,8,5,50000
Noivern,87.2,715,flying,dragon,125.4,113.5,126,1793345,20,1499,Air Slash,Heat Wave,Hurricane,5,7,5,75000
Mothim,87.2,414,bug,flying,140.0,82.9,138,1601628,31.5,1497,Bug Bite,Aerial Ace,Bug Buzz,15,20,1,10000
Bulbasaur,87.2,1,grass,poison,111.7,105.8,120,1418143,50,1258,Vine Whip,Power Whip,Seed Bomb,7,5,3,10000
Bulbasaur (Shadow),87.2,1,grass,poison,111.7,105.8,120,1418143,50,1258,Vine Whip,Power Whip,Seed Bomb,7,5,3,10000
Snubbull,87.2,209,fairy,none,127.7,84.0,142,1523206,50,1394,Tackle,Brick Break,Crunch,14,15,3,50000
Snubbull (Shadow),87.2,209,fairy,none,127.7,84.0,142,1523206,50,1394,Tackle,Brick Break,Crunch,14,15,3,50000
Malamar,87.1,687,dark,psychic,117.2,116.5,139,1897878,23.5,1491,Psywave,Superpower,Foul Play,10,10,3,50000
Malamar (Shadow),87.1,687,dark,psychic,117.2,116.5,139,1897878,23.5,1491,Psywave,Foul Play,Superpower,10,10,3,50000
Toxapex,87.1,748,poison,water,91.9,224.3,118,2432354,38,1495,Poison Jab,Brine,Sludge Wave,8,10,3,50000
Revavroom,87.1,966,steel,poison,135.6,102.4,119,1652367,19,1496,Metal Sound,Overheat,Gyro Ball,7,7,3,50000
Simisear,87,514,fire,none,135.9,95.8,126,1640422,23.5,1493,Fire Spin,Crunch,Flamethrower,5,6,3,50000
Jellicent,86.9,593,water,ghost,106.6,126.3,156,2100318,24,1496,Hex,Surf,Shadow Ball,4,4,3,50000
Amoonguss,86.9,591,grass,poison,109.3,105.9,177,2048752,26.5,1496,Astonish,Grass Knot,Foul Play,5,4,3,50000
Rufflet,86.9,627,normal,flying,126.7,92.1,152,1773699,46.5,1499,Peck,Brave Bird,Fly,7,6,5,75000
Amoonguss (Shadow),86.9,591,grass,poison,109.3,105.9,177,2048752,26.5,1496,Astonish,Grass Knot,Foul Play,5,4,3,50000
Krokorok,86.9,552,ground,dark,134.0,87.9,142,1672561,49.5,1497,Mud Slap,Crunch,Earthquake,5,7,5,75000
Weavile,86.9,461,dark,ice,141.9,105.1,106,1580851,18.5,1497,Snarl,Avalanche,Foul Play,4,4,3,50000
Weavile (Shadow),86.9,461,dark,ice,141.9,105.1,106,1580851,18.5,1497,Snarl,Avalanche,Foul Play,4,4,3,50000
Gengar (Shadow),86.8,94,ghost,poison,154.3,95.4,98,1442582,19,1491,Shadow Claw,Shadow Punch,Shadow Ball,5,7,3,50000
Machoke,86.8,67,fighting,none,126.7,97.3,143,1762891,27.5,1494,Karate Chop,Cross Chop,Return,4,8,3,50000
Gengar,86.8,94,ghost,poison,154.3,95.4,98,1442582,19,1491,Shadow Claw,Shadow Punch,Shadow Ball,5,7,3,50000
Shellos,86.8,422,water,none,99.1,100.8,166,1658220,50,1281,Mud Slap,Body Slam,Water Pulse,4,5,3,50000
Cubone,86.8,104,ground,none,88.2,133.6,127,1496507,50,1148,Mud Slap,Bone Club,Return,4,7,3,50000
Zeraora,86.6,807,electric,none,138.3,100.9,114,1590810,15.5,1483,Volt Switch,Plasma Fists,Wild Charge,3,3,20,100000
Crocalor,86.6,910,fire,none,119.4,105.7,148,1867846,29,1493,Incinerate,Crunch,Flamethrower,3,3,3,10000
Fuecoco,86.6,909,fire,none,106.7,93.2,152,1511555,50,1269,Incinerate,Crunch,Flamethrower,3,3,3,10000
Ursaring (Shadow),86.5,217,normal,none,139.6,91.3,126,1605930,18.5,1497,Shadow Claw,Close Combat,Swift,6,5,3,50000
Ursaring,86.5,217,normal,none,139.6,91.3,126,1605930,18.5,1497,Shadow Claw,Close Combat,Swift,6,5,3,50000
Corsola,86.5,222,water,rock,108.5,142.0,134,2064538,49,1496,Bubble,Power Gem,Rock Blast,5,4,3,50000
Tsareena,86.5,763,grass,none,130.4,120.6,109,1714160,18.5,1495,Magical Leaf,Triple Axel,High Jump Kick,5,6,3,10000
Lycanroc (Midnight),86.5,745,rock,none,132.6,99.7,127,1678968,20,1492,Counter,Stone Edge,Trailblaze,10,8,5,50000
Charmeleon,86.4,5,fire,none,126.6,109.4,128,1772805,38.5,1498,Ember,Fire Punch,Return,5,8,3,10000
Lugia,86.3,249,psychic,flying,102.4,167.1,127,2173102,15,1491,Dragon Tail,Fly,Aeroblast,4,7,20,100000
Staravia,86.3,397,normal,flying,131.9,91.5,135,1629295,50,1465,Wing Attack,Brave Bird,Fly,7,6,1,10000
Zapdos (Galarian),86.3,145,fighting,flying,135.6,107.2,113,1642604,15.5,1492,Low Kick,Fly,Brave Bird,6,7,20,100000
Lugia (Shadow),86.3,249,psychic,flying,104.2,164.3,124,2122887,14.5,1487,Dragon Tail,Fly,Aeroblast,4,7,20,100000
Staravia (Shadow),86.3,397,normal,flying,131.9,91.5,135,1629295,50,1465,Wing Attack,Brave Bird,Fly,7,6,1,10000
Sneasel (Shadow),86.2,215,dark,ice,133.9,111.7,111,1660186,27,1490,Ice Shard,Avalanche,Foul Play,5,4,3,50000
Sneasel,86.2,215,dark,ice,133.9,111.7,111,1660186,27,1490,Ice Shard,Avalanche,Foul Play,5,4,3,50000
Butterfree (Shadow),86.2,12,bug,flying,126.6,112.5,124,1766070,31.5,1495,Confusion,Bug Buzz,Signal Beam,5,4,1,10000
Butterfree,86.2,12,bug,flying,126.6,112.5,124,1766070,31.5,1495,Confusion,Bug Buzz,Signal Beam,5,4,1,10000
Watchog (Shadow),86.1,505,normal,none,125.1,114.0,125,1782675,31.5,1493,Low Kick,Crunch,Hyper Fang,6,7,1,10000
Zweilous,86,634,dark,dragon,120.4,110.2,140,1857531,30.5,1495,Dragon Breath,Body Slam,Dark Pulse,9,13,5,75000
Zweilous (Shadow),86,634,dark,dragon,120.4,110.2,140,1857531,30.5,1495,Dragon Breath,Body Slam,Dark Pulse,9,13,5,75000
Machoke (Shadow),86,67,fighting,none,126.7,97.3,143,1762891,27.5,1494,Karate Chop,Cross Chop,Dynamic Punch,4,5,3,50000
Poliwrath,86,62,water,fighting,115.8,122.0,137,1935481,21.5,1497,Counter,Scald,Icy Wind,9,8,3,50000
Poliwrath (Shadow),86,62,water,fighting,115.8,122.0,137,1935481,21.5,1497,Counter,Scald,Icy Wind,9,8,3,50000
Scolipede (Shadow),86,545,bug,poison,131.7,120.3,107,1695256,22.5,1494,Poison Sting,Aqua Tail,X-Scissor,4,5,1,10000
Golduck,85.9,55,water,none,124.1,112.1,129,1794598,22.5,1492,Confusion,Cross Chop,Liquidation,3,4,3,50000
Golduck (Shadow),85.9,55,water,none,124.1,112.1,129,1794598,22.5,1492,Confusion,Cross Chop,Liquidation,3,4,3,50000
Roggenrola (Shadow),85.9,524,rock,none,114.2,105.0,135,1618785,50,1359,Smack Down,Stone Edge,Rock Blast,7,5,3,50000
Roggenrola,85.9,524,rock,none,114.2,105.0,135,1618785,50,1359,Smack Down,Stone Edge,Rock Blast,7,5,3,50000
Drampa,85.8,780,normal,dragon,136.8,104.2,115,1639274,19,1497,Dragon Breath,Swift,Dragon Pulse,9,14,5,75000
Togetic,85.8,176,fairy,flying,110.1,150.2,123,2034053,36.5,1496,Fairy Wind,Heat Wave,Dazzling Gleam,5,7,3,50000
Tyranitar,85.8,248,rock,dark,129.7,111.4,120,1733830,14.5,1499,Dragon Breath,Brutal Swing,Stone Edge,9,14,5,75000
Tyranitar (Shadow),85.8,248,rock,dark,129.7,111.4,120,1733830,14.5,1499,Dragon Breath,Brutal Swing,Stone Edge,9,14,5,75000
Grafaiai,85.8,945,poison,normal,134.2,107.7,115,1662134,24.5,1493,Mud Slap,Poison Fang,Sludge Bomb,4,5,3,50000
Torkoal,85.7,324,fire,none,107.5,151.3,128,2081888,27,1496,Ember,Flame Wheel,Overheat,5,7,3,50000
Articuno (Galarian),85.7,144,psychic,flying,134.1,110.9,112,1665629,15.5,1494,Psycho Cut,Fly,Brave Bird,5,7,20,100000
Tangrowth,85.7,465,grass,none,120.7,112.7,136,1849993,18,1494,Vine Whip,Power Whip,Rock Slide,7,6,3,50000
Tangrowth (Shadow),85.7,465,grass,none,120.7,112.7,136,1849993,18,1494,Vine Whip,Power Whip,Rock Slide,7,6,3,50000
Kingdra,85.6,230,water,dragon,121.8,127.9,118,1838230,21,1496,Dragon Breath,Surf,Swift,12,9,3,50000
Kingdra (Shadow),85.6,230,water,dragon,121.8,127.9,118,1838230,21,1496,Dragon Breath,Surf,Swift,12,9,3,50000
Sealeo,85.6,364,ice,water,108.9,112.8,168,2063699,36,1499,Powder Snow,Surf,Body Slam,6,5,3,50000
Sealeo (Shadow),85.6,364,ice,water,108.9,112.8,168,2063699,36,1499,Powder Snow,Surf,Body Slam,6,5,3,50000
Crobat,85.6,169,poison,flying,121.2,118.1,129,1846470,21,1495,Air Slash,Poison Fang,Shadow Ball,5,6,1,10000
Crobat (Shadow),85.6,169,poison,flying,121.2,118.1,129,1846470,21,1495,Air Slash,Poison Fang,Shadow Ball,5,6,1,10000
Orthworm,85.5,968,steel,none,109.1,154.0,122,2049771,24.5,1495,Mud Slap,Rock Tomb,Earthquake,5,7,5,75000
Kingler,85.5,99,water,none,144.5,115.6,93,1553491,19.5,1498,Bubble,Crabhammer,Vise Grip,5,4,3,50000
Accelgor (Shadow),85.5,617,bug,none,143.2,84.9,129,1568341,22.5,1498,Water Shuriken,Energy Ball,Bug Buzz,4,5,3,50000
Scyther (Shadow),85.4,123,bug,flying,134.8,109.4,113,1666425,20.5,1498,Fury Cutter,Night Slash,X-Scissor,9,10,5,75000
Parasect,85.4,47,bug,grass,124.1,118.2,123,1804240,30.5,1496,Fury Cutter,X-Scissor,Cross Poison,10,9,3,50000
Sandaconda,85.4,844,ground,none,123.0,132.0,112,1818432,20,1495,Mud Slap,Earth Power,Wrap,5,5,3,50000
Scyther,85.4,123,bug,flying,134.8,109.4,113,1666425,20.5,1498,Fury Cutter,Night Slash,X-Scissor,9,10,5,75000
Silicobra,85.4,843,ground,none,99.1,115.9,131,1504625,50,1221,Mud Slap,Earth Power,Wrap,5,5,3,50000
Toedscool,85.4,948,ground,grass,94.1,137.8,113,1465269,50,1174,Mud Slap,Earth Power,Wrap,5,5,3,50000
Dedenne,85.3,702,electric,fairy,124.3,109.0,133,1801977,30,1496,Thunder Shock,Discharge,Play Rough,5,7,3,50000
Skarmory,85.2,227,steel,flying,105.5,166.5,121,2125456,27,1497,Air Slash,Brave Bird,Sky Attack,7,6,5,75000
Krookodile,85.2,553,ground,dark,133.1,98.0,129,1682650,18,1496,Mud Slap,Sand Tomb,Crunch,4,5,5,75000
Skarmory (Shadow),85.2,227,steel,flying,105.5,166.5,121,2125456,27,1497,Air Slash,Brave Bird,Sky Attack,7,6,5,75000
Lycanroc (Dusk),85.2,745,rock,none,144.5,91.9,117,1553707,20,1498,Sucker Punch,Stone Edge,Trailblaze,8,7,5,50000
Shiinotic (Shadow),85.1,756,grass,fairy,116.5,134.2,123,1923019,31,1496,Astonish,Seed Bomb,Moonblast,4,6,3,50000
Shiinotic,85.1,756,grass,fairy,116.5,134.2,123,1923019,31,1496,Astonish,Seed Bomb,Moonblast,4,6,3,50000
Crawdaunt (Shadow),85.1,342,water,dark,144.7,98.3,109,1550417,22,1497,Waterfall,Night Slash,Scald,4,5,3,50000
Crawdaunt,85.1,342,water,dark,144.7,98.3,109,1550417,22,1497,Waterfall,Night Slash,Scald,4,5,3,50000
Articuno,85,144,ice,flying,112.6,139.6,126,1980589,18.5,1493,Powder Snow,Icy Wind,Hurricane,6,8,20,100000
Cetitan,85,975,ice,none,120.1,77.0,202,1868035,18,1497,Powder Snow,Icicle Spear,Superpower,5,5,3,50000
Centiskorch,85,851,fire,bug,128.7,99.4,136,1739818,18.5,1496,Ember,Lunge,Heat Wave,5,5,5,75000
Articuno (Shadow),85,144,ice,flying,115.1,136.9,123,1938134,17.5,1493,Powder Snow,Triple Axel,Hurricane,6,8,20,100000
Ariados,85,168,bug,poison,124.2,103.8,140,1804874,33.5,1497,Poison Sting,Lunge,Trailblaze,5,5,1,10000
Frosmoth,85,873,ice,bug,141.5,101.0,111,1586356,20.5,1498,Powder Snow,Icy Wind,Bug Buzz,6,8,5,75000
Venomoth (Shadow),84.9,49,bug,poison,127.0,107.5,129,1761172,27,1495,Psywave,Poison Fang,Silver Wind,10,12,3,50000
Venomoth,84.9,49,bug,poison,127.0,107.5,129,1761172,27,1495,Psywave,Poison Fang,Silver Wind,10,12,3,50000
Lilligant (Hisuian),84.9,549,grass,fighting,133.4,107.7,117,1680960,22,1497,Bullet Seed,Upper Hand,Petal Blizzard,4,5,1,10000
Stonjourner,84.9,874,rock,none,125.5,107.9,132,1787471,17,1497,Rock Throw,Rock Slide,Stomp,9,8,5,75000
Steelix (Shadow),84.8,208,steel,ground,98.4,183.2,126,2271387,23.5,1495,Thunder Fang,Psychic Fangs,Crunch,6,8,5,75000
Steelix,84.8,208,steel,ground,98.4,183.2,126,2271387,23.5,1495,Thunder Fang,Psychic Fangs,Crunch,6,8,5,75000
Landorus (Incarnate) (Shadow),84.8,645,ground,flying,140.2,100.8,113,1596934,15,1496,Mud Shot,Earth Power,Rock Slide,6,5,20,100000
Landorus (Incarnate),84.8,645,ground,flying,140.2,100.8,113,1596934,15,1496,Mud Shot,Earth Power,Rock Slide,6,5,20,100000
Sliggoo,84.7,705,dragon,none,114.1,133.8,128,1954122,27.5,1493,Dragon Breath,Body Slam,Dragon Pulse,9,14,5,75000
Dragonair,84.7,148,dragon,none,125.2,112.4,127,1787205,33,1495,Dragon Breath,Aqua Tail,Dragon Pulse,9,14,5,75000
Raikou,84.7,243,electric,none,131.9,110.6,116,1692224,16,1494,Thunder Shock,Wild Charge,Aura Sphere,5,5,20,100000
Raikou (Shadow),84.7,243,electric,none,133.5,109.9,113,1657896,15.5,1487,Thunder Shock,Wild Charge,Aura Sphere,5,5,20,100000
Venusaur,84.7,3,grass,poison,122.1,122.1,123,1833734,20.5,1496,Vine Whip,Frenzy Plant,Sludge,6,5,3,10000
Venusaur (Shadow),84.7,3,grass,poison,122.1,122.1,123,1833734,20.5,1496,Vine Whip,Frenzy Plant,Sludge,6,5,3,10000
Lopunny,84.7,428,normal,none,112.0,143.6,124,1994317,27.5,1494,Low Kick,Thunder Punch,Shadow Ball,5,7,3,50000
Trapinch (Shadow),84.7,328,ground,none,148.7,78.1,120,1393616,50,1439,Sand Attack,Sand Tomb,Crunch,10,12,5,75000
Klawf,84.7,950,rock,none,121.0,128.1,119,1844512,23,1493,Mud Slap,Bulldoze,Rock Tomb,5,5,3,75000
Trapinch,84.7,328,ground,none,148.7,78.1,120,1393616,50,1439,Sand Attack,Sand Tomb,Crunch,10,12,5,75000
Urshifu (Single Strike),84.6,892,fighting,dark,136.5,97.7,121,1613662,15,1484,Sucker Punch,Brick Break,Dynamic Punch,6,7,20,100000
Sigilyph,84.6,561,psychic,flying,130.0,112.1,118,1719614,21.5,1495,Air Slash,Air Cutter,Ancient Power,4,5,5,75000
Stantler (Shadow),84.6,234,normal,none,133.5,98.4,128,1681459,25.5,1498,Tackle,Wild Charge,Stomp,15,14,3,50000
Stantler,84.6,234,normal,none,132.1,99.4,129,1693865,26,1495,Tackle,Wild Charge,Stomp,15,14,3,50000
Gourgeist (Large),84.5,711,ghost,grass,115.9,137.2,122,1939981,22,1499,Incinerate,Shadow Ball,Seed Bomb,3,2,5,75000
Gourgeist (Super),84.5,711,ghost,grass,115.0,131.6,129,1952286,21,1498,Incinerate,Shadow Ball,Seed Bomb,3,2,5,75000
Gourgeist (Average),84.5,711,ghost,grass,115.9,145.0,115,1932632,23.5,1496,Incinerate,Shadow Ball,Seed Bomb,3,2,5,75000
Gourgeist (Small),84.5,711,ghost,grass,116.8,152.9,107,1910883,25,1493,Incinerate,Shadow Ball,Seed Bomb,3,2,5,75000
Slowbro,84.5,80,water,psychic,113.4,120.9,144,1974249,22,1496,Confusion,Drain Punch,Ice Beam,3,4,3,50000
Slowbro (Shadow),84.5,80,water,psychic,113.4,120.9,144,1974249,22,1496,Confusion,Drain Punch,Ice Beam,3,4,3,50000
Swoobat,84.5,528,psychic,flying,126.6,101.6,138,1775033,34.5,1499,Confusion,Fly,Psychic Fangs,4,3,1,10000
Pelipper,84.4,279,water,flying,123.2,128.7,115,1823422,26,1498,Wing Attack,Weather Ball (Water),Hurricane,5,8,3,50000
Crustle,84.4,558,bug,rock,120.3,134.7,115,1863507,22,1497,Fury Cutter,X-Scissor,Rock Wrecker,10,13,1,10000
Crustle (Shadow),84.4,558,bug,rock,120.3,134.7,115,1863507,22,1497,Fury Cutter,X-Scissor,Rock Wrecker,10,13,1,10000
Servine,84.4,496,grass,none,105.8,140.3,142,2107811,50,1493,Vine Whip,Grass Knot,Wrap,7,6,3,10000
Servine (Shadow),84.4,496,grass,none,105.8,140.3,142,2107811,50,1493,Vine Whip,Grass Knot,Wrap,7,6,3,10000
Gothitelle,84.4,576,psychic,none,115.3,140.9,119,1933247,23,1492,Confusion,Rock Slide,Future Sight,4,5,3,50000
Poliwhirl,84.4,61,water,none,114.2,115.9,148,1958895,50,1495,Bubble,Scald,Mud Bomb,5,5,3,50000
Bisharp,84.4,625,dark,steel,139.8,109.7,105,1610286,19.5,1500,Snarl,Dark Pulse,X-Scissor,4,4,5,75000
Poliwhirl (Shadow),84.4,61,water,none,114.2,115.9,148,1958895,50,1495,Bubble,Scald,Mud Bomb,5,5,3,50000
Gothitelle (Shadow),84.4,576,psychic,none,115.3,140.9,119,1933247,23,1492,Confusion,Rock Slide,Future Sight,4,5,3,50000
Gastrodon,84.3,423,water,ground,113.2,103.4,168,1966420,24,1491,Mud Slap,Body Slam,Earth Power,4,5,3,50000
Dodrio,84.3,85,normal,flying,143.7,98.4,110,1555409,23.5,1495,Peck,Drill Peck,Brave Bird,5,7,3,50000
Whiscash,84.2,340,water,ground,107.5,108.2,178,2070407,27,1491,Mud Shot,Mud Bomb,Scald,5,6,1,10000
Whiscash (Shadow),84.2,340,water,ground,107.5,108.2,178,2070407,27,1491,Mud Shot,Mud Bomb,Scald,5,6,1,10000
Diggersby,84.1,660,normal,ground,95.7,140.3,174,2336248,47,1495,Mud Shot,Fire Punch,Scorching Sands,5,6,1,10000
Diggersby (Shadow),84.1,660,normal,ground,95.7,140.3,174,2336248,47,1495,Mud Shot,Scorching Sands,Fire Punch,6,5,1,10000
Conkeldurr (Shadow),84.1,534,fighting,none,134.0,93.8,133,1671704,16.5,1496,Force Palm,Dynamic Punch,Brutal Swing,5,4,5,75000
Conkeldurr,84.1,534,fighting,none,134.0,93.8,133,1671704,16.5,1496,Force Palm,Dynamic Punch,Brutal Swing,5,4,5,75000
Bouffalant,84.1,626,normal,none,118.8,115.8,137,1884714,20,1496,Mud Shot,Stomp,Megahorn,5,7,3,50000
Simisage,84.1,512,grass,none,135.9,95.8,126,1640422,23.5,1493,Vine Whip,Grass Knot,Crunch,7,6,3,50000
Spidops,84,918,bug,none,110.9,138.9,131,2017925,37.5,1495,Shadow Claw,Lunge,Rock Tomb,6,7,1,50000
Marowak (Alolan),84,105,fire,ghost,109.6,148.8,125,2038560,31.5,1494,Fire Spin,Bone Club,Shadow Bone,4,5,3,50000
Marowak (Alolan) (Shadow),84,105,fire,ghost,109.6,148.8,125,2038560,31.5,1494,Fire Spin,Shadow Bone,Bone Club,5,4,3,50000
Graveler (Alolan),84,75,rock,electric,121.4,130.9,116,1843386,30,1495,Volt Switch,Stone Edge,Rock Blast,4,3,1,10000
Graveler (Alolan) (Shadow),84,75,rock,electric,122.6,129.8,115,1830050,29.5,1497,Volt Switch,Stone Edge,Rock Blast,4,3,1,10000
Sharpedo (Shadow),84,319,water,dark,166.6,64.0,126,1343462,25.5,1496,Waterfall,Crunch,Poison Fang,5,4,3,50000
Sharpedo,84,319,water,dark,166.6,64.0,126,1343462,25.5,1496,Waterfall,Crunch,Poison Fang,5,4,3,50000
Sandshrew (Alolan) (Shadow),83.9,27,ice,steel,117.6,121.0,127,1807159,50,1457,Powder Snow,Night Slash,Gyro Ball,5,7,3,50000
Sandshrew (Alolan),83.9,27,ice,steel,117.6,121.0,127,1807159,50,1457,Powder Snow,Night Slash,Gyro Ball,5,7,3,50000
Raticate (Alolan),83.9,20,dark,normal,107.0,130.1,150,2088105,36.5,1494,Quick Attack,Crunch,Return,6,9,1,10000
Alakazam (Shadow),83.9,65,psychic,none,155.8,101.4,91,1437629,18,1496,Psycho Cut,Fire Punch,Shadow Ball,5,6,3,50000
Sneasel (Hisuian),83.9,215,fighting,poison,133.9,111.7,111,1660186,27,1490,Poison Jab,Close Combat,X-Scissor,7,6,3,50000
Sneasel (Hisuian) (Shadow),83.9,215,fighting,poison,133.9,111.7,111,1660186,27,1490,Poison Jab,Close Combat,X-Scissor,7,6,3,50000
Alakazam,83.9,65,psychic,none,155.8,101.4,91,1437629,18,1496,Psycho Cut,Fire Punch,Shadow Ball,5,6,3,50000
Weezing (Galarian) (Shadow),83.8,110,poison,fairy,117.6,139.5,116,1903003,24.5,1495,Fairy Wind,Sludge,Brutal Swing,5,4,3,50000
Weezing (Galarian),83.8,110,poison,fairy,117.6,139.5,116,1903003,24.5,1495,Fairy Wind,Sludge,Brutal Swing,5,4,3,50000
Flapple,83.8,841,grass,dragon,138.1,100.1,117,1617386,22.5,1494,Dragon Breath,Seed Bomb,Dragon Pulse,10,14,5,75000
Rhyperior (Shadow),83.8,464,ground,rock,126.7,104.5,134,1774180,15,1499,Mud Slap,Drill Run,Rock Wrecker,4,5,3,50000
Delphox (Shadow),83.8,655,fire,psychic,132.6,115.6,110,1686142,18,1495,Fire Spin,Psyshock,Blast Burn,4,5,3,10000
Celebi,83.8,251,psychic,grass,120.4,119.3,129,1852920,16.5,1493,Confusion,Aura Sphere,Leaf Storm,3,4,20,100000
Rhyperior,83.8,464,ground,rock,126.7,104.5,134,1774180,15,1499,Mud Slap,Drill Run,Rock Wrecker,4,5,3,50000
Delphox,83.8,655,fire,psychic,132.6,115.6,110,1686142,18,1495,Fire Spin,Psyshock,Blast Burn,4,5,3,10000
Salamence (Shadow),83.7,373,dragon,flying,143.4,93.0,117,1560335,14.5,1495,Dragon Tail,Fly,Brutal Swing,4,3,5,75000
Salamence,83.7,373,dragon,flying,143.4,93.0,117,1560335,14.5,1495,Dragon Tail,Fly,Brutal Swing,4,3,5,75000
Boltund,83.7,836,electric,none,136.9,95.3,126,1643868,26,1500,Spark,Crunch,Thunder,7,9,1,50000
Trevenant (Shadow),83.6,709,ghost,grass,127.8,104.6,131,1751192,22,1496,Shadow Claw,Shadow Ball,Seed Bomb,7,5,5,75000
Trevenant,83.6,709,ghost,grass,127.8,104.6,131,1751192,22,1496,Shadow Claw,Seed Bomb,Shadow Ball,5,7,5,75000
Honchkrow,83.6,430,dark,flying,149.9,68.9,145,1497576,20.5,1498,Peck,Brave Bird,Dark Pulse,7,7,3,50000
Honchkrow (Shadow),83.6,430,dark,flying,149.9,68.9,145,1497576,20.5,1498,Peck,Brave Bird,Dark Pulse,7,7,3,50000
Seadra,83.6,117,water,none,131.3,117.5,110,1697053,26.5,1492,Dragon Breath,Hydro Pump,Dragon Pulse,19,14,3,50000
Seadra (Shadow),83.6,117,water,none,131.3,117.5,110,1697053,26.5,1492,Dragon Breath,Hydro Pump,Dragon Pulse,19,14,3,50000
Regidrago,83.5,895,dragon,none,121.8,62.7,241,1840483,20,1497,Dragon Breath,Dragon Energy,Vise Grip,12,10,20,100000
Toedscruel,83.3,949,ground,grass,108.9,143.5,131,2047157,23,1493,Mud Slap,Seed Bomb,Earth Power,4,5,3,50000
Rhyhorn (Shadow),83.3,111,ground,rock,112.5,111.0,159,1985512,38.5,1494,Mud Slap,Bulldoze,Stomp,5,4,3,50000
Rhyhorn,83.3,111,ground,rock,112.5,111.0,159,1985512,38.5,1494,Mud Slap,Bulldoze,Stomp,5,4,3,50000
Golbat,83.2,42,poison,flying,117.6,116.2,139,1899452,28.5,1494,Wing Attack,Poison Fang,Shadow Ball,5,7,1,10000
Golbat (Shadow),83.2,42,poison,flying,117.6,116.2,139,1899452,28.5,1494,Wing Attack,Poison Fang,Shadow Ball,5,7,1,10000
Gurdurr (Shadow),83.2,533,fighting,none,125.3,100.1,143,1793582,26,1499,Low Kick,Brick Break,Stone Edge,5,7,5,75000
Gurdurr,83.2,533,fighting,none,125.3,100.1,143,1793582,26,1499,Low Kick,Brick Break,Stone Edge,5,7,5,75000
Zoroark (Hisuian),83.2,571,normal,ghost,163.4,87.5,96,1372560,21,1497,Shadow Claw,Shadow Ball,Foul Play,7,5,5,75000
Drapion (Shadow),83,452,poison,dark,117.8,136.8,118,1901575,22.5,1496,Poison Sting,Crunch,Aqua Tail,5,4,5,75000
Drapion,83,452,poison,dark,117.8,136.8,118,1901575,22.5,1496,Poison Sting,Crunch,Aqua Tail,5,4,5,75000
Nidorina,83,30,poison,none,110.9,113.4,157,1974441,50,1479,Poison Sting,Poison Fang,Thunderbolt,5,7,3,50000
Floatzel,83,419,water,none,143.8,81.7,133,1562545,22.5,1498,Waterfall,Aqua Jet,Swift,4,4,3,50000
Mudsdale,83,750,ground,none,123.5,107.1,136,1798852,18,1490,Mud Slap,Body Slam,Earthquake,4,7,3,50000
Mudbray,83,749,ground,none,129.8,98.6,134,1714970,29.5,1491,Mud Slap,Body Slam,Earthquake,4,7,3,50000
Dartrix,82.9,723,grass,flying,112.4,115.5,154,1999259,36.5,1499,Peck,Brave Bird,Energy Ball,7,6,3,10000
Vullaby,82.9,629,dark,flying,100.8,129.4,157,2047833,50,1436,Feint Attack,Brave Bird,Foul Play,10,7,5,75000
Galvantula,82.9,596,bug,electric,138.2,96.4,122,1625343,25.5,1498,Volt Switch,Discharge,Lunge,3,3,3,50000
Galvantula (Shadow),82.9,596,bug,electric,138.2,96.4,122,1625343,25.5,1498,Volt Switch,Discharge,Lunge,3,3,3,50000
Nidorina (Shadow),82.9,30,poison,none,110.9,113.4,157,1974441,50,1479,Poison Sting,Poison Fang,Sludge Bomb,5,6,3,50000
Chesnaught,82.8,652,grass,fighting,119.3,126.9,124,1877257,19,1496,Low Kick,Frenzy Plant,Superpower,6,5,3,10000
Raticate (Alolan) (Shadow),82.8,20,dark,normal,107.0,130.1,150,2088105,36.5,1494,Quick Attack,Crunch,Hyper Beam,6,10,1,10000
Kangaskhan,82.8,115,normal,none,114.5,110.8,153,1941050,21.5,1490,Low Kick,Brick Break,Crunch,5,6,3,50000
Regice,82.8,378,ice,none,104.5,179.9,114,2143149,17.5,1496,Lock On,Blizzard,Thunder,15,12,20,100000
Regice (Shadow),82.8,378,ice,none,105.7,178.4,111,2093114,17,1487,Lock On,Blizzard,Thunder,15,12,20,100000
Onix,82.8,95,rock,ground,84.0,207.5,105,1830150,50,1239,Rock Throw,Rock Slide,Sand Tomb,9,8,5,75000
Onix (Shadow),82.8,95,rock,ground,84.0,207.5,105,1830150,50,1239,Rock Throw,Rock Slide,Sand Tomb,9,8,5,75000
Dhelmise,82.7,781,ghost,grass,139.7,109.3,105,1603267,20,1496,Shadow Claw,Power Whip,Brutal Swing,7,5,5,50000
Quilladin,82.7,651,grass,none,114.9,130.2,130,1944797,35,1494,Vine Whip,Energy Ball,Body Slam,6,5,3,10000
Quilladin (Shadow),82.7,651,grass,none,114.9,130.2,130,1944797,35,1494,Vine Whip,Energy Ball,Body Slam,6,5,3,10000
Swellow (Shadow),82.7,277,normal,flying,135.9,99.9,121,1642746,29,1494,Wing Attack,Brave Bird,Sky Attack,7,7,1,10000
Persian,82.7,53,normal,none,118.6,116.3,137,1889666,36.5,1497,Feint Attack,Night Slash,Power Gem,6,9,3,50000
Persian (Shadow),82.7,53,normal,none,118.6,116.3,137,1889666,36.5,1497,Feint Attack,Night Slash,Power Gem,6,9,3,50000
Latias,82.6,380,dragon,psychic,124.5,138.9,104,1798477,16,1496,Dragon Breath,Aura Sphere,Mist Ball,10,15,20,100000
Latias (Shadow),82.6,380,dragon,psychic,126.7,135.1,103,1763069,15.5,1494,Dragon Breath,Aura Sphere,Mist Ball,10,15,20,100000
Latios,82.6,381,dragon,psychic,139.3,112.9,102,1604151,14.5,1494,Dragon Breath,Aura Sphere,Luster Purge,10,15,20,100000
Latios (Shadow),82.6,381,dragon,psychic,140.4,112.9,99,1569265,14,1484,Dragon Breath,Aura Sphere,Luster Purge,10,15,20,100000
Heatmor,82.6,631,fire,none,134.6,92.6,134,1670171,23.5,1499,Fire Spin,Thunder Punch,Flamethrower,4,6,3,50000
Qwilfish (Hisuian),82.4,211,dark,poison,128.0,112.3,121,1739302,26,1492,Poison Sting,Aqua Tail,Shadow Ball,4,6,3,50000
Overqwil,82.4,904,dark,poison,131.0,106.8,122,1706878,18.5,1495,Poison Sting,Aqua Tail,Shadow Ball,4,6,5,75000
Volcanion,82.4,721,fire,water,135.5,117.4,103,1638493,15,1490,Incinerate,Scald,Overheat,3,3,20,100000
Cherrim (Overcast),82.3,421,grass,none,121.8,116.2,130,1839911,27.5,1497,Bullet Seed,Dazzling Gleam,Solar Beam,5,7,1,10000
Kubfu,82.2,891,fighting,none,136.5,95.5,125,1629469,34.5,1491,Counter,Close Combat,Brick Break,8,7,20,100000
Sirfetch'd,82.1,865,fighting,none,144.7,108.0,99,1547132,18.5,1496,Fury Cutter,Leaf Blade,Close Combat,9,12,3,50000
Pawmo,81.9,922,electric,fighting,136.1,81.5,142,1575085,50,1464,Thunder Shock,Wild Charge,Thunder Punch,5,5,3,75000
Bellibolt,81.8,939,electric,none,115.0,110.1,154,1949871,21,1497,Thunder Shock,Zap Cannon,Parabolic Charge,9,6,1,50000
Magcargo,81.6,219,fire,rock,110.9,156.3,117,2028039,36.5,1499,Ember,Rock Tomb,Overheat,6,7,1,10000
Rotom,81.5,479,electric,ghost,132.4,120.4,106,1689742,27.5,1495,Astonish,Thunderbolt,Ominous Wind,6,5,5,75000
Kilowattrel,81.4,941,electric,flying,143.2,92.5,118,1563028,22.5,1496,Thunder Shock,Acrobatics,Aerial Ace,7,5,1,10000
Sneasler (Shadow),81.4,903,fighting,poison,145.4,94.7,112,1542171,17,1497,Shadow Claw,Close Combat,X-Scissor,6,5,5,75000
Sneasler,81.4,903,fighting,poison,145.4,94.7,112,1542171,17,1497,Shadow Claw,Close Combat,X-Scissor,6,5,5,75000
Drifblim (Shadow),81.2,426,ghost,flying,119.1,75.7,209,1884317,23.5,1498,Astonish,Icy Wind,Shadow Ball,5,5,5,75000
Slowbro (Galarian),81.2,80,poison,psychic,119.1,108.3,146,1883185,22.5,1497,Confusion,Drain Punch,Sludge Bomb,3,4,3,50000
Vibrava (Shadow),81.2,329,ground,dragon,125.2,95.7,127,1521668,50,1380,Dragon Breath,Sand Tomb,Bug Buzz,10,15,5,75000
Vibrava,81.2,329,ground,dragon,125.2,95.7,127,1521668,50,1380,Dragon Breath,Sand Tomb,Bug Buzz,10,15,5,75000
Medicham,81,308,fighting,psychic,106.9,139.4,141,2101162,49,1498,Psycho Cut,Ice Punch,Dynamic Punch,5,5,3,50000
Morpeko (Hangry),80.9,877,electric,dark,140.4,96.2,118,1593765,28.5,1495,Thunder Shock,Aura Wheel,Psychic Fangs,5,4,3,50000
Dragalge,80.9,691,poison,dragon,117.8,143.1,113,1904861,23.5,1497,Acid,Aqua Tail,Outrage,5,8,3,50000
Zygarde (50% Forme),80.8,718,dragon,ground,114.1,128.3,133,1946991,15.5,1490,Dragon Tail,Crunch,Earthquake,4,6,20,100000
Growlithe (Shadow),80.8,58,fire,none,126.8,90.7,135,1552603,50,1403,Ember,Flame Wheel,Body Slam,5,4,3,50000
Growlithe,80.8,58,fire,none,126.8,90.7,135,1552603,50,1403,Ember,Flame Wheel,Body Slam,5,4,3,50000
Pidgeotto (Shadow),80.8,17,normal,flying,110.9,100.8,147,1643272,50,1349,Wing Attack,Air Cutter,Twister,5,5,1,10000
Pidgeotto,80.8,17,normal,flying,110.9,100.8,147,1643272,50,1349,Wing Attack,Air Cutter,Twister,5,5,1,10000
Zygarde (10% Forme),80.8,718,dragon,ground,138.1,119.1,98,1611876,22.5,1491,Dragon Tail,Crunch,Earthquake,4,6,20,100000
Passimian,80.7,766,fighting,none,128.6,99.1,136,1733219,18,1492,Counter,Brutal Swing,Superpower,6,7,3,75000
Aromatisse,80.5,683,fairy,none,115.8,107.3,156,1938353,24,1498,Fairy Wind,Psyshock,Moonblast,5,7,3,50000
Gallade (Shadow),80.5,475,psychic,fighting,136.5,115.6,104,1641058,18,1496,Psycho Cut,Close Combat,Leaf Blade,5,4,5,75000
Gallade,80.5,475,psychic,fighting,136.5,115.6,104,1641058,18,1496,Psycho Cut,Close Combat,Leaf Blade,5,4,5,75000
Barbaracle,80.2,689,rock,water,120.9,133.0,115,1849166,20.5,1495,Fury Cutter,Cross Chop,Stone Edge,9,14,3,50000
Ambipom,80.2,424,normal,none,133.8,100.5,124,1667416,23,1493,Astonish,Aerial Ace,Return,5,7,3,50000
Ponyta (Shadow),80,77,fire,none,133.5,108.2,116,1675585,36,1495,Ember,Flame Wheel,Stomp,5,5,3,50000
Ponyta,80,77,fire,none,133.5,108.2,116,1675585,36,1495,Ember,Flame Wheel,Stomp,5,5,3,50000
Emolga,79.9,587,electric,flying,127.5,110.2,125,1756312,39.5,1496,Thunder Shock,Acrobatics,Discharge,7,5,1,10000
Seismitoad,79.9,537,water,ground,120.3,100.8,154,1867441,22,1498,Mud Shot,Earth Power,Icy Wind,6,5,3,50000
Mightyena (Shadow),79.8,262,dark,none,125.8,105.7,133,1768509,29,1491,Sucker Punch,Crunch,Poison Fang,7,6,1,10000
Mightyena,79.8,262,dark,none,125.8,105.7,133,1768509,29,1491,Sucker Punch,Crunch,Poison Fang,7,6,1,10000
Stunfisk (Galarian),79.7,618,ground,steel,101.4,126.6,172,2208005,26,1496,Mud Shot,Rock Slide,Earthquake,5,8,5,75000
Dipplin,79.7,1011,grass,dragon,114.6,128.8,132,1948383,23.5,1494,Dragon Tail,Seed Bomb,Outrage,4,5,5,75000
Hydrapple,79.7,1019,grass,dragon,122.2,110.7,136,1839745,17,1499,Dragon Tail,Seed Bomb,Outrage,4,5,5,75000
Zebstrika (Shadow),79.7,523,electric,none,137.7,95.4,124,1628936,23,1497,Low Kick,Wild Charge,Discharge,6,5,3,50000
Mesprit,79.7,481,psychic,none,123.5,128.0,114,1802112,18,1491,Confusion,Swift,Future Sight,3,5,20,100000
Azelf,79.7,482,psychic,none,152.5,90.3,106,1459700,17,1491,Confusion,Swift,Future Sight,3,5,20,100000
Turtwig,79.7,387,grass,none,112.6,105.0,135,1596105,50,1340,Tackle,Energy Ball,Body Slam,15,12,3,10000
Turtwig (Shadow),79.7,387,grass,none,112.6,105.0,135,1596105,50,1340,Tackle,Energy Ball,Body Slam,15,12,3,10000
Greninja (Shadow),79.5,658,water,dark,139.5,100.3,115,1609063,21,1498,Water Shuriken,Hydro Cannon,Night Slash,3,3,3,10000
Hippowdon,79.5,450,ground,none,116.1,116.7,142,1923940,18,1494,Sand Attack,Weather Ball (Rock),Earth Power,9,13,3,50000
Hippowdon (Shadow),79.5,450,ground,none,116.1,116.7,142,1923940,18,1494,Sand Attack,Weather Ball (Rock),Earth Power,9,13,3,50000
Greninja,79.5,658,water,dark,139.5,100.3,115,1609063,21,1498,Water Shuriken,Hydro Cannon,Night Slash,3,3,3,10000
Nidoqueen,79.5,31,poison,ground,116.5,118.4,139,1917310,22.5,1494,Mud Slap,Earth Power,Poison Fang,5,4,3,50000
Nidoqueen (Shadow),79.5,31,poison,ground,116.5,118.4,139,1917310,22.5,1494,Mud Slap,Earth Power,Poison Fang,5,4,3,50000
Rapidash (Galarian),79.5,78,psychic,fairy,133.6,111.5,112,1668397,22.5,1492,Fairy Wind,Body Slam,Wild Charge,4,5,3,50000
Haunter (Shadow),79.3,93,ghost,poison,161.1,85.5,101,1391179,28,1497,Shadow Claw,Ice Punch,Shadow Ball,5,7,3,50000
Zangoose,79.1,335,normal,none,144.7,87.7,122,1548203,23,1496,Fury Cutter,Close Combat,Night Slash,12,9,3,50000
Wailmer,78.8,320,water,none,116.5,68.2,242,1922763,48.5,1496,Rollout,Scald,Body Slam,4,3,1,10000
Wailmer (Shadow),78.8,320,water,none,116.5,68.2,242,1922763,48.5,1496,Rollout,Scald,Body Slam,4,3,1,10000
Incineroar,78.8,727,fire,dark,125.2,109.1,131,1789371,18.5,1496,Fire Fang,Brutal Swing,Blast Burn,6,9,3,10000
Whimsicott,78.7,547,grass,fairy,118.7,135.0,118,1890891,28,1498,Fairy Wind,Seed Bomb,Moonblast,5,7,1,10000
Golem (Alolan) (Shadow),78.6,76,rock,electric,125.1,122.2,117,1788605,19,1495,Volt Switch,Wild Charge,Rock Blast,3,3,1,10000
Golem (Alolan),78.6,76,rock,electric,125.1,122.2,117,1788605,19,1495,Volt Switch,Wild Charge,Rock Blast,3,3,1,10000
Ho-Oh,78.6,250,fire,flying,122.9,128.4,114,1798961,14,1486,Incinerate,Brave Bird,Sacred Fire,3,4,20,100000
Espeon,78.6,196,psychic,none,148.0,105.6,97,1515994,17.5,1497,Confusion,Psychic Fangs,Shadow Ball,3,4,5,75000
Ho-Oh (Shadow),78.6,250,fire,flying,123.4,126.4,113,1762547,14,1474,Incinerate,Brave Bird,Sacred Fire,3,4,20,100000
Maractus,78.6,556,grass,none,135.5,95.2,128,1651149,24.5,1495,Bullet Seed,Aerial Ace,Petal Blizzard,4,5,1,10000
Corviknight,78.5,823,flying,steel,106.9,130.6,150,2094171,23,1496,Sand Attack,Air Cutter,Payback,9,15,1,10000
Avalugg,78.5,713,ice,none,111.7,141.3,127,2004468,17.5,1496,Ice Fang,Avalanche,Body Slam,8,6,3,50000
Dragonite (Shadow),78.4,149,dragon,flying,135.8,107.3,113,1646561,14.5,1495,Dragon Breath,Thunder Punch,Superpower,10,10,5,75000
Dragonite,78.4,149,dragon,flying,135.8,107.3,113,1646561,14.5,1495,Dragon Breath,Thunder Punch,Superpower,10,10,5,75000
Giratina (Origin),78.4,487,ghost,dragon,120.0,101.4,154,1873872,15,1499,Dragon Tail,Ominous Wind,Shadow Ball,4,5,20,100000
Arcanine (Shadow),78.3,59,fire,none,132.0,102.5,125,1691250,18,1494,Fire Fang,Wild Charge,Psychic Fangs,8,6,3,50000
Arcanine,78.3,59,fire,none,132.0,102.5,125,1691250,18,1494,Fire Fang,Wild Charge,Psychic Fangs,8,6,3,50000
Darmanitan (Standard),78.2,555,fire,none,149.7,72.0,138,1487419,17.5,1492,Incinerate,Rock Slide,Overheat,3,3,3,50000
Darmanitan (Standard) (Shadow),78.2,555,fire,none,149.7,72.0,138,1487419,17.5,1492,Incinerate,Rock Slide,Overheat,3,3,3,50000
Drifblim,78.1,426,ghost,flying,119.1,75.7,209,1884317,23.5,1498,Hex,Icy Wind,Shadow Ball,4,4,5,75000
Drifloon (Shadow),78.1,425,ghost,flying,110.9,79.8,186,1646067,50,1351,Hex,Shadow Ball,Icy Wind,4,4,5,75000
Drifloon,78.1,425,ghost,flying,110.9,79.8,186,1646067,50,1351,Hex,Shadow Ball,Icy Wind,4,4,5,75000
Beautifly,78.1,267,bug,flying,144.7,83.9,127,1541822,33,1493,Infestation,Air Cutter,Silver Wind,3,4,1,10000
Sunflora,77.9,192,grass,none,128.7,102.1,132,1734516,26,1494,Bullet Seed,Leaf Storm,Sludge Bomb,5,4,3,50000
Palkia (Shadow),77.7,484,water,dragon,140.3,109.9,100,1541897,13.5,1470,Dragon Breath,Aqua Tail,Draco Meteor,9,17,20,100000
Oricorio (Pom-Pom),77.6,741,electric,flying,130.8,102.0,128,1707725,24,1494,Air Slash,Air Cutter,Hurricane,4,7,3,75000
Oricorio (Baile),77.6,741,fire,flying,130.8,102.0,128,1707725,24,1494,Air Slash,Air Cutter,Hurricane,4,7,3,75000
Oricorio (Sensu),77.6,741,ghost,flying,130.8,102.0,128,1707725,24,1494,Air Slash,Air Cutter,Hurricane,4,7,3,75000
Oricorio (Pa'u),77.6,741,psychic,flying,130.8,102.0,128,1707725,24,1494,Air Slash,Air Cutter,Hurricane,4,7,3,75000
Kommo-o,77.5,784,dragon,fighting,123.7,137.8,106,1806861,16.5,1495,Dragon Tail,Clanging Scales,Upper Hand,4,4,5,75000
Dachsbun,77.5,927,fairy,none,113.4,156.1,112,1982595,26.5,1499,Charm,Psychic Fangs,Play Rough,5,8,3,50000
Chesnaught (Shadow),77.5,652,grass,fighting,119.3,126.9,124,1877257,19,1496,Vine Whip,Frenzy Plant,Superpower,6,5,3,10000
Darmanitan (Galarian),77.3,555,ice,none,149.7,72.0,138,1487419,17.5,1492,Ice Fang,Avalanche,Superpower,8,7,3,50000
Mienfoo,77.2,619,fighting,none,142.7,93.2,118,1569358,47,1496,Low Kick,Brick Break,High Jump Kick,5,7,3,50000
Rotom (Fan),76.4,479,electric,flying,128.8,144.9,93,1735670,21.5,1495,Astonish,Thunderbolt,Ominous Wind,6,5,5,75000
Cetoddle,76.3,974,ice,none,112.6,79.8,213,1913907,50,1468,Powder Snow,Avalanche,Body Slam,6,5,3,50000
Typhlosion (Shadow),76.3,157,fire,none,132.7,108.8,117,1689218,19,1497,Incinerate,Blast Burn,Thunder Punch,3,2,3,10000
Typhlosion,76.3,157,fire,none,132.7,108.8,117,1689218,19,1497,Incinerate,Blast Burn,Thunder Punch,3,2,3,10000
Flamigo,76.1,973,flying,fighting,137.9,95.5,123,1619842,20,1494,Wing Attack,Upper Hand,Brave Bird,5,7,3,75000
Prinplup,76.1,394,water,none,118.6,117.0,136,1887163,36.5,1496,Bubble,Icy Wind,Hydro Pump,5,7,3,10000
Prinplup (Shadow),76.1,394,water,none,118.6,117.0,136,1887163,36.5,1496,Bubble,Icy Wind,Hydro Pump,5,7,3,10000
Monferno (Shadow),76,391,fire,fighting,129.6,96.0,139,1729382,42,1497,Ember,Flame Wheel,Low Sweep,5,5,3,10000
Swellow,76,277,normal,flying,135.9,99.9,121,1642746,29,1494,Wing Attack,Brave Bird,Aerial Ace,7,6,1,10000
Monferno,76,391,fire,fighting,129.6,96.0,139,1729382,42,1497,Ember,Flame Wheel,Low Sweep,5,5,3,10000
Flareon,76,136,fire,none,142.2,109.9,100,1562778,18,1490,Ember,Superpower,Heat Wave,5,5,5,75000
Pawmot,75.9,923,electric,fighting,145.0,95.4,112,1549296,21,1498,Thunder Shock,Brick Break,Wild Charge,5,5,3,75000
Electivire (Shadow),75.9,466,electric,none,143.3,100.8,108,1560021,18,1495,Thunder Shock,Ice Punch,Wild Charge,5,5,5,75000
Electivire,75.9,466,electric,none,143.3,100.8,108,1560021,18,1495,Thunder Shock,Ice Punch,Wild Charge,5,5,5,75000
Scolipede,75.7,545,bug,poison,131.7,120.3,107,1695256,22.5,1494,Poison Sting,Aqua Tail,Megahorn,4,7,1,10000
Cherrim (Sunshine),75.6,421,grass,none,121.8,116.2,130,1839911,27.5,1497,Bullet Seed,Weather Ball (Fire),Solar Beam,3,7,1,10000
Meowscarada,75.5,908,grass,dark,140.3,99.1,115,1598929,19.5,1497,Leafage,Night Slash,Frenzy Plant,5,6,3,10000
Nidoking (Shadow),75.5,34,poison,ground,129.4,105.2,127,1728836,21.5,1495,Fury Cutter,Sand Tomb,Earth Power,10,13,3,50000
Nidoking,75.5,34,poison,ground,129.4,105.2,127,1728836,21.5,1495,Fury Cutter,Sand Tomb,Earth Power,10,13,3,50000
Masquerain,75.3,284,bug,flying,129.5,109.1,122,1723671,24.5,1494,Air Slash,Air Cutter,Lunge,4,5,1,10000
Annihilape,74.9,979,fighting,ghost,123.3,105.2,140,1815962,17,1496,Low Kick,Rage Fist,Close Combat,5,6,3,50000
Torterra,74.7,389,grass,ground,119.9,117.0,133,1865764,19,1495,Mud Slap,Frenzy Plant,Sand Tomb,5,4,3,10000
Torterra (Shadow),74.7,389,grass,ground,119.9,117.0,133,1865764,19,1495,Mud Slap,Frenzy Plant,Sand Tomb,5,4,3,10000
Palossand,74.6,770,ghost,ground,116.5,123.0,134,1920153,23,1495,Astonish,Shadow Ball,Sand Tomb,5,4,3,50000
Sandygast,74.6,769,ghost,ground,113.4,111.7,135,1710015,50,1392,Astonish,Shadow Ball,Sand Tomb,5,4,3,50000
Pidgeot,74.5,18,normal,flying,116.9,115.5,142,1917277,26.5,1497,Wing Attack,Twister,Brave Bird,5,7,1,10000
Pidgeot (Shadow),74.5,18,normal,flying,116.9,115.5,142,1917277,26.5,1497,Wing Attack,Twister,Brave Bird,5,7,1,10000
Pangoro,74.3,675,fighting,dark,133.9,93.7,133,1668675,19,1494,Karate Chop,Close Combat,Night Slash,5,4,3,50000
Escavalier,73.6,589,bug,steel,132.1,117.6,108,1677776,19,1488,Bug Bite,Drill Run,Razor Shell,14,12,3,50000
Escavalier (Shadow),73.6,589,bug,steel,132.1,117.6,108,1677776,19,1488,Bug Bite,Drill Run,Razor Shell,14,12,3,50000
Rotom (Heat),73.6,479,electric,fire,128.8,144.9,93,1735670,21.5,1495,Thunder Shock,Overheat,Thunderbolt,7,7,5,75000
Bewear (Shadow),73.2,760,normal,fighting,129.6,87.1,153,1727088,17.5,1496,Shadow Claw,Superpower,Stomp,5,5,1,10000
Bewear,73.2,760,normal,fighting,129.6,87.1,153,1727088,17.5,1496,Shadow Claw,Superpower,Stomp,5,5,1,10000
Porygon,72.9,137,normal,none,120.0,115.4,135,1869480,35.5,1497,Quick Attack,Discharge,Hyper Beam,5,10,3,50000
Decidueye,72.5,724,grass,ghost,127.8,115.2,119,1751985,20,1496,Leafage,Frenzy Plant,Spirit Shackle,6,5,3,10000
Grapploct,72.5,853,fighting,none,130.3,107.1,123,1716481,21,1495,Waterfall,Superpower,Ice Punch,4,4,3,50000
Wormadam (Sandy),72.4,413,bug,ground,110.0,144.8,128,2038784,34.5,1497,Sucker Punch,Bug Buzz,Bulldoze,9,7,1,10000
Exeggutor (Alolan),72.2,103,grass,dragon,134.4,94.8,131,1669087,18.5,1497,Dragon Tail,Seed Bomb,Draco Meteor,4,6,3,50000
Exeggutor (Alolan) (Shadow),72.2,103,grass,dragon,134.4,94.8,131,1669087,18.5,1497,Dragon Tail,Seed Bomb,Draco Meteor,4,6,3,50000
Deoxys (Speed),72.2,386,psychic,none,140.7,131.5,86,1591176,18.5,1496,Charge Beam,Psycho Boost,Swift,4,4,20,100000
Clobbopus,72.1,852,fighting,none,114.2,99.1,127,1437287,50,1281,Rock Smash,Superpower,Ice Punch,6,6,3,50000
Roserade,71.9,407,grass,poison,141.9,114.3,97,1573259,18.5,1494,Poison Sting,Weather Ball (Fire),Leaf Storm,4,7,3,50000
Krabby,71.6,98,water,none,148.0,111.2,92,1514099,42,1496,Bubble,Vise Grip,Razor Shell,4,4,3,50000
Stufful,71.4,759,normal,fighting,124.8,92.1,156,1793076,49.5,1495,Tackle,Superpower,Stomp,14,14,1,10000
Stufful (Shadow),71.4,759,normal,fighting,124.8,92.1,156,1793076,49.5,1495,Tackle,Superpower,Stomp,14,14,1,10000
Muk (Alolan),70.5,89,poison,dark,115.8,111.7,148,1914359,20,1488,Poison Jab,Dark Pulse,Acid Spray,8,7,3,50000
Muk (Alolan) (Shadow),70.5,89,poison,dark,115.8,111.7,148,1914359,20,1488,Poison Jab,Dark Pulse,Acid Spray,8,7,3,50000
Porygon2,69.9,233,normal,none,122.1,117.9,127,1828240,20.5,1494,Lock On,Tri Attack,Zap Cannon,10,16,3,50000
Porygon2 (Shadow),69.9,233,normal,none,122.1,117.9,127,1828240,20.5,1494,Lock On,Tri Attack,Zap Cannon,10,16,3,50000
Porygon-Z (Shadow),69.9,474,normal,none,147.6,88.1,117,1521417,17,1498,Lock On,Tri Attack,Zap Cannon,10,16,3,50000
Porygon-Z,69.9,474,normal,none,147.6,88.1,117,1521417,17,1498,Lock On,Tri Attack,Zap Cannon,10,16,3,50000
Groudon (Shadow),69.8,383,ground,none,133.9,116.5,104,1622332,13,1473,Mud Shot,Precipice Blades,Fire Punch,7,5,20,100000
Crabrawler,68.8,739,fighting,none,135.7,98.8,123,1649081,49.5,1495,Bubble,Crabhammer,Power-Up Punch,5,4,3,50000
Manectric,68.4,310,electric,none,142.4,91.3,121,1573136,23.5,1496,Thunder Fang,Psychic Fangs,Wild Charge,6,8,3,50000
Gliscor,67.8,472,ground,flying,115.6,144.4,116,1936346,21,1496,Wing Attack,Sand Tomb,Acrobatics,5,7,5,75000
Gliscor (Shadow),67.8,472,ground,flying,115.6,144.4,116,1936346,21,1496,Wing Attack,Sand Tomb,Acrobatics,5,7,5,75000
Houndstone,67.7,972,ghost,none,120.3,130.3,119,1865336,22,1497,Lick,Shadow Ball,Psychic Fangs,17,12,3,50000
Primeape,67.6,57,fighting,none,138.7,100.1,116,1610529,24,1494,Karate Chop,Rage Fist,Close Combat,4,5,3,50000
Klinklang,67.5,601,steel,none,124.2,139.5,104,1801894,21,1495,Metal Sound,Mirror Shot,Flash Cannon,5,9,5,75000
Komala,67.3,775,normal,none,136.8,110.2,109,1643214,21.5,1499,Rollout,Payback,Bulldoze,5,4,3,50000
Buzzwole,67.1,794,bug,fighting,128.2,111.6,122,1745469,16,1495,Counter,Superpower,Lunge,7,8,20,100000
Octillery,66.5,224,water,none,131.5,100.7,128,1694982,24,1492,Lock On,Octazooka,Gunk Shot,10,15,1,10000
Charizard (Shadow),65.6,6,fire,flying,132.7,108.8,117,1689218,19,1497,Ember,Blast Burn,Air Cutter,6,4,3,10000
Charizard,65.6,6,fire,flying,132.7,108.8,117,1689218,19,1497,Ember,Blast Burn,Air Cutter,6,4,3,10000
Rotom (Mow),63.7,479,electric,grass,128.8,144.9,93,1735670,21.5,1495,Thunder Shock,Ominous Wind,Leaf Storm,5,7,5,75000
Luxray,63.6,405,electric,none,138.0,98.9,119,1624136,19,1497,Spark,Wild Charge,Psychic Fangs,7,5,5,75000
Serperior (Shadow),62.9,497,grass,none,110.2,142.2,130,2037157,25,1498,Vine Whip,Frenzy Plant,Leaf Tornado,6,5,3,10000
Magnezone,61.2,462,electric,steel,134.3,121.1,102,1658900,17,1492,Volt Switch,Wild Charge,Mirror Shot,3,3,3,50000
Magnezone (Shadow),61.2,462,electric,steel,134.3,121.1,102,1658900,17,1492,Volt Switch,Wild Charge,Mirror Shot,3,3,3,50000
Luxray (Shadow),60.3,405,electric,none,138.0,98.9,119,1624136,19,1497,Snarl,Wild Charge,Psychic Fangs,4,3,5,75000
Manectric (Shadow),60.3,310,electric,none,142.4,91.3,121,1573136,23.5,1496,Snarl,Wild Charge,Psychic Fangs,4,3,3,50000
Poipole,58.2,803,poison,none,119.7,113.5,137,1861275,36,1492,Peck,Sludge Bomb,Fell Stinger,7,5,20,100000
Araquanid,56.5,752,water,bug,97.4,174.0,136,2304874,32,1498,Bug Bite,Water Pulse,Bubble Beam,17,14,3,50000
Araquanid (Shadow),56.5,752,water,bug,97.4,174.0,136,2304874,32,1498,Bug Bite,Bubble Beam,Water Pulse,14,17,3,50000
Tinkaton,56.2,959,fairy,steel,106.2,140.9,141,2109865,25,1496,Fairy Wind,Gigaton Hammer,Bulldoze,7,5,3,75000
Toxtricity,56.2,849,electric,poison,141.2,95.3,118,1587850,21.5,1497,Acid,Wild Charge,Power-Up Punch,6,5,5,75000
Accelgor,52.5,617,bug,none,143.2,84.9,129,1568341,22.5,1498,Water Shuriken,Bug Buzz,Acid Spray,5,4,3,50000
Suicune,52.3,245,water,none,106.2,143.0,137,2080564,18.5,1486,Ice Fang,Bubble Beam,Scald,7,9,20,100000
Suicune (Shadow),52.3,245,water,none,107.1,139.9,136,2037727,18,1477,Ice Fang,Bubble Beam,Scald,7,9,20,100000
Togedemaru,44.7,777,electric,steel,132.2,107.2,120,1700621,25.5,1499,Thunder Shock,Fell Stinger,Wild Charge,4,5,3,50000
