Pokemon,Score,Dex,Type 1,Type 2,Attack,Defense,Stamina,Stat Product,Level,CP,Fast Move,Charged Move 1,Charged Move 2,Charged Move 1 Count,Charged Move 2 Count,Buddy Distance,Charged Move Cost
Tinkaton,100,959,fairy,steel,106.2,140.9,141,2110405,25,1500,Fairy Wind,Gigaton Hammer*,Bulldoze,7,5,3,75000
Araquanid,96.1,752,water,bug,97.4,174,136,2306355,32,1499,Bug Bite,Water Pulse,Bubble Beam,17,14,3,50000
Corviknight,95.6,823,flying,steel,107,130.7,150,2097411,23,1500,Sand Attack,Air Cutter*,Payback,9,15,1,10000
Carbink,95.2,703,rock,fairy,84,252.1,126,2669074,50,1497,Rock Throw,Rock Slide,Moonblast,9,12,5,75000
Mandibuzz,94.7,630,dark,flying,92.1,151.3,175,2439745,26.5,1500,Snarl,Foul Play,Shadow Ball,4,4,5,75000
Azumarill,92.1,184,water,fairy,93.4,134.5,191,2399514,43,1499,Bubble,Ice Beam,Play Rough,5,6,3,50000
Umbreon,91.8,197,dark,none,90.2,177,156,2491764,27,1500,Snarl,Foul Play,Last Resort*,4,5,5,75000
Steelix,90.9,208,steel,ground,98.4,183.3,126,2272944,23.5,1497,Thunder Fang,Psychic Fangs,Crunch,6,8,5,75000
Stunfisk,90.9,618,ground,electric,101.5,126.7,172,2211731,26,1499,Thunder Shock,Mud Bomb,Discharge,5,5,5,75000
Corsola (Galarian),89.9,222,ghost,none,99.3,163.1,139,2251734,47.5,1500,Astonish,Night Shade,Power Gem,5,5,3,50000
Forretress,89.4,205,bug,steel,109.8,145.5,128,2043769,24.5,1499,Volt Switch,Sand Tomb,Rock Tomb,3,4,5,75000
Diggersby,88.7,660,normal,ground,95.7,140.3,174,2337114,47,1499,Mud Shot,Fire Punch,Scorching Sands,5,6,1,10000
Bastiodon,88.2,411,rock,steel,80.6,247.7,139,2775875,46.5,1496,Smack Down,Stone Edge,Flamethrower,7,7,5,75000
Steelix (Shadow),87.5,208,steel,ground,98.4,183.3,126,2272944,23.5,1497,Thunder Fang,Psychic Fangs,Crunch,6,8,5,75000
Lickitung,87.3,108,normal,none,96.6,127.7,186,2295742,50,1491,Lick,Body Slam*,Power Whip,12,17,3,50000
Pachirisu,86.8,417,electric,none,91.6,157.1,142,2043738,50,1372,Volt Switch,Hyper Fang,Thunder Punch,4,3,5,75000
Toxapex,86.8,748,poison,water,91.9,224.3,118,2433080,38,1497,Poison Jab,Brine,Sludge Wave,8,10,3,50000
Ninetales,86.6,38,fire,none,114.4,135.5,126,1953716,24.5,1496,Ember*,Weather Ball (Fire),Overheat,4,7,3,50000
Araquanid (Shadow),86.3,752,water,bug,97.4,174,136,2306355,32,1499,Bug Bite,Bubble Beam,Water Pulse,14,17,3,50000
Guzzlord,86.3,799,dark,dragon,113.3,66.1,265,1982915,19.5,1499,Dragon Tail,Brutal Swing,Sludge Bomb,3,5,20,100000
Dusclops,85.4,356,ghost,none,102.4,197.7,108,2186937,42,1497,Hex,Ice Punch,Shadow Punch,4,3,3,50000
Oinkologne (Female),85.4,916,normal,none,109.6,111.5,167,2041611,22.5,1500,Mud Slap*,Body Slam,Trailblaze,4,5,1,10000
Medicham,85.1,308,fighting,psychic,106.9,139.5,141,2102958,49,1500,Psycho Cut,Ice Punch,Dynamic Punch,5,5,3,50000
Greedent,84.9,820,normal,none,106.9,110.7,177,2094312,23.5,1497,Mud Shot,Body Slam,Trailblaze,4,5,1,10000
Quagsire,84.9,195,water,ground,111.3,112.7,161,2018332,28.5,1499,Mud Shot,Aqua Tail*,Mud Bomb,4,5,3,50000
Bastiodon (Shadow),84.6,411,rock,steel,80.6,247.7,139,2775875,46.5,1496,Smack Down,Stone Edge,Flamethrower,7,7,5,75000
Wigglytuff,84.6,40,normal,fairy,115.1,75.5,223,1938893,29,1493,Charm,Icy Wind,Swift,6,5,1,10000
Coalossal,84.4,839,rock,fire,98.2,139.4,167,2285184,24,1500,Fire Spin,Rock Slide,Flame Charge,5,5,3,10000
Oranguru,83.9,765,normal,psychic,110.2,130.1,142,2034972,23,1498,Confusion,Brutal Swing,Trailblaze,3,4,3,75000
Cresselia,83.7,488,psychic,none,93.2,160.7,160,2396223,20,1497,Psycho Cut,Grass Knot*,Moonblast,6,7,20,100000
Altaria,83.4,334,dragon,flying,103.4,151.9,138,2167763,28.5,1499,Dragon Breath,Sky Attack,Flamethrower,13,14,1,10000
Melmetal,83.4,809,steel,none,121,105.2,146,1857750,15.5,1500,Thunder Shock,Double Iron Bash*,Superpower,4,5,20,100000
Wormadam (Trash),83.4,413,bug,steel,105,151.1,135,2141526,41,1500,Sucker Punch,Bug Buzz,Iron Head,9,8,1,10000
Forretress (Shadow),83.2,205,bug,steel,109.8,145.5,128,2043769,24.5,1499,Volt Switch,Sand Tomb,Rock Tomb,3,4,5,75000
Lumineon,83.2,457,water,none,109,137.4,137,2052476,32.5,1498,Waterfall,Aqua Tail,Silver Wind,4,5,3,50000
Marowak,83,105,ground,none,109.6,148.9,125,2040576,31.5,1496,Mud Slap,Bone Club,Rock Slide,4,5,3,50000
Quagsire (Shadow),82.7,195,water,ground,111.3,112.7,161,2018332,28.5,1499,Mud Shot,Aqua Tail*,Mud Bomb,4,5,3,50000
Throh,82.7,538,fighting,none,110.3,107.8,171,2032228,22,1499,Low Kick,Brick Break,Body Slam,5,5,5,75000
Diggersby (Shadow),82.5,660,normal,ground,95.7,140.3,174,2337114,47,1499,Mud Shot,Scorching Sands,Fire Punch,6,5,1,10000
Gastrodon,82.5,423,water,ground,113.2,103.4,168,1966737,24,1495,Mud Slap,Body Slam,Water Pulse,4,5,3,50000
Jellicent,82.5,593,water,ghost,106.7,126.3,156,2101858,24,1499,Hex,Surf,Shadow Ball,4,4,3,50000
Stunfisk (Galarian),82.5,618,ground,steel,101.5,126.7,172,2211731,26,1499,Mud Shot,Rock Slide,Earthquake,5,8,5,75000
Weezing (Galarian),82.5,110,poison,fairy,117.7,139.5,116,1904809,24.5,1499,Fairy Wind,Sludge,Brutal Swing,5,4,3,50000
Annihilape,82.2,979,fighting,ghost,123.4,105.2,140,1817129,17,1499,Low Kick,Rage Fist*,Close Combat,5,6,3,50000
Gligar,82.2,207,ground,flying,108.5,145.3,131,2064887,31,1498,Wing Attack,Night Slash,Dig,5,7,5,75000
Toedscruel,81.3,949,ground,grass,108.9,143.5,131,2047453,23,1495,Mud Slap,Seed Bomb,Wrap,4,5,3,50000
Milotic,81.1,350,water,none,113.2,133.9,131,1985080,18.5,1498,Waterfall,Aqua Tail,Wrap,4,5,5,75000
Sealeo,80.8,364,ice,water,109,112.8,168,2065168,36,1500,Powder Snow,Surf,Body Slam,6,5,3,50000
Ninetales (Alolan),80.6,38,ice,fairy,114.5,136.1,125,1948701,24,1497,Powder Snow,Weather Ball (Ice),Chilling Water*,5,6,3,50000
Dachsbun,79.9,927,fairy,none,113.5,156.1,112,1983841,26.5,1500,Charm,Psychic Fangs,Play Rough,5,8,3,50000
Dondozo,79.6,977,water,none,104.6,109.7,187,2146006,18.5,1499,Waterfall,Surf,Outrage,5,6,5,75000
Florges,79.4,671,fairy,none,120.1,141.6,110,1869643,17,1499,Fairy Wind,Chilling Water*,Disarming Voice,5,5,3,50000
Zweilous,79.4,634,dark,dragon,120.5,110.2,140,1859224,30.5,1498,Dragon Breath,Body Slam,Dark Pulse,9,13,5,75000
Doublade,79.1,680,steel,ghost,122.9,140,106,1824726,22.5,1500,Shadow Claw,Sacred Sword,Gyro Ball,5,7,5,75000
Lickilicky,78.9,463,normal,none,105.7,125.6,160,2123761,23,1499,Rollout,Body Slam*,Shadow Ball,3,4,3,50000
Torkoal,78.9,324,fire,none,107.6,151.3,128,2083996,27,1499,Ember,Flame Wheel,Overheat,5,7,3,50000
Charjabug,78.7,737,bug,electric,114.8,134.8,126,1949448,36.5,1497,Volt Switch*,X-Scissor,Discharge,3,3,1,10000
Dunsparce,78.7,206,normal,none,104.8,111,184,2139359,37.5,1499,Rollout,Drill Run,Rock Slide,4,4,3,50000
Orthworm,78.7,968,steel,none,109.1,154.1,122,2050646,24.5,1497,Mud Slap,Rock Tomb,Earthquake,5,7,5,75000
Aegislash (Shield),78.4,681,steel,ghost,82.9,234.6,139,2701765,46,1498,Psycho Cut,Shadow Ball,Gyro Ball,9,9,5,75000
Moltres (Galarian),78.4,146,dark,flying,115.1,134.7,124,1922500,17.5,1488,Sucker Punch,Fly,Brave Bird,7,8,20,100000
Castform (Sunny),78.2,351,fire,none,112.6,121.3,146,1993800,39.5,1500,Ember,Weather Ball (Fire),Solar Beam,4,9,5,75000
Lapras,78.2,131,water,ice,104.7,114.6,179,2147136,21.5,1499,Psywave,Sparkling Aria,Ice Beam*,12,14,5,75000
Swalot,78.2,317,poison,none,103.4,122.7,171,2169090,28.5,1498,Mud Shot,Sludge,Ice Beam,5,7,1,10000
Bronzong,77.9,437,steel,psychic,110.9,152.3,120,2026242,25,1500,Confusion,Weather Ball (Water),Payback,3,5,3,50000
Goodra,77.9,706,dragon,none,119.7,134.1,117,1878306,16,1499,Dragon Breath,Aqua Tail,Thunder Punch*,9,10,5,75000
Mawile,77.9,303,steel,fairy,124.8,120.8,119,1793917,39,1497,Fairy Wind,Vise Grip,Iron Head,5,6,5,75000
Sableye (Shadow),77.7,302,dark,ghost,119.7,124.6,125,1864140,47,1496,Shadow Claw,Foul Play,Drain Punch,5,5,5,75000
Tinkatuff,77.7,958,fairy,steel,104.2,134.4,149,2087357,50,1477,Fairy Wind,Play Rough,Flash Cannon,7,8,3,75000
Ludicolo,77.5,272,water,grass,116.5,123.7,134,1930725,24,1500,Astonish,Weather Ball (Water),Leaf Storm,4,6,3,50000
Togetic,77.5,176,fairy,flying,110.2,150.2,123,2035132,36.5,1498,Fairy Wind,Psyshock,Heat Wave,5,5,3,50000
Clodsire,77.2,980,poison,ground,95.1,119.7,208,2366922,29.5,1500,Poison Sting,Earthquake,Stone Edge,8,7,3,50000
Furret,77.2,162,normal,none,115.3,105.4,160,1945534,34.5,1498,Sucker Punch,Swift,Trailblaze,5,7,1,10000
Marowak (Alolan),77.2,105,fire,ghost,109.6,148.9,125,2040576,31.5,1496,Fire Spin,Bone Club,Shadow Bone*,4,5,3,50000
Metang,77.2,375,steel,psychic,109,145.8,129,2049614,36,1498,Fury Cutter,Psyshock,Gyro Ball,10,13,5,75000
Pidgeot,77.2,18,normal,flying,116.9,115.5,142,1917898,26.5,1499,Wing Attack*,Air Cutter*,Brave Bird,5,7,1,10000
Scrafty,77.2,560,dark,fighting,110.4,156.7,117,2024611,24.5,1495,Counter,Foul Play,Upper Hand,7,7,3,50000
Amoonguss,77,591,grass,poison,109.3,105.9,177,2049605,26.5,1498,Astonish,Grass Knot,Foul Play,5,4,3,50000
Uxie,76.7,480,psychic,none,102.1,176.1,122,2193759,22,1497,Confusion,Swift,Thunder,3,5,20,100000
Whiscash,76.5,340,water,ground,107.6,108.3,178,2073839,27,1495,Mud Shot,Mud Bomb,Scald,5,6,1,10000
Sandslash (Alolan),76.3,28,ice,steel,116,133.3,125,1931513,23,1499,Powder Snow,Ice Punch,Drill Run,5,6,3,50000
Jumpluff,76,189,grass,flying,96.7,157,153,2322994,40.5,1499,Fairy Wind,Aerial Ace,Energy Ball,5,7,3,50000
Miltank,76,241,normal,none,105.4,134.8,150,2130680,24,1500,Rollout,Body Slam,Thunderbolt,3,5,5,75000
Drapion,75.8,452,poison,dark,117.9,136.9,118,1903472,22.5,1500,Poison Sting,Crunch,Aqua Tail,5,4,5,75000
Registeel,75.8,379,steel,none,95.7,190.1,129,2346311,22.5,1499,Lock On,Focus Blast,Zap Cannon*,15,16,20,100000
Dewgong,75.5,87,water,ice,102,136.9,157,2192411,28.5,1498,Ice Shard*,Icy Wind*,Drill Run,5,5,3,50000
Throh (Shadow),75.5,538,fighting,none,110.3,107.8,171,2032228,22,1499,Low Kick,Brick Break,Body Slam,5,5,5,75000
Lanturn,75.1,171,water,electric,104.8,105.5,194,2145463,27,1500,Water Gun,Surf,Thunderbolt,15,19,3,50000
Spidops,75.1,918,bug,none,111,138.9,131,2019559,37.5,1497,Shadow Claw,Lunge,Rock Tomb,6,7,1,50000
Ferrothorn,74.8,598,grass,steel,107.1,152.7,128,2094247,24.5,1499,Bullet Seed,Power Whip,Thunder,4,5,3,75000
Klefki,74.8,707,steel,fairy,118,137.4,117,1896718,29,1497,Astonish,Foul Play,Play Rough,4,6,3,50000
Togedemaru,74.8,777,electric,steel,132.2,107.3,120,1701782,25.5,1500,Thunder Shock,Fell Stinger,Wild Charge,4,5,3,50000
Bellibolt,74.6,939,electric,none,115.1,110.2,154,1952887,21,1500,Thunder Shock,Zap Cannon,Parabolic Charge,9,6,1,50000
Kingambit,74.6,983,dark,steel,127.3,112,124,1768045,15.5,1500,Metal Sound,Foul Play,Iron Head,5,7,5,75000
Servine,74.6,496,grass,none,105.9,140.3,142,2109814,50,1494,Vine Whip,Grass Knot,Wrap,7,6,3,10000
Aromatisse,74.4,683,fairy,none,115.8,107.3,156,1939437,24,1500,Charm,Psyshock,Moonblast,5,8,3,50000
Empoleon,74.4,395,water,steel,125.2,117,122,1787543,19,1497,Metal Sound,Hydro Cannon*,Drill Peck,5,5,3,10000
Hakamo-o,74.4,783,dragon,fighting,115.5,135.6,124,1942416,36.5,1498,Dragon Tail,Brick Break,Rock Tomb,4,5,5,75000
Turtonator,74.4,776,fire,dragon,113.5,153.6,113,1971162,25,1499,Incinerate,Brutal Swing,Dragon Claw,2,3,5,75000
Altaria (Shadow),74.1,334,dragon,flying,103.4,151.9,138,2167763,28.5,1499,Dragon Breath,Sky Attack,Flamethrower,13,14,1,10000
Sandshrew (Alolan),74.1,27,ice,steel,117.6,121,127,1807853,50,1462,Powder Snow,Night Slash,Gyro Ball,5,7,3,50000
Thievul,74.1,828,dark,none,119.9,121.9,127,1856410,26,1494,Sucker Punch,Night Slash,Play Rough,5,9,1,10000
Sableye,73.9,302,dark,ghost,119.7,124.6,125,1864140,47,1496,Shadow Claw,Foul Play,Power Gem,5,7,5,75000
Mantine,73.6,226,water,flying,105.5,166.6,121,2126860,27,1500,Wing Attack,Aerial Ace,Ice Beam,6,7,5,75000
Ninetales (Shadow),73.6,38,fire,none,114.4,135.5,126,1953716,24.5,1496,Ember*,Weather Ball (Fire),Overheat,4,7,3,50000
Cradily,73.4,346,rock,grass,105.2,140.3,144,2126277,25.5,1497,Acid,Rock Tomb,Grass Knot,7,7,3,50000
Sealeo (Shadow),73.4,364,ice,water,109,112.8,168,2065168,36,1500,Powder Snow,Surf,Body Slam,6,5,3,50000
Weezing (Galarian) (Shadow),73.4,110,poison,fairy,117.7,139.5,116,1904809,24.5,1499,Fairy Wind,Sludge,Brutal Swing,5,4,3,50000
Gligar (Shadow),73.2,207,ground,flying,108.5,145.3,131,2064887,31,1498,Wing Attack,Night Slash,Dig,5,7,5,75000
Hypno,73.2,97,psychic,none,103.4,143,147,2174050,27,1500,Confusion,Shadow Ball,Thunder Punch,4,3,3,50000
Cetoddle,72.9,974,ice,none,112.6,79.8,213,1914594,50,1469,Powder Snow,Avalanche,Body Slam,6,5,3,50000
Linoone,72.9,264,normal,none,114.1,111.8,154,1965124,38.5,1497,Shadow Claw,Swift,Grass Knot,5,7,1,10000
Clefable,72.7,36,fairy,none,116.6,112.1,147,1921642,23,1498,Fairy Wind,Moonblast,Meteor Mash,7,5,1,10000
Dusclops (Shadow),72.7,356,ghost,none,102.4,197.7,108,2186937,42,1497,Hex,Ice Punch,Shadow Punch,4,3,3,50000
Marowak (Shadow),72.7,105,ground,none,109.6,148.9,125,2040576,31.5,1496,Mud Slap,Bone Club,Rock Slide,4,5,3,50000
Poliwrath,72.7,62,water,fighting,115.8,122,137,1936317,21.5,1500,Counter*,Scald,Icy Wind,9,8,3,50000
Slowbro,72.7,80,water,psychic,113.4,120.9,144,1974848,22,1500,Confusion,Drain Punch,Ice Beam,3,4,3,50000
Sylveon,72.7,700,fairy,none,117.3,124.7,130,1901632,18,1498,Charm,Psyshock*,Moonblast,5,8,5,75000
Sandslash (Alolan) (Shadow),72.4,28,ice,steel,116,133.3,125,1931513,23,1499,Powder Snow,Ice Punch,Drill Run,5,6,3,50000
Chansey,72.2,113,normal,none,63,120.2,421,3188219,50,1418,Zen Headbutt,Dazzling Gleam,Psychic,10,10,5,75000
Avalugg,72,713,ice,none,111.8,141.4,127,2006849,17.5,1500,Ice Fang,Avalanche,Body Slam,8,6,3,50000
Noctowl,72,164,normal,flying,105.3,120.2,168,2126381,28,1500,Wing Attack,Sky Attack,Shadow Ball,7,7,1,10000
Swampert,72,260,water,ground,123,109.2,136,1825538,18.5,1499,Mud Shot,Hydro Cannon*,Earthquake,5,8,3,10000
Whimsicott,72,547,grass,fairy,118.8,135,118,1892000,28,1499,Fairy Wind,Seed Bomb,Moonblast,5,7,1,10000
Wobbuffet,72,202,psychic,none,63,101.7,333,2133829,50,1160,Counter,Return<sup>†</sup>,Mirror Coat,12,10,3,50000
Aurorus,71.7,699,rock,ice,113.5,106.3,164,1979465,20,1500,Powder Snow,Weather Ball (Ice),Meteor Beam,5,8,5,75000
Bellossom,71.7,182,grass,none,115.1,132.2,128,1947512,24.5,1498,Acid,Leaf Blade,Dazzling Gleam,5,7,3,50000
Gogoat,71.7,673,grass,none,119.7,95,165,1876484,19.5,1499,Vine Whip,Leaf Blade,Rock Slide,5,6,3,50000
Spiritomb,71.7,442,ghost,dark,120.8,147.9,104,1857210,27,1498,Sucker Punch,Rock Tomb,Shadow Ball,8,8,5,75000
Klang,71.5,600,steel,none,114.1,137.8,125,1964847,31.5,1498,Metal Sound,Vise Grip,Thunderbolt,5,7,5,75000
Munchlax,71.5,446,normal,none,103.2,96.6,218,2172279,30,1499,Tackle,Body Slam,Bulldoze,12,15,5,10000
Nidoqueen,71.5,31,poison,ground,116.6,118.5,139,1920313,22.5,1498,Mud Slap,Stone Edge,Poison Fang,6,4,3,50000
Charjabug (Shadow),71.2,737,bug,electric,114.8,134.8,126,1949448,36.5,1497,Volt Switch*,X-Scissor,Discharge,3,3,1,10000
Claydol,71.2,344,ground,psychic,103.6,172.7,121,2164207,29,1500,Mud Slap,Rock Tomb,Shadow Ball,5,5,3,50000
Jumpluff (Shadow),71.2,189,grass,flying,96.7,157,153,2322994,40.5,1499,Fairy Wind,Aerial Ace,Acrobatics*,5,7,3,50000
Magcargo,71.2,219,fire,rock,110.9,156.4,117,2029369,36.5,1500,Ember,Rock Tomb,Overheat,6,7,1,10000
Obstagoon,71.2,862,dark,normal,113.2,127.9,137,1985019,21,1500,Counter,Night Slash,Cross Chop,6,6,3,10000
Tropius,71.2,357,grass,flying,101.4,128.1,170,2208146,29,1498,Air Slash,Leaf Blade,Brutal Swing,4,4,5,75000
Dartrix,71,723,grass,flying,112.5,115.5,154,2001159,36.5,1500,Peck,Brave Bird,Seed Bomb,7,5,3,10000
Gourgeist (Super),71,711,ghost,grass,115.1,131.6,129,1953944,21,1500,Incinerate,Shadow Ball,Seed Bomb,3,2,5,75000
Hippowdon,71,450,ground,none,116.2,116.8,142,1926191,18,1500,Sand Attack,Weather Ball (Rock),Scorching Sands,9,13,3,50000
Magnezone,71,462,electric,steel,134.4,121.2,102,1661074,17,1497,Volt Switch,Wild Charge,Mirror Shot,3,3,3,50000
Politoed,71,186,water,none,114,124.3,139,1970072,23,1498,Mud Shot,Weather Ball (Water),Ice Beam*,4,7,3,50000
Dubwool,70.8,832,normal,none,110.6,143,128,2025159,25.5,1497,Double Kick,Body Slam,Payback,3,5,3,10000
Gliscor,70.8,472,ground,flying,115.7,144.5,116,1938911,21,1499,Wing Attack,Sand Tomb,Acrobatics,5,7,5,75000
Mightyena,70.8,262,dark,none,125.9,105.8,133,1770707,29,1497,Sucker Punch,Crunch,Poison Fang,7,6,1,10000
Milotic (Shadow),70.8,350,water,none,113.2,133.9,131,1985080,18.5,1498,Waterfall,Aqua Tail,Wrap,4,5,5,75000
Oinkologne,70.8,916,normal,none,117.7,101.6,159,1900828,21.5,1496,Mud Slap*,Body Slam,Trailblaze,4,5,1,10000
Morgrem,70.5,860,dark,fairy,124.8,98,147,1798764,49.5,1500,Sucker Punch,Foul Play,Play Rough,6,9,5,50000
Ninetales (Alolan) (Shadow),70.5,38,ice,fairy,114.5,136.1,125,1948701,24,1497,Powder Snow,Weather Ball (Ice),Chilling Water*,5,6,3,50000
Castform,70.3,351,normal,none,112.6,121.3,146,1993800,39.5,1500,Hex,Weather Ball (Rock),Energy Ball,3,5,5,75000
Cradily,70.3,346,rock,grass,105.2,140.3,144,2126277,25.5,1497,Bullet Seed,Rock Tomb,Grass Knot,4,4,3,50000
Wartortle,70.3,8,water,none,107.6,139.1,139,2080282,47.5,1496,Water Gun,Aqua Jet,Ice Beam,14,19,3,10000
Ampharos,70,181,electric,none,126.8,107.9,129,1766112,19.5,1497,Volt Switch,Brutal Swing,Trailblaze,3,3,5,75000
Articuno,70,144,ice,flying,112.6,139.6,126,1981151,18.5,1496,Powder Snow,Icy Wind,Hurricane*,6,9,20,100000
Torterra,70,389,grass,ground,119.9,117,133,1867141,19,1498,Mud Slap,Frenzy Plant*,Sand Tomb,5,4,3,10000
Abomasnow,69.8,460,grass,ice,117.9,112,143,1888173,23.5,1495,Powder Snow,Weather Ball (Ice),Energy Ball,5,7,3,50000
Dedenne,69.8,702,electric,fairy,124.4,109,133,1803653,30,1498,Thunder Shock,Discharge,Play Rough,5,7,3,50000
Dusknoir,69.8,477,ghost,none,119.8,174.2,90,1878255,23.5,1500,Astonish,Dynamic Punch,Shadow Punch,5,4,3,50000
Suicune,69.8,245,water,none,106.3,143.1,137,2083417,18.5,1489,Ice Fang,Bubble Beam,Scald,7,9,20,100000
Golbat,69.6,42,poison,flying,117.7,116.2,139,1901391,28.5,1499,Wing Attack,Poison Fang,Shadow Ball,5,7,1,10000
Gourgeist (Large),69.6,711,ghost,grass,115.9,137.2,122,1940488,22,1500,Incinerate,Shadow Ball,Seed Bomb,3,2,5,75000
Lairon,69.6,305,steel,rock,113.8,147.2,118,1976790,27,1500,Metal Sound,Rock Tomb,Body Slam,7,5,1,10000
Malamar,69.6,687,dark,psychic,117.2,116.6,139,1899127,23.5,1493,Psywave,Superpower,Foul Play,10,10,3,50000
Palossand,69.6,770,ghost,ground,116.6,123,134,1921866,23,1499,Astonish,Shadow Ball,Sand Tomb,5,4,3,50000
Blastoise,69.3,9,water,none,112.1,137.7,130,2007546,23,1500,Rollout,Hydro Cannon*,Skull Bash,4,6,3,10000
Gourgeist (Average),69.3,711,ghost,grass,115.9,145.1,115,1933691,23.5,1498,Incinerate,Shadow Ball,Seed Bomb,3,2,5,75000
Pelipper,69.3,279,water,flying,123.3,128.7,115,1825336,26,1500,Wing Attack,Weather Ball (Water),Hurricane,5,9,3,50000
Regidrago,69.3,895,dragon,none,121.9,62.7,241,1842328,20,1499,Dragon Breath*,Dragon Energy*,Vise Grip,12,10,20,100000
Walrein,69.3,365,ice,water,112.5,114.9,154,1990879,20.5,1500,Powder Snow*,Icicle Spear*,Earthquake,5,9,3,50000
Amoonguss (Shadow),69.1,591,grass,poison,109.3,105.9,177,2049605,26.5,1498,Astonish,Grass Knot,Foul Play,5,4,3,50000
Annihilape (Shadow),69.1,979,fighting,ghost,123.4,105.2,140,1817129,17,1499,Counter,Rage Fist*,Ice Punch,6,7,3,50000
Pawniard,69.1,624,dark,steel,132,107.8,119,1692305,49,1497,Fury Cutter,Night Slash,X-Scissor,9,10,5,75000
Primeape,69.1,57,fighting,none,138.7,100.1,116,1611459,24,1498,Karate Chop*,Rage Fist*,Close Combat,4,5,3,50000
Vespiquen,69.1,416,bug,flying,108.9,143.5,132,2061993,28,1499,Fury Cutter,X-Scissor,Power Gem,10,13,3,50000
Carkol,68.8,838,rock,fire,97.1,141.5,168,2308407,46.5,1500,Smack Down,Rock Slide,Flame Charge,6,7,3,10000
Decidueye (Hisuian),68.8,724,grass,fighting,126.9,109.5,127,1764738,19,1499,Psycho Cut,Trailblaze,Aura Sphere,5,5,3,10000
Dragalge,68.8,691,poison,dragon,117.9,143.1,113,1906032,23.5,1500,Acid,Aqua Tail,Outrage,5,8,3,50000
Metang (Shadow),68.8,375,steel,psychic,109,145.8,129,2049614,36,1498,Fury Cutter,Psyshock,Gyro Ball,10,13,5,75000
Poliwrath (Shadow),68.8,62,water,fighting,115.8,122,137,1936317,21.5,1500,Counter*,Scald,Icy Wind,9,8,3,50000
Sandshrew (Alolan) (Shadow),68.8,27,ice,steel,117.6,121,127,1807853,50,1462,Powder Snow,Night Slash,Gyro Ball,5,7,3,50000
Mawile (Shadow),68.6,303,steel,fairy,124.8,120.8,119,1793917,39,1497,Fairy Wind,Vise Grip,Iron Head,5,6,5,75000
Morpeko (Full Belly),68.6,877,electric,dark,140.5,96.3,118,1596126,28.5,1499,Thunder Shock,Aura Wheel,Psychic Fangs,5,4,3,50000
Talonflame,68.6,663,fire,flying,121.4,112.7,135,1846682,25.5,1500,Incinerate*,Fly,Brave Bird,3,3,1,10000
Tentacruel,68.6,73,water,poison,108.9,143.5,131,2047453,23,1495,Acid,Scald,Payback,7,8,3,50000
Ferrothorn (Shadow),68.4,598,grass,steel,107.1,152.7,128,2094247,24.5,1499,Bullet Seed,Power Whip,Thunder,4,5,3,75000
Skuntank,68.4,435,poison,dark,121.7,95.2,158,1831135,23.5,1493,Poison Jab,Crunch,Trailblaze,7,7,3,50000
Alomomola,68.1,594,water,none,97.4,99.5,238,2305528,26,1499,Waterfall,Hydro Pump,Blizzard,8,8,5,75000
Drapion (Shadow),68.1,452,poison,dark,117.9,136.9,118,1903472,22.5,1500,Poison Sting,Crunch,Aqua Tail,5,4,5,75000
Electrode,68.1,101,electric,none,122.9,126.3,118,1831578,27,1500,Volt Switch,Discharge,Foul Play,3,3,3,50000
Gourgeist (Small),68.1,711,ghost,grass,116.9,153,107,1913042,25,1499,Incinerate,Shadow Ball,Seed Bomb,3,2,5,75000
Kangaskhan,68.1,115,normal,none,114.6,110.9,153,1943857,21.5,1495,Low Kick,Brick Break*,Crunch,5,6,3,50000
Kingdra,68.1,230,water,dragon,121.8,127.9,118,1839109,21,1497,Dragon Breath,Swift,Outrage,9,15,3,50000
Marowak (Alolan) (Shadow),68.1,105,fire,ghost,109.6,148.9,125,2040576,31.5,1496,Fire Spin,Shadow Bone*,Bone Club,5,4,3,50000
Naclstack,68.1,933,rock,none,100.8,147.1,142,2105603,50,1461,Mud Shot,Rock Tomb,Rock Blast,6,5,5,50000
Relicanth,67.7,369,water,rock,105.2,133.7,152,2137627,22.5,1499,Water Gun,Aqua Tail,Ancient Power,12,15,5,75000
Slowbro (Shadow),67.7,80,water,psychic,113.4,120.9,144,1974848,22,1500,Confusion,Drain Punch,Ice Beam,3,4,3,50000
Spritzee,67.7,682,fairy,none,105,107.6,168,1898008,50,1415,Charm,Thunderbolt,Draining Kiss,7,7,3,50000
Zweilous (Shadow),67.7,634,dark,dragon,120.5,110.2,140,1859224,30.5,1498,Dragon Breath,Body Slam,Dark Pulse,9,13,5,75000
Grotle (Shadow),67.4,388,grass,none,117.8,114.9,141,1908142,30,1500,Razor Leaf,Body Slam,Energy Ball,9,14,3,10000
Shiinotic,67.4,756,grass,fairy,116.6,134.3,123,1925196,31,1499,Astonish,Seed Bomb,Moonblast,4,6,3,50000
Venusaur,67.4,3,grass,poison,122.2,122.2,123,1835969,20.5,1500,Vine Whip,Frenzy Plant*,Sludge,6,5,3,10000
Litleo,67.2,667,fire,normal,121.6,105.8,144,1851844,48.5,1500,Incinerate,Flame Charge,Crunch,3,3,3,10000
Lurantis,67.2,754,grass,none,126.2,117.9,119,1770422,23,1495,Leafage,Leaf Blade,Superpower,5,5,3,50000
Politoed (Shadow),67.2,186,water,none,114,124.3,139,1970072,23,1498,Mud Shot,Weather Ball (Water),Ice Beam*,4,7,3,50000
Shelgon,67.2,372,dragon,none,123.3,119.1,123,1806077,27.5,1498,Dragon Breath,Twister,Flamethrower,10,14,5,75000
Castform (Rainy),66.9,351,water,none,112.6,121.3,146,1993800,39.5,1500,Water Gun,Weather Ball (Water),Thunder,12,20,5,75000
Dewott,66.9,502,water,none,122.6,99.8,149,1822620,35,1496,Fury Cutter,Aqua Tail,X-Scissor,9,10,3,10000
Grumpig,66.9,326,psychic,none,113.3,131.5,132,1966510,23.5,1497,Psywave,Dynamic Punch,Shadow Ball,12,13,1,10000
Seaking,66.9,119,water,none,121.9,109,138,1833820,26,1500,Peck,Drill Run*,Icy Wind*,6,6,3,50000
Serperior,66.9,497,grass,none,110.2,142.3,130,2038328,25,1500,Vine Whip,Frenzy Plant*,Aerial Ace,6,6,3,10000
Cetitan,66.5,975,ice,none,120.2,77.1,202,1870752,18,1500,Powder Snow,Icicle Spear,Superpower,5,5,3,50000
Chesnaught,66.5,652,grass,fighting,119.4,126.9,124,1878859,19,1497,Low Kick,Frenzy Plant*,Superpower,6,5,3,10000
Claydol (Shadow),66.5,344,ground,psychic,103.6,172.7,121,2164207,29,1500,Mud Slap,Rock Tomb,Shadow Ball,5,5,3,50000
Aron,66.2,304,steel,rock,114.3,131.1,127,1902550,50,1478,Metal Sound,Rock Tomb,Body Slam,7,5,1,10000
Giratina (Altered) (Shadow),66.2,487,ghost,dragon,105.3,125,159,2092849,16,1487,Dragon Breath,Dragon Claw,Shadow Sneak,13,13,20,100000
Pangoro,66.2,675,fighting,dark,133.9,93.7,133,1669812,19,1500,Karate Chop,Close Combat,Night Slash,5,4,3,50000
Skeledirge,66.2,911,fire,ghost,121.2,109.7,139,1849333,18.5,1500,Incinerate,Torch Song,Shadow Ball,3,3,3,10000
Whiscash (Shadow),66.2,340,water,ground,107.6,108.3,178,2073839,27,1495,Mud Shot,Mud Bomb,Scald,5,6,1,10000
Malamar (Shadow),66,687,dark,psychic,117.2,116.6,139,1899127,23.5,1493,Psywave,Foul Play,Superpower,10,10,3,50000
Dudunsparce,65.7,982,normal,none,116.1,98.6,169,1934787,20.5,1500,Rollout,Body Slam,Drill Run,3,4,3,50000
Hypno (Shadow),65.7,97,psychic,none,103.4,143,147,2174050,27,1500,Confusion,Thunder Punch,Ice Punch,3,3,3,50000
Jirachi,65.7,385,steel,psychic,120.5,119.4,129,1855163,16.5,1498,Confusion,Doom Desire,Aura Sphere,3,3,20,100000
Snorlax,65.5,143,normal,none,108.4,102.3,187,2073265,17.5,1500,Lick,Body Slam,Superpower,12,14,5,75000
Golisopod,65.3,768,bug,water,124.1,134.7,108,1804489,17.5,1499,Fury Cutter,X-Scissor,Aqua Jet,10,10,1,10000
Dragonair,65,148,dragon,none,125.2,112.5,127,1788369,33,1499,Dragon Breath,Aqua Tail,Dragon Pulse,9,14,5,75000
Electrode (Hisuian),65,101,electric,grass,123.3,128.7,115,1825336,26,1500,Thunder Shock,Wild Charge,Swift,5,4,3,50000
Garganacl,65,934,rock,none,105.8,137.3,145,2107121,20.5,1494,Mud Shot,Rock Tomb,Rock Blast,6,5,5,50000
Grotle,65,388,grass,none,117.8,114.9,141,1908142,30,1500,Razor Leaf,Body Slam,Energy Ball,9,14,3,10000
Hariyama,65,297,fighting,none,125.6,76.1,186,1778366,19.5,1496,Force Palm,Upper Hand,Heavy Slam,4,5,3,50000
Ledian,65,166,bug,flying,101.4,162.5,134,2207885,49.5,1496,Bug Bite,Dynamic Punch,Aerial Ace,15,15,1,10000
Meganium,65,154,grass,none,110.8,139,131,2018472,23,1497,Vine Whip,Frenzy Plant*,Earthquake,6,9,3,10000
Nidorina,65,30,poison,none,110.9,113.4,157,1975496,50,1480,Poison Sting,Poison Fang,Thunderbolt,5,7,3,50000
Granbull (Shadow),64.8,210,fairy,none,135.3,88.3,139,1661969,22,1500,Charm,Close Combat,Crunch,6,6,3,50000
Probopass,64.8,476,rock,steel,96,203.2,119,2320251,27.5,1492,Spark,Rock Slide,Zap Cannon,7,12,3,50000
Pumpkaboo (Super),64.8,710,ghost,grass,111.8,113.4,141,1787612,50,1414,Astonish,Grass Knot,Foul Play,5,4,5,75000
Tapu Fini,64.8,788,water,fairy,115.9,158.3,105,1926493,20,1495,Water Gun,Surf,Nature's Madness*,15,17,20,100000
Togekiss,64.8,468,fairy,flying,124.3,125.9,115,1799029,16.5,1498,Peck,Psyshock,Aura Sphere*,5,5,3,50000
Wailmer,64.8,320,water,none,116.6,68.3,242,1926826,48.5,1499,Rollout,Scald,Body Slam,4,3,1,10000
Amaura,64.5,698,rock,ice,114.3,104.2,165,1964777,50,1500,Powder Snow,Weather Ball (Ice),Thunderbolt,5,7,5,75000
Hydreigon,64.5,635,dark,dragon,136.1,104.5,116,1649711,15,1500,Dragon Breath,Brutal Swing*,Fly,9,12,5,75000
Gyarados,64.3,130,water,flying,130.8,108.5,121,1717312,16.5,1498,Dragon Breath,Aqua Tail*,Twister,9,10,1,10000
Hippopotas,64.3,449,ground,none,115.1,111.8,152,1955620,50,1500,Sand Attack,Rock Tomb,Body Slam,13,9,3,50000
Obstagoon (Shadow),64.3,862,dark,normal,113.2,127.9,137,1985019,21,1500,Counter,Cross Chop,Night Slash,6,6,3,10000
Swadloon,64.3,541,bug,grass,106.7,146.2,135,2106471,50,1500,Bug Bite,Energy Ball,Silver Wind,19,15,1,10000
Vullaby,64.3,629,dark,flying,100.8,129.4,157,2048662,50,1437,Air Slash,Brave Bird,Foul Play,7,5,5,75000
Hitmontop,64.1,237,fighting,none,121.2,149.9,102,1853307,26,1500,Counter,Close Combat,Triple Axel,8,8,5,75000
Thwackey,64.1,811,grass,none,123.7,107.6,136,1808877,30,1500,Razor Leaf,Grass Knot,Energy Ball,13,14,3,10000
Servine (Shadow),63.8,496,grass,none,105.9,140.3,142,2109814,50,1494,Vine Whip,Grass Knot,Wrap,7,6,3,10000
Maushold,63.6,925,normal,none,116.2,122,136,1928003,28.5,1498,Mud Shot,Swift,Crunch,4,5,1,10000
Quilladin,63.6,651,grass,none,115,130.2,130,1946835,35,1497,Vine Whip,Body Slam,Energy Ball,5,7,3,10000
Scizor,63.6,212,bug,steel,137.9,112,105,1622257,18.5,1500,Bullet Punch,Night Slash,Trailblaze,5,7,5,75000
Skarmory,63.6,227,steel,flying,105.5,166.6,121,2126860,27,1500,Air Slash,Brave Bird,Sky Attack,7,6,5,75000
Ariados,63.3,168,bug,poison,124.2,103.9,140,1806211,33.5,1497,Poison Sting,Lunge,Trailblaze,5,5,1,10000
Dolliv,63.1,929,grass,normal,118.5,122.7,130,1889662,50,1497,Magical Leaf,Earth Power,Trailblaze,6,5,3,50000
Lapras (Shadow),63.1,131,water,ice,104.7,114.6,179,2147136,21.5,1499,Psywave,Sparkling Aria,Ice Beam*,12,14,5,75000
Ledian (Shadow),63.1,166,bug,flying,101.4,162.5,134,2207885,49.5,1496,Bug Bite,Dynamic Punch,Aerial Ace,15,15,1,10000
Marshtomp,63.1,259,water,ground,119.9,111.5,140,1871384,34.5,1499,Mud Shot,Surf,Mud Bomb,5,5,3,10000
Orbeetle,63.1,826,bug,psychic,107.9,168.6,114,2075077,25.5,1496,Confusion,Psyshock,Bug Buzz,3,5,1,10000
Regirock,63.1,377,rock,none,104.5,179.9,114,2143693,17.5,1500,Lock On,Stone Edge,Focus Blast,11,15,20,100000
Talonflame (Shadow),63.1,663,fire,flying,121.4,112.7,135,1846682,25.5,1500,Incinerate*,Flame Charge,Fly,3,3,1,10000
Timburr,63.1,532,fighting,none,125.2,85.7,164,1759945,50,1487,Low Kick,Brick Break,Rock Tomb,5,7,5,75000
Machop,62.6,66,fighting,none,127.7,81.5,157,1634495,50,1445,Karate Chop,Cross Chop,Brick Break,4,5,3,50000
Nidoqueen (Shadow),62.6,31,poison,ground,116.6,118.5,139,1920313,22.5,1498,Mud Slap,Stone Edge,Poison Fang,6,4,3,50000
Raticate (Alolan),62.6,20,dark,normal,107.1,130.2,150,2090786,36.5,1497,Quick Attack,Crunch,Return<sup>†</sup>,6,9,1,10000
Escavalier (Shadow),62.4,589,bug,steel,132.2,117.6,108,1679048,19,1495,Bug Bite,Drill Run,Razor Shell*,15,12,3,50000
Incineroar,62.4,727,fire,dark,125.3,109.2,131,1791290,18.5,1497,Fire Fang,Brutal Swing,Blast Burn*,6,9,3,10000
Kommo-o,62.4,784,dragon,fighting,123.7,137.8,106,1807554,16.5,1497,Dragon Tail,Clanging Scales*,Upper Hand,4,4,5,75000
Lileep,62.4,345,rock,grass,100.8,138.6,151,2111110,50,1460,Acid,Grass Knot,Ancient Power,7,6,3,50000
Mightyena (Shadow),62.4,262,dark,none,125.9,105.8,133,1770707,29,1497,Sucker Punch,Crunch,Poison Fang,7,6,1,10000
Pumpkaboo (Large),62.4,710,ghost,grass,113.4,115.1,133,1736900,50,1406,Astonish,Grass Knot,Foul Play,5,4,5,75000
Feraligatr,62.2,160,water,none,123.9,117.4,125,1817697,19.5,1500,Shadow Claw,Hydro Cannon*,Ice Beam,5,7,3,10000
Barbaracle,61.9,689,rock,water,121,133.1,115,1851007,20.5,1499,Fury Cutter,Cross Chop,Stone Edge,9,14,3,50000
Lairon (Shadow),61.9,305,steel,rock,113.8,147.2,118,1976790,27,1500,Metal Sound,Rock Tomb,Body Slam,7,5,1,10000
Wobbuffet (Shadow),61.9,202,psychic,none,63,101.7,333,2133829,50,1160,Counter,Mirror Coat,Frustration<sup>†</sup>,10,12,3,50000
Castform (Snowy),61.7,351,ice,none,112.6,121.3,146,1993800,39.5,1500,Powder Snow,Weather Ball (Ice),Blizzard,5,10,5,75000
Rillaboom,61.7,812,grass,none,132.4,99.3,129,1696084,16.5,1499,Razor Leaf,Drum Beating,Frenzy Plant*,9,12,3,10000
Suicune (Shadow),61.7,245,water,none,107.1,140,136,2039331,18,1478,Ice Fang,Bubble Beam,Scald,7,9,20,100000
Vigoroth,61.7,288,normal,none,116.2,114.1,145,1923360,28.5,1497,Counter,Body Slam,Rock Slide,6,8,5,75000
Cresselia (Shadow),61.4,488,psychic,none,92,159,160,2339924,19,1467,Psycho Cut,Grass Knot*,Moonblast,6,7,20,100000
Dragonair (Shadow),61.4,148,dragon,none,125.2,112.5,127,1788369,33,1499,Dragon Breath,Wrap,Aqua Tail,12,9,5,75000
Hitmontop (Shadow),61.4,237,fighting,none,121.2,149.9,102,1853307,26,1500,Counter,Close Combat,Triple Axel,8,8,5,75000
Kecleon,61.4,352,normal,none,115.6,142.2,118,1939686,27.5,1499,Sucker Punch,Foul Play,Thunder,6,9,5,75000
Lunatone,61.4,337,rock,psychic,119.1,108.6,145,1876210,24,1496,Psywave,Weather Ball (Ice),Rock Slide,9,12,3,50000
Runerigus,61.4,867,ground,ghost,111.7,165.3,109,2013466,24.5,1500,Shadow Claw,Shadow Ball,Rock Tomb,7,7,3,50000
Solrock,61.4,338,rock,psychic,119.1,108.6,145,1876210,24,1496,Psywave,Weather Ball (Fire),Rock Slide,9,12,3,50000
Granbull,61.2,210,fairy,none,135.3,88.3,139,1661969,22,1500,Charm,Close Combat,Crunch,6,6,3,50000
Hariyama (Shadow),61.2,297,fighting,none,125.6,76.1,186,1778366,19.5,1496,Force Palm,Upper Hand,Heavy Slam,4,5,3,50000
Bayleef,61,153,grass,none,105.6,141.6,142,2122414,49.5,1499,Magical Leaf,Ancient Power,Energy Ball,5,6,3,10000
Celesteela,61,797,steel,flying,119.6,120.7,130,1876702,18,1500,Air Slash,Body Slam,Iron Head,4,6,20,100000
Centiskorch,61,851,fire,bug,128.7,99.4,136,1739873,18.5,1500,Ember,Lunge,Heat Wave,5,5,5,75000
Crocalor,61,910,fire,none,119.4,105.8,148,1869076,29,1494,Incinerate,Crunch,Flamethrower,3,3,3,10000
Onix,61,95,rock,ground,84,207.6,105,1831281,50,1245,Rock Throw,Rock Slide*,Sand Tomb,9,8,5,75000
Cradily (Shadow),60.7,346,rock,grass,105.2,140.3,144,2126277,25.5,1497,Acid,Rock Tomb,Grass Knot,7,7,3,50000
Gliscor (Shadow),60.7,472,ground,flying,115.7,144.5,116,1938911,21,1499,Wing Attack,Sand Tomb,Acrobatics,5,7,5,75000
Lokix,60.7,920,bug,dark,132.9,104.1,122,1686502,24,1499,Sucker Punch,X-Scissor,Trailblaze,6,7,1,50000
Muk (Alolan),60.7,89,poison,dark,115.9,111.7,148,1916176,20,1491,Poison Jab,Dark Pulse,Acid Spray,8,7,3,50000
Sandygast,60.7,769,ghost,ground,113.4,111.8,135,1711543,50,1394,Astonish,Shadow Ball,Sand Tomb,5,4,3,50000
Serperior (Shadow),60.7,497,grass,none,110.2,142.3,130,2038328,25,1500,Vine Whip,Frenzy Plant*,Leaf Tornado,6,5,3,10000
Slowbro (Galarian),60.7,80,poison,psychic,119.1,108.4,146,1884537,22.5,1500,Confusion,Drain Punch,Sludge Bomb,3,4,3,50000
Wartortle (Shadow),60.7,8,water,none,107.6,139.1,139,2080282,47.5,1496,Water Gun,Aqua Jet,Ice Beam,14,19,3,10000
Avalugg (Hisuian),60.5,713,ice,rock,116.5,135.2,122,1921301,16,1498,Powder Snow,Rock Slide,Icy Wind,6,6,3,50000
Aron (Shadow),60.2,304,steel,rock,114.3,131.1,127,1902550,50,1478,Metal Sound,Rock Tomb,Body Slam,7,5,1,10000
Empoleon (Shadow),60.2,395,water,steel,125.2,117,122,1787543,19,1497,Metal Sound,Hydro Cannon*,Drill Peck,5,5,3,10000
Escavalier,60.2,589,bug,steel,132.2,117.6,108,1679048,19,1495,Bug Bite,Drill Run,Razor Shell*,15,12,3,50000
Parasect,60.2,47,bug,grass,124.2,118.3,123,1806701,30.5,1500,Fury Cutter,X-Scissor,Cross Poison,10,9,3,50000
Wormadam (Sandy),60.2,413,bug,ground,110,144.9,128,2040195,34.5,1499,Sucker Punch,Bug Buzz,Bulldoze,9,7,1,10000
Appletun,60,842,grass,dragon,116.6,102.5,161,1924256,23,1499,Astonish,Seed Bomb,Outrage,4,6,5,75000
Celebi,60,251,psychic,grass,120.5,119.4,129,1855163,16.5,1498,Confusion,Aura Sphere,Leaf Storm,3,4,20,100000
Graveler (Alolan),60,75,rock,electric,121.5,131,116,1845378,30,1499,Volt Switch,Stone Edge,Rock Blast,4,3,1,10000
Pidgeot (Shadow),60,18,normal,flying,116.9,115.5,142,1917898,26.5,1499,Wing Attack*,Brave Bird,Air Cutter*,7,5,1,10000
Slowpoke,60,79,water,psychic,104.2,95,186,1840271,50,1386,Confusion,Psyshock,Water Pulse,3,4,3,50000
Bellossom (Shadow),59.8,182,grass,none,115.1,132.2,128,1947512,24.5,1498,Acid,Leaf Blade,Dazzling Gleam,5,7,3,50000
Drifblim (Shadow),59.8,426,ghost,flying,119.2,75.8,209,1886853,23.5,1500,Astonish,Icy Wind,Shadow Ball,5,5,5,75000
Gardevoir (Shadow),59.8,282,psychic,fairy,136.6,115.6,104,1642368,18,1499,Charm,Triple Axel,Shadow Ball,6,7,5,75000
Lucario,59.8,448,fighting,steel,145.8,93.7,113,1544133,20.5,1500,Force Palm*,Aura Sphere,Shadow Ball,4,5,5,75000
Nidorina (Shadow),59.8,30,poison,none,110.9,113.4,157,1975496,50,1480,Poison Sting,Poison Fang,Sludge Bomb,5,6,3,50000
Piloswine,59.8,221,ice,ground,121.1,99.5,154,1854684,24,1500,Powder Snow,Icicle Spear,Stone Edge,5,7,3,50000
Slowking,59.8,199,water,psychic,113.4,120.9,144,1974848,22,1500,Confusion,Surf*,Blizzard,4,6,3,50000
Sandshrew,59.5,27,ground,none,118.5,113.4,127,1706968,50,1426,Sand Attack,Sand Tomb,Rock Tomb*,10,13,3,50000
Vaporeon,59.5,134,water,none,118.5,96.9,165,1894159,18,1500,Water Gun,Aqua Tail,Last Resort*,12,19,5,75000
Bombirdier,59.3,962,flying,dark,127.8,117.2,117,1752237,22,1497,Sucker Punch,Fly,Rock Tomb,7,8,5,75000
Donphan,59.3,232,ground,none,125.3,113.2,126,1786397,18.5,1498,Mud Slap,Body Slam,Trailblaze,4,5,3,50000
Farfetch'd,59.3,83,normal,flying,116.8,109.2,131,1671469,50,1397,Fury Cutter,Leaf Blade,Aerial Ace,9,12,3,50000
Gurdurr,59.3,533,fighting,none,125.3,100.1,143,1794633,26,1499,Low Kick,Brick Break,Stone Edge,5,7,5,75000
Machoke (Shadow),59.3,67,fighting,none,126.8,97.4,143,1765627,27.5,1499,Karate Chop,Cross Chop*,Dynamic Punch,4,5,3,50000
Samurott,59.3,503,water,none,128,100.9,136,1756037,19.5,1500,Fury Cutter,Hydro Cannon*,Megahorn,10,14,3,10000
Sandaconda,59.3,844,ground,none,123.1,132,112,1819734,20,1498,Mud Slap,Earth Power,Wrap,6,5,3,50000
Shiinotic (Shadow),59.3,756,grass,fairy,116.6,134.3,123,1925196,31,1499,Astonish,Seed Bomb,Moonblast,4,6,3,50000
Swampert (Shadow),59.3,260,water,ground,123,109.2,136,1825538,18.5,1499,Mud Shot,Hydro Cannon*,Earthquake,5,8,3,10000
Dusknoir (Shadow),59,477,ghost,none,119.8,174.2,90,1878255,23.5,1500,Astonish,Dynamic Punch,Shadow Punch,5,4,3,50000
Stakataka,59,805,rock,steel,119.5,169.1,93,1879565,17,1499,Rock Throw,Stone Edge,Bulldoze,11,9,20,100000
Dipplin,58.8,1011,grass,dragon,114.6,128.9,132,1949793,23.5,1499,Dragon Tail,Seed Bomb,Outrage,4,5,5,75000
Furfrou,58.8,676,normal,none,115.5,125.2,134,1937601,26.5,1496,Sucker Punch,Surf,Grass Knot,7,8,5,75000
Hydreigon (Shadow),58.8,635,dark,dragon,136.1,104.5,116,1649711,15,1500,Dragon Breath,Brutal Swing*,Fly,9,12,5,75000
Magnezone (Shadow),58.8,462,electric,steel,134.4,121.2,102,1661074,17,1497,Volt Switch,Wild Charge,Mirror Shot,3,3,3,50000
Spinda,58.8,327,normal,none,110.1,110.1,142,1720678,50,1380,Sucker Punch,Rock Tomb,Icy Wind,8,7,3,50000
Vibrava,58.8,329,ground,dragon,125.2,95.8,127,1523223,50,1384,Dragon Breath,Sand Tomb,Bug Buzz,10,15,5,75000
Krookodile,58.6,553,ground,dark,133.2,98,129,1684588,18,1499,Mud Slap,Sand Tomb,Crunch,4,5,5,75000
Onix (Shadow),58.6,95,rock,ground,84,207.6,105,1831281,50,1245,Rock Throw,Rock Slide*,Sand Tomb,9,8,5,75000
Samurott (Hisuian),58.6,503,water,dark,132.6,96.8,132,1694230,20,1499,Fury Cutter,Sacred Sword,Icy Wind,9,12,3,10000
Buzzwole,58.3,794,bug,fighting,128.2,111.7,122,1747334,16,1499,Counter,Superpower,Lunge,7,8,20,100000
Tyranitar,58.3,248,rock,dark,129.7,111.4,120,1734171,14.5,1500,Dragon Breath,Brutal Swing,Stone Edge,9,14,5,75000
Walrein (Shadow),58.3,365,ice,water,112.5,114.9,154,1990879,20.5,1500,Powder Snow*,Icicle Spear*,Earthquake,5,9,3,50000
Cryogonal,58.1,615,ice,none,115.9,138,121,1935216,20,1499,Ice Shard,Triple Axel,Night Slash,5,4,5,75000
Emolga,58.1,587,electric,flying,127.6,110.2,125,1758025,39.5,1498,Thunder Shock,Acrobatics,Discharge,7,5,1,10000
Golbat (Shadow),58.1,42,poison,flying,117.7,116.2,139,1901391,28.5,1499,Wing Attack,Poison Fang,Shadow Ball,5,7,1,10000
Grimmsnarl,58.1,861,dark,fairy,136.3,90.8,133,1646354,19.5,1499,Sucker Punch,Foul Play,Play Rough,6,9,5,50000
Machoke,58.1,67,fighting,none,126.8,97.4,143,1765627,27.5,1499,Karate Chop,Cross Chop*,Return<sup>†</sup>,4,8,3,50000
Torterra (Shadow),58.1,389,grass,ground,119.9,117,133,1867141,19,1498,Mud Slap,Frenzy Plant*,Sand Tomb,5,4,3,10000
Victini,58.1,494,psychic,fire,120.5,119.4,129,1855163,16.5,1498,Confusion,V-Create,Psyshock,3,3,20,100000
Arcanine,57.8,59,fire,none,132.1,102.6,125,1693302,18,1496,Fire Fang,Wild Charge,Psychic Fangs,8,6,3,50000
Aurorus (Shadow),57.8,699,rock,ice,113.5,106.3,164,1979465,20,1500,Powder Snow,Weather Ball (Ice),Meteor Beam,5,8,5,75000
Lopunny,57.8,428,normal,none,112.1,143.6,124,1996020,27.5,1499,Low Kick,Triple Axel,Focus Blast,6,10,3,50000
Muk (Alolan) (Shadow),57.8,89,poison,dark,115.9,111.7,148,1916176,20,1491,Poison Jab,Dark Pulse,Acid Spray,8,7,3,50000
Primeape (Shadow),57.8,57,fighting,none,138.7,100.1,116,1611459,24,1498,Karate Chop*,Rage Fist*,Ice Punch,4,5,3,50000
Slowking (Galarian),57.8,199,poison,psychic,117.3,117.9,138,1909734,20.5,1499,Acid,Psyshock,Shadow Ball,5,7,3,50000
Abomasnow (Shadow),57.6,460,grass,ice,117.9,112,143,1888173,23.5,1495,Powder Snow,Weather Ball (Ice),Energy Ball,5,7,3,50000
Deoxys (Defense),57.6,386,psychic,none,101,221.5,98,2192628,23.5,1491,Counter,Psycho Boost,Thunderbolt,6,10,20,100000
Diancie,57.6,719,rock,fairy,119.2,175.2,89,1857962,19.5,1488,Rock Throw,Rock Slide,Moonblast,9,12,20,100000
Golisopod,57.6,768,bug,water,124.1,134.7,108,1804489,17.5,1499,Shadow Claw,Aqua Jet,X-Scissor,5,5,1,10000
Sandslash,57.6,28,ground,none,120.5,123,125,1852528,23.5,1497,Sand Attack,Night Slash*,Rock Tomb,9,13,3,50000
Victreebel,57.6,71,grass,poison,135.2,93.5,131,1656351,23,1498,Acid,Leaf Blade,Sludge Bomb,5,7,3,50000
Girafarig,57.4,203,normal,psychic,130.3,101.6,130,1720655,27.5,1499,Confusion,Psychic Fangs,Trailblaze,3,4,3,50000
Probopass (Shadow),57.4,476,rock,steel,97.4,199,119,2305417,27.5,1498,Spark,Rock Slide,Zap Cannon,7,12,3,50000
Qwilfish (Hisuian),57.4,211,dark,poison,128.1,112.4,121,1741533,26,1494,Poison Sting,Aqua Tail,Shadow Ball,4,6,3,50000
Crustle,57.1,558,bug,rock,120.3,134.7,115,1863686,22,1499,Fury Cutter,X-Scissor,Rock Wrecker,10,13,1,10000
Entei,57.1,244,fire,none,129.3,96.2,140,1741304,16,1500,Fire Fang,Flame Charge,Scorching Sands,9,9,20,100000
Meowscarada,57.1,908,grass,dark,140.4,99.1,115,1600011,19.5,1498,Leafage,Frenzy Plant*,Night Slash,6,5,3,10000
Muk,57.1,89,poison,none,115.9,111.7,148,1916176,20,1491,Poison Jab,Thunder Punch,Dark Pulse,6,8,3,50000
Flygon,56.9,330,ground,dragon,127.9,109.6,125,1752409,21,1500,Dragon Tail,Sand Tomb,Twister,4,4,5,75000
Leavanny,56.9,542,bug,grass,129.5,110.3,121,1727030,21.5,1497,Shadow Claw*,Leaf Blade,X-Scissor,5,5,1,10000
Marshtomp (Shadow),56.9,259,water,ground,120.4,111.4,139,1864979,33.5,1500,Mud Shot,Surf,Sludge,5,5,3,10000
Mudsdale,56.9,750,ground,none,123.6,107.1,136,1799895,18,1491,Mud Slap,Body Slam,Earthquake,4,7,3,50000
Arcanine (Shadow),56.6,59,fire,none,132.1,102.6,125,1693302,18,1496,Fire Fang,Wild Charge,Psychic Fangs,8,6,3,50000
Drifblim,56.6,426,ghost,flying,119.2,75.8,209,1886853,23.5,1500,Hex,Icy Wind,Shadow Ball,4,4,5,75000
Durant,56.6,632,bug,steel,135.3,122.4,100,1656336,21,1499,Bug Bite,X-Scissor,Stone Edge,14,19,3,50000
Entei (Shadow),56.6,244,fire,none,128.9,95.2,139,1705046,15.5,1484,Fire Fang,Flame Charge,Scorching Sands,9,9,20,100000
Magneton,56.6,82,electric,steel,143.5,114.7,95,1562951,22,1499,Volt Switch,Magnet Bomb,Discharge,3,3,3,50000
Pumpkaboo (Average),56.6,710,ghost,grass,114.3,116,126,1669772,50,1381,Astonish,Grass Knot,Foul Play,5,4,5,75000
Stunky (Shadow),56.6,434,poison,dark,114.3,88.2,147,1482226,50,1301,Bite,Crunch,Trailblaze,23,23,3,50000
Wailord,56.6,321,water,none,118.4,67.4,237,1891875,24.5,1497,Rollout,Surf,Return<sup>†</sup>,4,6,1,10000
Zygarde (50% Forme),56.6,718,dragon,ground,114.1,128.3,133,1947950,15.5,1494,Dragon Tail,Crunch,Earthquake,4,6,20,100000
Amaura (Shadow),56.4,698,rock,ice,114.3,104.2,165,1964777,50,1500,Powder Snow,Weather Ball (Ice),Thunderbolt,5,7,5,75000
Cacturne,56.4,332,grass,dark,147.2,85.1,121,1515811,24,1498,Sucker Punch,Trailblaze,Dynamic Punch,7,7,3,50000
Darumaka,56.4,554,fire,none,131.9,82.3,157,1705667,50,1500,Fire Fang,Fire Punch,Flame Charge,7,9,3,50000
Gardevoir,56.4,282,psychic,fairy,136.6,115.6,104,1642368,18,1499,Charm,Triple Axel,Shadow Ball,6,7,5,75000
Greninja,56.4,658,water,dark,139.6,100.4,115,1611397,21,1500,Water Shuriken,Hydro Cannon*,Night Slash,3,3,3,10000
Qwilfish,56.4,211,water,poison,131.2,105.5,123,1702587,27,1497,Poison Sting,Aqua Tail,Ice Beam,4,7,3,50000
Bayleef (Shadow),56.2,153,grass,none,105.6,141.6,142,2122414,49.5,1499,Magical Leaf,Ancient Power,Energy Ball,5,6,3,10000
Cacturne (Shadow),56.2,332,grass,dark,147.2,85.1,121,1515811,24,1498,Sucker Punch,Trailblaze,Dynamic Punch,7,7,3,50000
Charizard,56.2,6,fire,flying,132.8,108.9,117,1691315,19,1498,Ember*,Blast Burn*,Air Cutter,6,4,3,10000
Hawlucha,56.2,701,fighting,flying,127.5,107.6,128,1756378,23,1497,Low Kick,Flying Press,Aerial Ace,5,6,5,75000
Venomoth,56.2,49,bug,poison,127,107.6,129,1763077,27,1497,Psywave,Poison Fang,Bug Buzz,10,15,3,50000
Grumpig (Shadow),55.9,326,psychic,none,113.3,131.5,132,1966510,23.5,1497,Psywave,Dynamic Punch,Shadow Ball,12,13,1,10000
Lugia,55.9,249,psychic,flying,102.4,167.1,127,2174273,15,1497,Dragon Tail,Fly,Aeroblast*,4,7,20,100000
Passimian,55.9,766,fighting,none,128.7,99.2,136,1735373,18,1494,Counter,Brutal Swing,Superpower,6,7,3,75000
Perrserker,55.9,863,steel,none,128.8,113.4,119,1737649,23,1500,Shadow Claw,Close Combat,Trailblaze,6,6,3,50000
Pineco,55.9,204,bug,none,103.4,115.1,127,1511117,50,1253,Bug Bite,Rock Tomb,Sand Tomb,17,14,5,75000
Bonsly,55.7,438,rock,none,116.8,124.4,127,1844799,50,1472,Rock Throw,Rock Tomb,Rock Slide,10,9,5,10000
Camerupt,55.7,323,fire,ground,133.6,100.5,125,1678150,25.5,1499,Incinerate,Rock Tomb,Scorching Sands,3,3,3,50000
Darumaka (Shadow),55.7,554,fire,none,131.9,82.3,157,1705667,50,1500,Fire Fang,Fire Punch,Flame Charge,7,9,3,50000
Delcatty,55.7,301,normal,none,111.9,116.8,153,2000374,46.5,1496,Charm,Wild Charge,Disarming Voice,6,6,3,50000
Dustox,55.7,269,bug,poison,95,148.7,142,2005436,50,1384,Confusion,Sludge Bomb,Silver Wind,4,4,1,10000
Fletchinder,55.7,662,fire,flying,123.3,102.6,143,1810501,47.5,1495,Peck,Fly,Heat Wave,6,6,1,10000
Scizor (Shadow),55.7,212,bug,steel,137.9,112,105,1622257,18.5,1500,Bullet Punch,Night Slash,Trailblaze,5,7,5,75000
Vigoroth (Shadow),55.7,288,normal,none,116.2,114.1,145,1923360,28.5,1497,Counter,Body Slam,Rock Slide,6,8,5,75000
Wailmer (Shadow),55.7,320,water,none,116.6,68.3,242,1926826,48.5,1499,Rollout,Scald,Body Slam,4,3,1,10000
Corsola,55.5,222,water,rock,108.6,142,134,2066246,49,1500,Bubble,Power Gem,Rock Blast,5,4,3,50000
Electrode (Shadow),55.5,101,electric,none,122.9,126.3,118,1831578,27,1500,Volt Switch,Discharge,Foul Play,3,3,3,50000
Grimer (Alolan),55.5,88,poison,dark,122.8,86.9,171,1824029,49,1497,Poison Jab,Crunch,Sludge Bomb,7,8,3,50000
Heatran,55.5,485,fire,steel,133,112.3,113,1686996,15,1499,Fire Spin,Magma Storm*,Stone Edge,4,6,20,100000
Machamp,55.5,68,fighting,none,135.5,98.6,124,1656376,18,1498,Karate Chop*,Cross Chop,Rock Slide,4,5,3,50000
Meganium (Shadow),55.5,154,grass,none,110.8,139,131,2018472,23,1497,Vine Whip,Frenzy Plant*,Earthquake,6,9,3,10000
Stunky,55.5,434,poison,dark,114.3,88.2,147,1482226,50,1301,Bite,Crunch,Trailblaze,23,23,3,50000
Urshifu (Single Strike),55.5,892,fighting,dark,136.6,97.8,121,1616195,15,1489,Sucker Punch,Brick Break,Dynamic Punch,6,7,20,100000
Blastoise (Shadow),55.2,9,water,none,112.1,137.7,130,2007546,23,1500,Rollout,Hydro Cannon*,Skull Bash,4,6,3,10000
Nidoking,55.2,34,poison,ground,129.5,105.3,127,1731199,21.5,1500,Fury Cutter*,Sand Tomb,Megahorn,10,14,3,50000
Primarina,55.2,730,water,fairy,131.6,115.7,112,1705342,17,1500,Waterfall,Disarming Voice,Hydro Cannon*,5,4,3,10000
Skarmory (Shadow),55.2,227,steel,flying,105.5,166.6,121,2126860,27,1500,Air Slash,Brave Bird,Sky Attack,7,6,5,75000
Slowpoke (Galarian),55.2,79,psychic,none,104.2,95,186,1840271,50,1386,Confusion,Psyshock,Surf,3,4,3,50000
Breloom,55,286,grass,fighting,150,96.7,103,1494123,21,1500,Force Palm,Dynamic Punch,Grass Knot*,5,5,3,50000
Hippowdon (Shadow),55,450,ground,none,116.2,116.8,142,1926191,18,1500,Sand Attack,Weather Ball (Rock),Scorching Sands,9,13,3,50000
Ho-Oh (Shadow),55,250,fire,flying,123.5,126.5,113,1764371,14,1482,Incinerate,Brave Bird,Earthquake*,3,4,20,100000
Krokorok,55,552,ground,dark,134,88,142,1674489,49.5,1500,Mud Slap,Crunch,Earthquake,5,7,5,75000
Overqwil,55,904,dark,poison,131,106.9,122,1708017,18.5,1498,Poison Sting,Aqua Tail,Shadow Ball,4,6,5,75000
Skuntank (Shadow),55,435,poison,dark,121.7,95.2,158,1831135,23.5,1493,Poison Jab,Crunch,Trailblaze,7,7,3,50000
Snorlax (Shadow),55,143,normal,none,108.4,102.3,187,2073265,17.5,1500,Lick,Body Slam,Superpower,12,14,5,75000
Tauros (Aqua),55,128,fighting,water,127.8,120.7,114,1758735,20,1500,Double Kick,Aqua Jet,Trailblaze,4,4,3,50000
Tentacruel (Shadow),55,73,water,poison,108.9,143.5,131,2047453,23,1495,Acid,Scald,Payback,7,8,3,50000
Armarouge,54.7,936,fire,psychic,132.2,109.6,117,1695222,17,1499,Incinerate,Psyshock,Heat Wave,2,3,5,50000
Dewott (Shadow),54.7,502,water,none,124.1,99.8,146,1808108,35,1499,Fury Cutter,Aqua Tail,X-Scissor,9,10,3,10000
Farfetch'd (Galarian),54.7,83,fighting,none,137.6,99.7,119,1633523,37,1499,Fury Cutter,Leaf Blade,Brick Break,9,10,3,50000
Fearow,54.7,22,normal,flying,131.5,104.6,124,1705662,28,1500,Peck,Drill Peck,Drill Run,5,6,1,10000
Latias,54.7,380,dragon,psychic,124.5,138.9,104,1798959,16,1498,Dragon Breath,Aura Sphere,Mist Ball*,10,15,20,100000
Swoobat,54.7,528,psychic,flying,126.7,101.7,138,1777300,34.5,1500,Confusion,Fly,Psychic Fangs,4,3,1,10000
Bruxish,54.5,779,water,psychic,136.5,102.5,117,1636557,23,1495,Confusion,Aqua Tail,Psychic Fangs,3,3,3,50000
Frillish,54.5,592,water,ghost,109.2,125.2,135,1846427,50,1421,Hex,Night Shade,Ice Beam,4,5,3,50000
Heatran (Shadow),54.5,485,fire,steel,130.7,115.5,110,1660650,14.5,1479,Fire Spin,Magma Storm*,Stone Edge,4,6,20,100000
Palpitoad,54.5,536,water,ground,116.2,103,161,1926840,48,1500,Mud Shot,Earth Power,Water Pulse,7,6,3,50000
Rhyhorn,54.5,111,ground,rock,112.6,111,159,1987139,38.5,1497,Mud Slap,Bulldoze,Stomp,5,4,3,50000
Glalie,54.3,362,ice,none,115.2,120.8,140,1948427,27,1499,Rollout,Avalanche,Shadow Ball,4,4,3,50000
Kingdra (Shadow),54.3,230,water,dragon,121.8,127.9,118,1839109,21,1497,Dragon Breath,Swift,Outrage,9,15,3,50000
Quilava,54.3,156,fire,none,126.6,109.5,128,1774326,38.5,1500,Ember,Flame Charge,Dig,6,6,3,10000
Quilladin (Shadow),54.3,651,grass,none,115,130.2,130,1946835,35,1497,Vine Whip,Body Slam,Energy Ball,5,7,3,10000
Trevenant,54.3,709,ghost,grass,127.8,104.6,131,1752077,22,1499,Shadow Claw,Seed Bomb,Shadow Ball,5,7,5,75000
Zapdos,54.3,145,electric,flying,135.7,104.7,115,1633229,15.5,1493,Thunder Shock*,Drill Peck,Heat Wave,5,5,20,100000
Braixen,54,654,fire,none,130.6,107,123,1718256,31,1499,Ember,Psyshock,Flame Charge,5,6,3,10000
Hitmonchan (Shadow),53.8,107,fighting,none,128.9,137.4,98,1736383,24,1497,Counter,Ice Punch,Thunder Punch,7,7,5,75000
Arctibax,53.5,997,dragon,ice,122.9,98.6,151,1828678,27,1500,Dragon Breath,Avalanche,Dragon Claw,12,13,5,75000
Cofagrigus,53.5,563,ghost,none,111.7,165.3,109,2013466,24.5,1500,Shadow Claw,Shadow Ball,Return<sup>†</sup>,7,9,3,50000
Cubone,53.5,104,ground,none,88.2,133.6,127,1497128,50,1152,Mud Slap,Bone Club,Return<sup>†</sup>,4,7,3,50000
Dragonite,53.5,149,dragon,flying,135.8,107.3,113,1647398,14.5,1498,Dragon Breath,Thunder Punch,Superpower,10,10,5,75000
Golduck,53.5,55,water,none,124.2,112.2,129,1796871,22.5,1499,Confusion,Cross Chop,Liquidation,3,4,3,50000
Hippopotas (Shadow),53.5,449,ground,none,115.1,111.8,152,1955620,50,1500,Sand Attack,Rock Tomb,Body Slam,13,9,3,50000
Sceptile,53.5,254,grass,none,135.6,109.3,111,1645623,20,1498,Fury Cutter,Leaf Blade,Breaking Swipe,9,13,3,10000
Ampharos (Shadow),53.3,181,electric,none,126.8,107.9,129,1766112,19.5,1497,Volt Switch,Brutal Swing,Trailblaze,3,3,5,75000
Drampa,53.3,780,normal,dragon,136.8,104.2,115,1640140,19,1499,Dragon Breath,Swift,Dragon Pulse,9,14,5,75000
Gabite,53.3,444,dragon,ground,128.8,102.4,132,1741329,30,1499,Mud Shot,Twister,Dig,5,6,5,75000
Machop (Shadow),53.3,66,fighting,none,127.7,81.5,157,1634495,50,1445,Karate Chop,Cross Chop,Brick Break,4,5,3,50000
Mantyke,53.3,458,water,flying,100.8,163,120,1972572,50,1411,Bubble,Water Pulse,Aerial Ace,5,5,5,10000
Pumpkaboo (Small),53.3,710,ghost,grass,115.1,116.8,119,1600115,50,1359,Astonish,Grass Knot,Foul Play,5,4,5,75000
Raikou,53.3,243,electric,none,132,110.6,116,1693495,16,1498,Thunder Shock,Wild Charge,Aura Sphere,5,5,20,100000
Conkeldurr (Shadow),53.1,534,fighting,none,134,93.9,133,1673445,16.5,1500,Counter,Dynamic Punch,Brutal Swing*,8,6,5,75000
Crobat,53.1,169,poison,flying,121.2,118.1,129,1847304,21,1500,Air Slash,Poison Fang,Shadow Ball,5,6,1,10000
Golem (Alolan),53.1,76,rock,electric,125.2,122.3,117,1791042,19,1497,Volt Switch,Wild Charge,Rock Blast,3,3,1,10000
Houndstone,53.1,972,ghost,none,120.3,130.3,119,1865721,22,1498,Lick,Shadow Ball,Psychic Fangs,17,12,3,50000
Raboot,53.1,814,fire,none,128.9,103.7,130,1737824,31.5,1498,Fire Spin,Flame Charge,Flamethrower,5,6,3,10000
Froslass,52.8,478,ice,ghost,122.6,114.9,130,1831027,27.5,1499,Powder Snow,Avalanche,Shadow Ball,6,7,3,50000
Golett,52.8,622,ground,ghost,119.3,89.9,141,1512725,50,1344,Astonish,Shadow Punch,Brick Break,4,4,5,75000
Gurdurr (Shadow),52.8,533,fighting,none,125.3,100.1,143,1794633,26,1499,Low Kick,Brick Break,Stone Edge,5,7,5,75000
Pancham,52.8,674,fighting,none,123.3,99.3,149,1825612,47.5,1500,Low Kick,Body Slam,Crunch,5,6,3,50000
Pyroar,52.8,668,fire,normal,135,98,126,1666684,20,1500,Incinerate,Flame Charge,Dark Pulse,3,3,3,10000
Slowpoke (Shadow),52.8,79,water,psychic,104.2,95,186,1840271,50,1386,Confusion,Psyshock,Water Pulse,3,4,3,50000
Zapdos (Galarian),52.8,145,fighting,flying,135.7,107.3,113,1645148,15.5,1498,Counter,Fly,Brave Bird,8,10,20,100000
Falinks,52.6,870,fighting,none,127.6,119.2,115,1748115,23.5,1495,Counter,Superpower,Megahorn,7,10,5,75000
Giratina (Origin),52.6,487,ghost,dragon,120,101.4,154,1874595,15,1500,Dragon Tail,Ominous Wind,Shadow Ball,4,5,20,100000
Grimer,52.6,88,poison,none,121,88.2,172,1836323,50,1491,Poison Jab,Sludge,Mud Bomb,6,7,3,50000
Ho-Oh,52.6,250,fire,flying,123,128.5,114,1800807,14,1491,Incinerate,Brave Bird,Earthquake*,3,4,20,100000
Hydrapple,52.6,1019,grass,dragon,122.3,110.7,136,1841044,17,1500,Dragon Tail,Seed Bomb,Outrage,4,5,5,75000
Kubfu,52.6,891,fighting,none,136.6,95.6,125,1631599,34.5,1493,Counter,Close Combat,Brick Break,8,7,20,100000
Linoone (Galarian),52.6,264,dark,normal,114.1,111.8,154,1965124,38.5,1497,Snarl,Body Slam,Dig,3,4,1,10000
Manectric,52.6,310,electric,none,142.5,91.3,121,1574038,23.5,1498,Thunder Fang,Psychic Fangs,Wild Charge,6,8,3,50000
Pidgeotto,52.6,17,normal,flying,110.9,100.8,147,1644149,50,1350,Wing Attack,Air Cutter,Twister,5,5,1,10000
Seviper,52.6,336,poison,none,137.5,90.1,131,1623124,26.5,1496,Poison Jab,Poison Fang,Wrap,6,7,3,50000
Shelgon (Shadow),52.6,372,dragon,none,123.3,119.1,123,1806077,27.5,1498,Dragon Breath,Twister,Flamethrower,10,14,5,75000
Timburr (Shadow),52.6,532,fighting,none,125.2,85.7,164,1759945,50,1487,Low Kick,Brick Break,Rock Tomb,5,7,5,75000
Aipom,52.3,190,normal,none,124.4,106.7,135,1791711,50,1494,Astonish,Swift,Aerial Ace,4,5,3,50000
Beedrill,52.3,15,bug,poison,127.1,106.5,130,1760459,30.5,1500,Poison Sting,X-Scissor,Drill Run*,5,5,1,10000
Poipole,52.3,803,poison,none,119.7,113.6,137,1862719,36,1495,Peck,Sludge Bomb,Fell Stinger,7,5,20,100000
Arboliva,52.1,930,grass,normal,129.3,116.6,115,1734048,18.5,1500,Magical Leaf,Earth Power,Trailblaze,6,5,3,50000
Fletchinder (Shadow),52.1,662,fire,flying,123.3,102.6,143,1810501,47.5,1495,Peck,Fly,Heat Wave,6,6,1,10000
Golurk (Shadow),52.1,623,ground,ghost,133.3,98.5,128,1681024,19.5,1500,Mud Slap,Shadow Punch,Dynamic Punch,4,5,5,75000
Hitmonchan,52.1,107,fighting,none,128.9,137.4,98,1736383,24,1497,Counter,Ice Punch,Thunder Punch,7,7,5,75000
Rhyhorn (Shadow),52.1,111,ground,rock,112.6,111,159,1987139,38.5,1497,Mud Slap,Bulldoze,Stomp,5,4,3,50000
Articuno (Shadow),51.9,144,ice,flying,115.1,136.9,123,1938647,17.5,1496,Powder Snow,Triple Axel,Hurricane*,6,9,20,100000
Donphan (Shadow),51.9,232,ground,none,125.3,113.2,126,1786397,18.5,1498,Mud Slap,Body Slam,Trailblaze,4,5,3,50000
Magnemite,51.9,81,electric,steel,147.8,113.6,90,1511610,49,1496,Volt Switch,Discharge,Magnet Bomb,3,3,3,50000
Shiftry,51.9,275,grass,dark,133.4,88.1,143,1680081,23.5,1497,Snarl,Leaf Blade,Foul Play,3,4,3,50000
Slowking (Shadow),51.9,199,water,psychic,113.4,120.9,144,1974848,22,1500,Confusion,Surf*,Blizzard,4,6,3,50000
Stonjourner,51.9,874,rock,none,125.6,108,132,1789539,17,1500,Rock Throw,Rock Slide,Stomp,9,8,5,75000
Typhlosion,51.9,157,fire,none,132.8,108.9,117,1691315,19,1498,Incinerate,Blast Burn*,Thunder Punch,3,2,3,10000
Urshifu (Rapid Strike),51.9,892,fighting,water,136.6,97.8,121,1616195,15,1489,Counter,Aqua Jet,Dynamic Punch,7,8,20,100000
Aggron,51.6,306,steel,rock,116.6,155.7,106,1925111,18.5,1500,Dragon Tail,Rock Tomb,Thunder,5,5,1,10000
Bewear,51.6,760,normal,fighting,129.6,87.2,153,1729276,17.5,1497,Shadow Claw,Superpower,Stomp,5,5,1,10000
Ceruledge,51.6,937,fire,ghost,136.4,114,106,1647731,17.5,1500,Incinerate,Shadow Ball,Heat Wave,3,3,5,50000
Decidueye,51.6,724,grass,ghost,127.8,115.3,119,1754076,20,1500,Leafage,Frenzy Plant*,Spirit Shackle,6,5,3,10000
Garchomp,51.6,445,dragon,ground,132.5,101.5,126,1693583,14,1500,Dragon Tail,Twister,Sand Tomb,4,4,5,75000
Geodude (Shadow),51.6,74,rock,ground,123.5,123.5,113,1724177,50,1462,Rock Throw,Rock Tomb,Rock Slide,10,9,1,10000
Rufflet,51.6,627,normal,flying,126.7,92.2,152,1774904,46.5,1500,Peck,Brave Bird,Fly,7,6,5,75000
Sandshrew (Shadow),51.6,27,ground,none,118.5,113.4,127,1706968,50,1426,Sand Attack,Sand Tomb,Rock Tomb*,10,13,3,50000
Shellos,51.6,422,water,none,99.2,100.8,166,1659740,50,1284,Mud Slap,Body Slam,Water Pulse,4,5,3,50000
Wormadam (Plant),51.6,413,bug,grass,110,144.9,128,2040195,34.5,1499,Sucker Punch,Energy Ball,Bug Buzz,8,9,1,10000
Blissey,51.4,242,normal,none,81,111.3,307,2768972,20.5,1500,Zen Headbutt,Wild Charge*,Dazzling Gleam,8,10,5,75000
Carracosta,51.4,565,water,rock,121.4,127,120,1849862,21.5,1499,Water Gun,Liquidation,Body Slam,15,12,5,75000
Conkeldurr,51.4,534,fighting,none,134,93.9,133,1673445,16.5,1500,Counter,Dynamic Punch,Brutal Swing*,8,6,5,75000
Croconaw,51.4,159,water,none,117.7,120,135,1907626,35.5,1500,Water Gun,Ice Punch,Water Pulse,14,17,3,10000
Eldegoss,51.4,830,grass,none,108.4,160.5,119,2069942,28.5,1498,Bullet Seed,Grass Knot,Energy Ball,4,5,3,50000
Houndoom,51.4,229,dark,fire,139.6,97.3,118,1603024,21,1500,Fire Fang,Foul Play,Flamethrower,7,10,3,50000
Loudred (Shadow),51.4,294,normal,none,125.2,80.7,178,1797820,50,1500,Bite,Stomp,Disarming Voice,20,23,1,10000
Rotom,51.4,479,electric,ghost,132.4,120.5,106,1691086,27.5,1499,Astonish,Thunderbolt,Ominous Wind,6,5,5,75000
Salazzle,51.4,758,poison,fire,147,91.2,114,1529161,22.5,1499,Incinerate,Poison Fang,Dragon Pulse,2,3,3,50000
Trevenant (Shadow),51.4,709,ghost,grass,127.8,104.6,131,1752077,22,1499,Shadow Claw,Shadow Ball,Seed Bomb,7,5,5,75000
Trumbeak,51.4,732,normal,flying,134.1,93.3,134,1675846,48.5,1499,Peck,Drill Peck,Rock Blast,5,5,1,10000
Camerupt (Shadow),51.1,323,fire,ground,133.6,100.5,125,1678150,25.5,1499,Incinerate,Rock Tomb,Scorching Sands,3,3,3,50000
Glimmora,51.1,970,rock,poison,137.7,103,115,1631007,17,1499,Rock Throw,Meteor Beam,Power Gem,12,10,3,50000
Ivysaur,51.1,2,grass,poison,118.7,121.1,131,1883144,37.5,1500,Vine Whip,Power Whip,Sludge Bomb,7,7,3,10000
Mew,51.1,151,psychic,none,120.5,119.4,129,1855163,16.5,1498,Shadow Claw,Wild Charge,Psyshock,6,5,20,100000
Monferno,51.1,391,fire,fighting,129.6,96,139,1730680,42,1499,Ember,Flame Wheel,Low Sweep,5,5,3,10000
Mudbray,51.1,749,ground,none,129.9,98.7,134,1717363,29.5,1498,Mud Slap,Body Slam,Earthquake,4,7,3,50000
Quaxwell,51.1,913,water,none,125.4,103.5,138,1792214,34,1500,Wing Attack,Aqua Jet,Aerial Ace,5,6,3,10000
Silicobra,51.1,843,ground,none,99.2,116,131,1506264,50,1222,Mud Slap,Earth Power,Wrap,6,5,3,50000
Slurpuff,51.1,685,fairy,none,116,119.4,139,1925688,25.5,1498,Fairy Wind,Play Rough,Energy Ball,7,7,3,50000
Espurr,50.9,677,psychic,none,113.4,108.4,145,1783036,50,1424,Confusion,Psyshock,Energy Ball,3,4,3,50000
Genesect,50.9,649,bug,steel,141.1,111.7,100,1575465,16,1498,Fury Cutter,X-Scissor,Techno Blast (Normal)*,10,14,20,100000
Golurk,50.9,623,ground,ghost,133.3,98.5,128,1681024,19.5,1500,Mud Slap,Shadow Punch,Dynamic Punch,4,5,5,75000
Tangrowth,50.9,465,grass,none,120.7,112.8,136,1851661,18,1495,Vine Whip,Power Whip,Rock Slide,7,6,3,50000
Tauros (Blaze),50.9,128,fighting,fire,127.8,120.7,114,1758735,20,1500,Double Kick,Flame Charge,Trailblaze,5,4,3,50000
Corvisquire,50.7,822,flying,none,118.1,104.7,153,1892802,49.5,1496,Peck,Sky Attack,Payback,7,8,1,10000
Feraligatr (Shadow),50.7,160,water,none,123.9,117.4,125,1817697,19.5,1500,Shadow Claw,Hydro Cannon*,Ice Beam,5,7,3,10000
Golett (Shadow),50.7,622,ground,ghost,119.3,89.9,141,1512725,50,1344,Astonish,Shadow Punch,Brick Break,4,4,5,75000
Piloswine (Shadow),50.7,221,ice,ground,121.1,99.5,154,1854684,24,1500,Powder Snow,Icicle Spear,Stone Edge,5,7,3,50000
Rapidash,50.7,78,fire,none,133.7,111.5,112,1669979,22.5,1499,Incinerate,Flame Charge,Wild Charge*,3,3,3,50000
Eelektrik,50.4,603,electric,none,122.3,110.1,136,1831304,35.5,1497,Acid,Discharge,Crunch,5,6,1,10000
Gallade,50.4,475,psychic,fighting,136.6,115.6,104,1642368,18,1499,Psycho Cut,Close Combat,Leaf Blade,5,4,5,75000
Loudred,50.4,294,normal,none,125.2,80.7,178,1797820,50,1500,Bite,Disarming Voice,Stomp,23,20,1,10000
Wyrdeer,50.4,899,normal,psychic,126.6,95.6,146,1767417,20,1497,Confusion,Stomp,Wild Charge,3,4,5,75000
Bibarel,50.2,400,normal,water,123,99.3,149,1818797,31.5,1498,Rollout,Surf,Hyper Fang,4,4,1,10000
Drilbur (Shadow),50.2,529,ground,none,139.5,81.5,142,1614496,50,1500,Mud Slap,Drill Run,Rock Tomb,5,5,3,50000
Heracross,50.2,214,bug,fighting,134.7,108.4,114,1664501,17.5,1500,Fury Cutter,Upper Hand,Rock Tomb,10,13,3,50000
Muk (Shadow),50.2,89,poison,none,115.9,111.7,148,1916176,20,1491,Poison Jab,Thunder Punch,Dark Pulse,6,8,3,50000
Rapidash (Galarian),50.2,78,psychic,fairy,133.7,111.5,112,1669979,22.5,1499,Fairy Wind,Body Slam,Wild Charge*,4,5,3,50000
Scraggy,50.2,559,dark,fighting,120.3,122.8,126,1860953,49,1496,Feint Attack,Upper Hand,Foul Play,7,7,3,50000
Tirtouga (Shadow),50.2,564,water,rock,114.4,132.5,130,1969593,46.5,1500,Water Gun,Surf,Body Slam,15,12,5,75000
Toucannon,50.2,733,normal,flying,137.3,96.8,123,1634212,20.5,1500,Peck,Beak Blast*,Drill Peck,7,5,1,10000
Geodude,50,74,rock,ground,123.5,123.5,113,1724177,50,1462,Rock Throw,Rock Tomb,Rock Slide,10,9,1,10000
Seismitoad,50,537,water,ground,120.3,100.9,154,1868887,22,1500,Mud Shot,Earth Power,Sludge Bomb,7,6,3,50000
Venusaur (Shadow),50,3,grass,poison,122.2,122.2,123,1835969,20.5,1500,Vine Whip,Frenzy Plant*,Sludge,6,5,3,10000
Vibrava (Shadow),50,329,ground,dragon,125.2,95.8,127,1523223,50,1384,Dragon Breath,Sand Tomb,Bug Buzz,10,15,5,75000
Cherrim (Sunshine),49.7,421,grass,none,121.9,116.3,130,1842766,27.5,1500,Bullet Seed,Weather Ball (Fire),Solar Beam,3,7,1,10000
Chimecho,49.7,358,psychic,none,119.6,120.9,130,1879066,25,1500,Astonish,Psyshock,Shadow Ball,4,5,5,75000
Dugtrio (Alolan) (Shadow),49.7,51,ground,steel,148.2,112.9,90,1506431,29,1499,Mud Slap,Mud Bomb,Iron Head,5,5,3,50000
Girafarig (Shadow),49.7,203,normal,psychic,130.3,101.6,130,1720655,27.5,1499,Confusion,Psychic Fangs,Trailblaze,3,4,3,50000
Kricketune,49.7,402,bug,none,127.7,89.6,153,1750786,38,1497,Fury Cutter,X-Scissor,Aerial Ace,10,12,1,10000
Golem,49.5,76,rock,ground,125.2,122.3,117,1791042,19,1497,Mud Slap,Stone Edge,Rock Blast,6,4,1,10000
Lileep (Shadow),49.5,345,rock,grass,100.8,138.6,151,2111110,50,1460,Acid,Grass Knot,Ancient Power,7,6,3,50000
Nidoking (Shadow),49.5,34,poison,ground,129.5,105.3,127,1731199,21.5,1500,Fury Cutter*,Sand Tomb,Megahorn,10,14,3,50000
Pineco (Shadow),49.5,204,bug,none,103.4,115.1,127,1511117,50,1253,Bug Bite,Rock Tomb,Sand Tomb,17,14,5,75000
Rhyperior (Shadow),49.5,464,ground,rock,126.8,104.5,134,1775272,15,1500,Mud Slap,Breaking Swipe,Rock Wrecker*,5,5,3,50000
Volcanion,49.5,721,fire,water,135.6,117.4,103,1639861,15,1494,Incinerate,Scald,Overheat,3,3,20,100000
Druddigon,49.2,621,dragon,none,131.2,111.3,117,1708917,20.5,1499,Dragon Tail,Night Slash,Rock Tomb,3,5,5,75000
Grafaiai,49.2,945,poison,normal,134.2,107.8,115,1663690,24.5,1498,Mud Slap,Poison Fang,Sludge Bomb,4,5,3,50000
Klinklang,49.2,601,steel,none,124.3,139.6,104,1803808,21,1497,Metal Sound,Mirror Shot,Zap Cannon,5,10,5,75000
Pignite,49.2,499,fire,fighting,127.3,87,158,1751280,29,1497,Ember,Rock Tomb,Flame Charge,6,6,3,10000
Rapidash (Shadow),49.2,78,fire,none,133.7,111.5,112,1669979,22.5,1499,Incinerate,Flame Charge,Wild Charge*,3,3,3,50000
Raticate (Alolan) (Shadow),49.2,20,dark,normal,107.1,130.2,150,2090786,36.5,1497,Quick Attack,Crunch,Hyper Beam,6,10,1,10000
Sudowoodo,49.2,185,rock,none,117.2,130.1,126,1920600,26,1500,Counter,Meteor Beam,Trailblaze,10,8,5,75000
Chesnaught (Shadow),49,652,grass,fighting,119.4,126.9,124,1878859,19,1497,Vine Whip,Frenzy Plant*,Superpower,6,5,3,10000
Galvantula,49,596,bug,electric,138.3,96.5,122,1627493,25.5,1500,Volt Switch,Discharge,Lunge,3,3,3,50000
Graveler,49,75,rock,ground,121.5,131,116,1845378,30,1499,Mud Slap,Rock Slide*,Dig,5,5,1,10000
Gyarados (Shadow),49,130,water,flying,130.8,108.5,121,1717312,16.5,1498,Dragon Breath,Aqua Tail*,Twister,9,10,1,10000
Toxtricity,49,849,electric,poison,141.2,95.4,118,1589592,21.5,1500,Acid,Wild Charge,Power-Up Punch,6,5,5,75000
Cofagrigus (Shadow),48.8,563,ghost,none,111.7,165.3,109,2013466,24.5,1500,Shadow Claw,Shadow Ball,Dark Pulse,7,7,3,50000
Delphox,48.8,655,fire,psychic,132.6,115.6,110,1686664,18,1499,Fire Spin,Psyshock,Blast Burn*,4,5,3,10000
Glimmet,48.8,969,rock,poison,147.1,90.9,114,1524533,36.5,1497,Rock Throw,Power Gem,Dazzling Gleam,10,11,3,50000
Greninja (Shadow),48.8,658,water,dark,139.6,100.4,115,1611397,21,1500,Water Shuriken,Hydro Cannon*,Night Slash,3,3,3,10000
Mienshao,48.8,620,fighting,none,158.9,84.8,105,1415434,20,1500,Force Palm,Brutal Swing,Grass Knot,4,5,3,50000
Sawk,48.8,539,fighting,none,140.4,97.4,117,1599454,20,1499,Low Kick,Brick Break,Body Slam,5,5,5,75000
Tauros,48.8,128,normal,none,125.1,119.5,120,1794891,21.5,1499,Tackle,Trailblaze,Horn Attack,15,12,3,50000
Tirtouga,48.8,564,water,rock,114.4,132.5,130,1969593,46.5,1500,Water Gun,Surf,Ancient Power,15,15,5,75000
Toedscool,48.8,948,ground,grass,94.1,137.8,113,1465578,50,1176,Mud Slap,Seed Bomb,Earth Power,4,6,3,50000
Chandelure (Shadow),48.5,609,ghost,fire,151.5,105.2,93,1481922,17,1498,Incinerate,Shadow Ball,Flame Charge,3,3,5,75000
Croconaw (Shadow),48.5,159,water,none,117.7,120,135,1907626,35.5,1500,Water Gun,Ice Punch,Water Pulse,14,17,3,10000
Darumaka (Galarian),48.5,554,ice,none,131.9,82.3,157,1705667,50,1500,Ice Fang,Ice Punch,Ice Beam,7,10,3,50000
Drilbur,48.5,529,ground,none,139.5,81.5,142,1614496,50,1500,Mud Slap,Drill Run,Rock Tomb,5,5,3,50000
Leafeon,48.5,470,grass,none,128.1,133.9,102,1749898,19,1500,Quick Attack,Leaf Blade,Last Resort*,5,7,5,75000
Rhyperior,48.5,464,ground,rock,126.8,104.5,134,1775272,15,1500,Mud Slap,Breaking Swipe,Rock Wrecker*,5,5,3,50000
Gothorita (Shadow),48.3,575,psychic,none,112.2,132.8,134,1996579,40,1498,Confusion,Future Sight,Psychic,5,4,3,50000
Hattrem,48.3,857,psychic,none,122.7,115.7,128,1817823,38.5,1494,Confusion,Psyshock,Dazzling Gleam,3,4,5,50000
Machamp (Shadow),48.3,68,fighting,none,135.5,98.6,124,1656376,18,1498,Karate Chop*,Cross Chop,Rock Slide,4,5,3,50000
Phanpy,48.3,231,ground,none,102.5,95,186,1810589,50,1364,Tackle,Rock Slide,Trailblaze,15,15,3,50000
Shiftry (Shadow),48.3,275,grass,dark,133.4,88.1,143,1680081,23.5,1497,Snarl,Leaf Blade,Foul Play,3,4,3,50000
Tentacool,48.3,72,water,poison,94.1,137.8,113,1465578,50,1176,Poison Sting,Water Pulse,Wrap,6,5,3,50000
Arcanine (Hisuian),48,59,fire,rock,132.4,99.5,129,1699489,17.5,1500,Fire Fang,Wild Charge,Rock Slide,8,8,3,50000
Brionne,48,729,water,none,125.9,117.1,121,1782789,30,1500,Charm,Aqua Jet,Disarming Voice,5,6,3,10000
Chandelure,48,609,ghost,fire,151.5,105.2,93,1481922,17,1498,Incinerate,Shadow Ball,Flame Charge,3,3,5,75000
Exeggcute,48,102,grass,psychic,102.5,117.6,142,1712557,50,1328,Confusion,Seed Bomb,Ancient Power,3,4,3,50000
Geodude (Alolan),48,74,rock,electric,123.5,123.5,113,1724177,50,1462,Volt Switch,Rock Tomb,Rock Slide,4,3,1,10000
Honedge,48,679,steel,ghost,122.1,127.1,118,1831842,47,1495,Psycho Cut,Gyro Ball,Iron Head,6,6,5,75000
Magby,48,240,fire,none,139.5,95.8,120,1603478,50,1496,Karate Chop,Fire Punch,Brick Break,5,5,5,10000
Shaymin (Land),48,492,grass,none,117.9,122.3,132,1902467,17,1498,Magical Leaf,Grass Knot,Seed Flare*,5,8,20,100000
Starmie,48,121,water,psychic,133.2,122,104,1689998,21.5,1500,Psywave,Surf,Power Gem,12,13,3,50000
Crawdaunt (Shadow),47.8,342,water,dark,144.7,98.4,109,1551934,22,1498,Waterfall,Night Slash,Scald,4,5,3,50000
Exploud,47.8,295,normal,none,119.8,99.5,157,1870373,24,1500,Astonish,Crunch,Disarming Voice,5,5,1,10000
Golem (Shadow),47.8,76,rock,ground,125.2,122.3,117,1791042,19,1497,Mud Slap,Stone Edge,Rock Blast,6,4,1,10000
Poliwhirl,47.8,61,water,none,114.3,116,148,1961320,50,1500,Bubble,Scald*,Mud Bomb,5,5,3,50000
Registeel (Shadow),47.8,379,steel,none,95.5,189,127,2291172,23,1481,Lock On,Focus Blast,Zap Cannon*,15,16,20,100000
Dhelmise,47.6,781,ghost,grass,139.8,109.3,105,1604674,20,1498,Shadow Claw,Power Whip,Brutal Swing,7,5,5,50000
Dragonite (Shadow),47.6,149,dragon,flying,135.8,107.3,113,1647398,14.5,1498,Dragon Breath,Thunder Punch,Superpower,10,10,5,75000
Grimer (Alolan) (Shadow),47.6,88,poison,dark,122.8,86.9,171,1824029,49,1497,Poison Jab,Crunch,Sludge Bomb,7,8,3,50000
Linoone (Galarian) (Shadow),47.6,264,dark,normal,114.1,111.8,154,1965124,38.5,1497,Snarl,Body Slam,Dig,3,4,1,10000
Swanna (Shadow),47.6,581,water,flying,128.6,101.1,134,1741978,26.5,1497,Water Gun,Fly,Ice Beam,15,19,3,50000
Elekid,47.3,239,electric,none,126,97.5,120,1474345,50,1364,Thunder Shock,Thunder Punch,Brick Break,5,5,5,10000
Golduck (Shadow),47.3,55,water,none,124.2,112.2,129,1796871,22.5,1499,Confusion,Cross Chop,Liquidation,3,4,3,50000
Gothitelle,47.3,576,psychic,none,115.3,140.9,119,1934140,23,1498,Confusion,Rock Slide,Future Sight,4,5,3,50000
Graveler (Shadow),47.3,75,rock,ground,122.6,129.9,115,1831483,29.5,1500,Mud Slap,Rock Slide*,Dig,5,5,1,10000
Typhlosion (Shadow),47.3,157,fire,none,132.8,108.9,117,1691315,19,1498,Incinerate,Blast Burn*,Thunder Punch,3,2,3,10000
Dugtrio (Alolan),47.1,51,ground,steel,148.2,112.9,90,1506431,29,1499,Mud Slap,Mud Bomb,Iron Head,5,5,3,50000
Mesprit,47.1,481,psychic,none,123.6,128.1,114,1804097,18,1496,Confusion,Swift,Future Sight,3,5,20,100000
Raichu,47.1,26,electric,none,133.6,110.6,114,1684547,25.5,1500,Thunder Shock,Wild Charge,Trailblaze,5,5,1,10000
Tsareena,47.1,763,grass,none,130.4,120.7,109,1715364,18.5,1496,Magical Leaf,Triple Axel,High Jump Kick*,5,6,3,10000
Charizard (Shadow),46.8,6,fire,flying,132.8,108.9,117,1691315,19,1498,Ember*,Blast Burn*,Air Cutter,6,4,3,10000
Crawdaunt,46.8,342,water,dark,144.7,98.4,109,1551934,22,1498,Waterfall,Night Slash,Scald,4,5,3,50000
Cubone (Shadow),46.8,104,ground,none,88.2,133.6,127,1497128,50,1152,Mud Slap,Bone Club,Dig,4,5,3,50000
Gothorita,46.8,575,psychic,none,112.2,132.8,134,1996579,40,1498,Confusion,Future Sight,Psychic,5,4,3,50000
Gumshoos,46.8,735,normal,none,134.2,85,147,1677298,25.5,1500,Bite,Rock Tomb,Crunch,25,23,1,10000
Rhydon (Shadow),46.8,112,ground,rock,126.3,103.4,136,1775740,17.5,1499,Mud Slap,Stone Edge,Surf,6,5,3,50000
Flygon (Shadow),46.6,330,ground,dragon,127.9,109.6,125,1752409,21,1500,Dragon Tail,Sand Tomb,Twister,4,4,5,75000
Gothitelle (Shadow),46.6,576,psychic,none,115.3,140.9,119,1934140,23,1498,Confusion,Rock Slide,Future Sight,4,5,3,50000
Thundurus (Incarnate),46.6,642,electric,flying,148.1,95.5,107,1513826,16.5,1500,Thunder Shock,Thunder Punch,Brick Break,5,5,20,100000
Growlithe,46.4,58,fire,none,126.9,90.8,135,1554545,50,1405,Ember,Flame Wheel,Body Slam,5,4,3,50000
Cloyster,46.1,91,water,ice,119,169.8,93,1879927,22,1498,Ice Shard,Icy Wind,Liquidation,5,5,3,50000
Graveler (Alolan) (Shadow),46.1,75,rock,electric,122.6,129.9,115,1831483,29.5,1500,Volt Switch,Stone Edge,Rock Blast,4,3,1,10000
Heatmor,46.1,631,fire,none,134.7,92.6,134,1671446,23.5,1500,Fire Spin,Thunder Punch,Flamethrower,4,6,3,50000
Huntail,46.1,367,water,none,130.8,125.6,104,1709128,23.5,1497,Water Gun,Aqua Tail,Crunch,12,15,3,50000
Combusken,45.9,256,fire,fighting,130.4,100.9,131,1723138,37.5,1499,Ember,Rock Slide,Flame Charge,5,6,3,10000
Darmanitan (Standard) (Shadow),45.9,555,fire,none,149.8,72.1,138,1489923,17.5,1496,Incinerate,Rock Slide,Overheat,3,3,3,50000
Delphox (Shadow),45.9,655,fire,psychic,132.6,115.6,110,1686664,18,1499,Fire Spin,Psyshock,Blast Burn*,4,5,3,10000
Grimer (Shadow),45.9,88,poison,none,122.8,86.9,171,1824029,49,1497,Poison Jab,Sludge,Mud Bomb,6,7,3,50000
Infernape (Shadow),45.9,392,fire,fighting,136.7,100.4,119,1633131,20.5,1495,Fire Spin,Close Combat,Blast Burn*,5,5,3,10000
Magnemite (Shadow),45.9,81,electric,steel,147.8,113.6,90,1511610,49,1496,Volt Switch,Magnet Bomb,Discharge,3,3,3,50000
Pupitar (Shadow),45.9,247,rock,ground,120.2,111.8,139,1867909,34,1498,Bite,Ancient Power,Dig,23,25,5,75000
Sandslash (Shadow),45.9,28,ground,none,120.5,123,125,1852528,23.5,1497,Sand Attack,Night Slash*,Rock Tomb,9,13,3,50000
Tauros (Combat),45.9,128,fighting,none,127.8,120.7,114,1758735,20,1500,Double Kick,Close Combat,Trailblaze,4,4,3,50000
Weezing,45.9,110,poison,none,117.6,140.3,116,1912745,25,1500,Rollout,Sludge Bomb,Shadow Ball,4,4,3,50000
Bouffalant,45.6,626,normal,none,118.9,115.9,137,1887582,20,1500,Mud Shot,Stomp,Megahorn,5,7,3,50000
Braixen (Shadow),45.6,654,fire,none,130.6,107,123,1718256,31,1499,Ember,Psyshock,Flame Charge,5,6,3,10000
Larvesta,45.6,636,bug,fire,130.8,99.8,131,1710210,45.5,1499,Ember,Flame Wheel,Bug Buzz,5,7,5,75000
Buneary,45.4,427,normal,none,121.8,100.8,135,1658639,50,1423,Quick Attack,Swift,Fire Punch,5,5,3,50000
Charmeleon,45.4,5,fire,none,126.6,109.5,128,1774326,38.5,1500,Ember,Fire Punch,Return<sup>†</sup>,5,8,3,10000
Mothim,45.4,414,bug,flying,140,83,138,1603038,31.5,1500,Bug Bite,Aerial Ace,Bug Buzz,15,20,1,10000
Qwilfish (Shadow),45.4,211,water,poison,131.2,105.5,123,1702587,27,1497,Poison Sting,Aqua Tail,Ice Beam,4,7,3,50000
Wailord (Shadow),45.4,321,water,none,118.4,67.4,237,1891875,24.5,1497,Rollout,Surf,Hyper Beam,4,7,1,10000
Seel,45.2,86,water,none,84,114.3,149,1430849,50,1098,Water Gun*,Aqua Tail,Icy Wind,12,15,3,50000
Venomoth (Shadow),45.2,49,bug,poison,127,107.6,129,1763077,27,1497,Psywave,Poison Fang,Bug Buzz,10,15,3,50000
Excadrill,44.9,530,ground,steel,142.7,78.8,140,1573041,17,1500,Mud Shot,Drill Run,Rock Slide,5,5,3,50000
Exeggcute (Shadow),44.9,102,grass,psychic,102.5,117.6,142,1712557,50,1328,Confusion,Seed Bomb,Ancient Power,3,4,3,50000
Exploud (Shadow),44.9,295,normal,none,119.8,99.5,157,1870373,24,1500,Astonish,Crunch,Disarming Voice,5,5,1,10000
Flapple,44.9,841,grass,dragon,138.1,100.1,117,1618070,22.5,1500,Dragon Breath,Seed Bomb,Dragon Pulse,10,14,5,75000
Samurott (Shadow),44.9,503,water,none,128,100.9,136,1756037,19.5,1500,Fury Cutter,Hydro Cannon*,Megahorn,10,14,3,10000
Victreebel (Shadow),44.9,71,grass,poison,135.2,93.5,131,1656351,23,1498,Acid,Leaf Blade,Sludge Bomb,5,7,3,50000
Vivillon,44.9,666,bug,flying,131.7,86.3,149,1694365,30,1498,Gust,Aerial Ace,Bug Buzz,4,5,1,10000
Cinderace,44.7,815,fire,none,139,99.4,117,1617082,18.5,1500,Fire Spin,Blast Burn*,Pyro Ball,5,4,3,10000
Crobat (Shadow),44.7,169,poison,flying,121.2,118.1,129,1847304,21,1500,Air Slash,Poison Fang,Shadow Ball,5,6,1,10000
Drifloon,44.7,425,ghost,flying,110.9,79.8,186,1646946,50,1353,Hex,Shadow Ball,Icy Wind,4,4,5,75000
Carracosta (Shadow),44.4,565,water,rock,121.4,127,120,1849862,21.5,1499,Water Gun,Liquidation,Body Slam,15,12,5,75000
Darmanitan (Galarian),44.4,555,ice,none,149.8,72.1,138,1489923,17.5,1496,Ice Fang,Avalanche,Superpower,8,7,3,50000
Drowzee,44.4,96,psychic,none,87.4,126.9,142,1574590,50,1176,Confusion,Psyshock,Return<sup>†</sup>,3,5,3,50000
Floragato,44.4,907,grass,none,124.5,110.6,131,1803025,37,1500,Leafage,Grass Knot,Play Rough,7,8,3,10000
Pupitar,44.4,247,rock,ground,120.2,111.8,139,1867909,34,1498,Bite,Ancient Power,Dig,23,25,5,75000
Rhydon,44.4,112,ground,rock,126.3,103.4,136,1775740,17.5,1499,Mud Slap,Stone Edge,Surf,6,5,3,50000
Scolipede,44.4,545,bug,poison,131.8,120.4,107,1697847,22.5,1496,Poison Sting,Aqua Tail,Megahorn,4,7,1,10000
Simisear,44.4,514,fire,none,136,95.8,126,1642252,23.5,1496,Fire Spin,Crunch,Flamethrower,5,6,3,50000
Aipom (Shadow),44.2,190,normal,none,124.4,106.7,135,1791711,50,1494,Astonish,Swift,Aerial Ace,4,5,3,50000
Electabuzz,44.2,125,electric,none,130.9,113.2,115,1704150,24,1498,Thunder Shock,Thunder Punch,Return<sup>†</sup>,5,8,5,75000
Meowstic (Female),44.2,678,psychic,none,117.2,124,132,1917248,26,1499,Confusion,Shadow Ball,Energy Ball,4,4,3,50000
Murkrow,44.2,198,dark,flying,143.2,81.1,135,1567720,41,1499,Peck,Drill Peck,Foul Play,5,5,3,50000
Nuzleaf,44.2,274,grass,dark,125.2,78.1,157,1536164,50,1387,Feint Attack,Leaf Blade,Foul Play,6,7,3,50000
Comfey,44,764,fairy,none,116.2,157.5,105,1921722,26.5,1500,Vine Whip,Grass Knot,Draining Kiss,7,7,3,50000
Exeggutor,44,103,grass,psychic,136.2,92.5,131,1650175,18.5,1499,Confusion,Seed Bomb,Psychic,3,4,3,50000
Heliolisk (Shadow),44,695,electric,normal,138.1,112.1,105,1626001,21.5,1500,Volt Switch,Breaking Swipe,Parabolic Charge,4,4,3,50000
Meowstic (Male),44,678,psychic,none,117.2,124,132,1917248,26,1499,Confusion,Thunderbolt,Energy Ball,4,4,3,50000
Pidgeotto (Shadow),44,17,normal,flying,110.9,100.8,147,1644149,50,1350,Wing Attack,Air Cutter,Twister,5,5,1,10000
Scyther,44,123,bug,flying,134.9,109.5,113,1668474,20.5,1500,Fury Cutter,Night Slash,X-Scissor,9,10,5,75000
Sharpedo (Shadow),44,319,water,dark,166.6,64.1,126,1345428,25.5,1498,Waterfall,Crunch,Poison Fang,5,4,3,50000
Heliolisk,43.7,695,electric,normal,138.1,112.1,105,1626001,21.5,1500,Volt Switch,Breaking Swipe,Parabolic Charge,4,4,3,50000
Latias (Shadow),43.7,380,dragon,psychic,126.8,135.2,103,1764672,15.5,1500,Dragon Breath,Aura Sphere,Mist Ball*,10,15,20,100000
Lugia (Shadow),43.7,249,psychic,flying,104.3,164.3,124,2124734,14.5,1492,Dragon Tail,Fly,Aeroblast*,4,7,20,100000
Persian (Alolan),43.7,53,dark,none,122.4,112.6,133,1833307,34,1498,Feint Attack,Foul Play,Play Rough,7,10,3,50000
Rampardos (Shadow),43.7,409,rock,none,162.2,67.3,126,1375562,16.5,1496,Smack Down,Rock Slide,Flamethrower,6,7,5,75000
Bibarel (Shadow),43.5,400,normal,water,123,99.3,149,1818797,31.5,1498,Rollout,Surf,Hyper Fang,4,4,1,10000
Dialga (Shadow),43.5,483,steel,dragon,139.4,107,106,1581206,13.5,1488,Dragon Breath,Iron Head,Thunder,13,15,20,100000
Fuecoco,43.5,909,fire,none,106.7,93.3,152,1513000,50,1274,Incinerate,Crunch,Flamethrower,3,3,3,10000
Infernape,43.5,392,fire,fighting,136.7,100.4,119,1633131,20.5,1495,Fire Spin,Close Combat,Blast Burn*,5,5,3,10000
Lilligant,43.5,549,grass,none,136.6,105.9,114,1648858,22,1500,Charm,Petal Blizzard,Hyper Beam,9,10,1,10000
Skrelp,43.5,690,poison,water,104.2,104.2,127,1378846,50,1202,Acid,Aqua Tail,Twister,5,5,3,50000
Sudowoodo (Shadow),43.5,185,rock,none,117.2,130.1,126,1920600,26,1500,Counter,Meteor Beam,Trailblaze,10,8,5,75000
Tyrunt,43.5,696,rock,dragon,126.6,107.9,129,1762642,38.5,1498,Dragon Tail,Rock Tomb,Stomp,5,4,5,75000
Basculin,43.3,550,water,none,134,97.2,129,1679476,27,1500,Water Gun,Aqua Tail,Aqua Jet,12,14,1,10000
Bisharp,43.3,625,dark,steel,139.8,109.7,105,1610607,19.5,1500,Snarl,Dark Pulse,X-Scissor,4,4,5,75000
Deerling,43.3,585,normal,grass,109.2,96.6,142,1498988,50,1283,Tackle,Wild Charge,Trailblaze,15,15,3,50000
Exeggutor (Shadow),43.3,103,grass,psychic,136.2,92.5,131,1650175,18.5,1499,Confusion,Seed Bomb,Psychic,3,4,3,50000
Grovyle,43.3,253,grass,none,136.3,103.2,117,1646572,36.5,1498,Quick Attack,Leaf Blade,Aerial Ace,5,6,3,10000
Metagross,43,376,steel,psychic,132.8,122.1,104,1685821,14.5,1498,Shadow Claw*,Meteor Mash*,Earthquake,6,9,5,75000
Phanpy (Shadow),43,231,ground,none,102.5,95,186,1810589,50,1364,Tackle,Rock Slide,Trailblaze,15,15,3,50000
Sawk (Shadow),43,539,fighting,none,140.4,97.4,117,1599454,20,1499,Low Kick,Brick Break,Body Slam,5,5,5,75000
Sawsbuck,43,586,normal,grass,129.4,101.9,131,1726893,23,1496,Feint Attack,Wild Charge,Trailblaze,8,8,3,50000
Toucannon (Shadow),43,733,normal,flying,137.3,96.8,123,1634212,20.5,1500,Peck,Beak Blast*,Drill Peck,7,5,1,10000
Aggron (Shadow),42.8,306,steel,rock,116.6,155.7,106,1925111,18.5,1500,Dragon Tail,Rock Tomb,Thunder,5,5,1,10000
Cinccino,42.8,573,normal,none,134.9,96.2,128,1661081,25,1498,Charm,Aqua Tail,Thunderbolt,5,7,3,50000
Crustle (Shadow),42.8,558,bug,rock,120.3,134.7,115,1863686,22,1499,Fury Cutter,X-Scissor,Rock Wrecker,10,13,1,10000
Darmanitan (Standard),42.8,555,fire,none,149.8,72.1,138,1489923,17.5,1496,Incinerate,Rock Slide,Overheat,3,3,3,50000
Kyogre (Shadow),42.8,382,water,none,133.9,116.6,104,1623378,13,1478,Waterfall,Avalanche,Surf,5,5,20,100000
Magmar,42.8,126,fire,none,135.2,107.6,114,1658602,23,1497,Karate Chop,Fire Punch,Scorching Sands,5,6,5,75000
Oddish,42.8,43,grass,poison,122.7,106.7,120,1571110,50,1389,Acid,Seed Bomb,Sludge Bomb,5,7,3,50000
Prinplup,42.8,394,water,none,118.6,117.1,136,1888948,36.5,1498,Bubble,Icy Wind,Hydro Pump,5,7,3,10000
Reuniclus (Shadow),42.8,579,psychic,none,126.9,94.9,147,1771020,19,1500,Charm*,Psyshock,Shadow Ball,5,7,3,50000
Tyranitar (Shadow),42.8,248,rock,dark,129.7,111.4,120,1734171,14.5,1500,Dragon Breath,Brutal Swing,Stone Edge,9,14,5,75000
Vanillish,42.8,583,ice,none,123.7,120.5,122,1818275,40.5,1500,Astonish,Icy Wind,Signal Beam,5,6,3,50000
Klawf,42.5,950,rock,none,121.1,128.1,119,1846224,23,1500,Mud Slap,Bulldoze,Rock Tomb,5,5,3,75000
Raichu (Alolan),42.5,26,electric,psychic,135.5,109.9,111,1653242,24,1498,Thunder Shock,Wild Charge,Trailblaze,5,5,1,10000
Clamperl,42.3,366,water,none,124.4,126,105,1645929,50,1436,Water Gun,Body Slam,Water Pulse,12,17,3,50000
Exeggutor (Alolan),42.3,103,grass,dragon,134.4,94.8,131,1669766,18.5,1498,Dragon Tail,Seed Bomb,Draco Meteor*,4,6,3,50000
Froslass (Shadow),42.3,478,ice,ghost,122.6,114.9,130,1831027,27.5,1499,Powder Snow,Avalanche,Shadow Ball,6,7,3,50000
Hitmonlee,42.3,106,fighting,none,141.8,118.9,94,1585670,21.5,1500,Low Kick,Blaze Kick,Brick Break*,5,5,5,75000
Ponyta,42.3,77,fire,none,133.5,108.2,116,1675972,36,1500,Ember,Flame Wheel,Stomp,5,5,3,50000
Skorupi,42.3,451,poison,bug,90.8,139.5,113,1430471,50,1141,Poison Sting,Aqua Tail,Cross Poison,4,4,5,75000
Swanna,42.3,581,water,flying,128.6,101.1,134,1741978,26.5,1497,Air Slash,Fly,Ice Beam,5,7,3,50000
Blaziken,42.1,257,fire,fighting,143.9,90.8,119,1555953,19.5,1497,Ember,Aura Sphere,Blast Burn*,5,6,3,10000
Flamigo,42.1,973,flying,fighting,138,95.6,123,1622436,20,1500,Wing Attack,Upper Hand,Brave Bird,5,7,3,75000
Floette,42.1,670,fairy,none,114.3,134.5,128,1967111,44,1499,Vine Whip,Dazzling Gleam,Petal Blizzard,7,9,3,50000
Gloom,42.1,44,grass,poison,121.4,116,131,1844296,37,1498,Acid,Sludge Bomb,Moonblast,7,8,3,50000
Golem (Alolan) (Shadow),42.1,76,rock,electric,125.2,122.3,117,1791042,19,1497,Volt Switch,Wild Charge,Rock Blast,3,3,1,10000
Pawmot,42.1,923,electric,fighting,145.1,95.5,112,1551733,21,1500,Thunder Shock,Brick Break*,Wild Charge,5,5,3,75000
Pignite (Shadow),42.1,499,fire,fighting,127.3,87,158,1751280,29,1497,Ember,Rock Tomb,Flame Charge,6,6,3,10000
Trapinch,42.1,328,ground,none,148.7,78.1,120,1394782,50,1441,Sand Attack,Sand Tomb,Crunch,10,12,5,75000
Cursola,41.8,864,ghost,none,145.7,111.1,95,1537102,18,1497,Astonish,Night Shade,Power Gem,5,5,3,50000
Monferno (Shadow),41.8,391,fire,fighting,129.6,96,139,1730680,42,1499,Ember,Flame Wheel,Low Sweep,5,5,3,10000
Regirock (Shadow),41.8,377,rock,none,105.8,178.5,111,2094814,17,1493,Lock On,Stone Edge,Focus Blast,11,15,20,100000
Sceptile (Shadow),41.8,254,grass,none,135.6,109.3,111,1645623,20,1498,Fury Cutter,Leaf Blade,Breaking Swipe,9,13,3,10000
Toxicroak,41.8,454,poison,fighting,136.2,93.8,129,1648115,22.5,1499,Poison Sting,Dynamic Punch,Shadow Ball,5,6,3,50000
Dodrio,41.6,85,normal,flying,143.8,98.4,110,1556601,23.5,1496,Peck,Drill Peck,Brave Bird,5,7,3,50000
Dwebble (Shadow),41.6,557,bug,rock,111.8,120.2,127,1705533,50,1384,Smack Down,Rock Tomb,X-Scissor,7,5,1,10000
Lampent,41.6,608,ghost,fire,132.5,99,129,1692369,35,1500,Ember,Heat Wave,Energy Ball,5,7,5,75000
Mankey,41.6,56,fighting,none,137,81.5,113,1261556,50,1317,Karate Chop,Cross Chop,Brick Break,4,5,3,50000
Omanyte,41.6,138,rock,water,128,135.3,101,1749618,43,1500,Mud Shot,Rock Tomb*,Rock Blast,6,5,5,75000
Quilava (Shadow),41.6,156,fire,none,126.6,109.5,128,1774326,38.5,1500,Ember,Flame Charge,Dig,6,6,3,10000
Mamoswine,41.3,473,ice,ground,136.2,87.4,138,1642085,16.5,1500,Powder Snow,Icicle Spear,Stone Edge,5,7,3,50000
Sneasel (Hisuian),41.3,215,fighting,poison,134,111.8,111,1661900,27,1497,Poison Jab,Close Combat,X-Scissor,7,6,3,50000
Espathra,41.1,956,psychic,none,131.8,90,143,1695842,22.5,1499,Confusion,Psyshock,Dazzling Gleam,3,4,3,50000
Flaaffy,41.1,180,electric,none,121.5,100.5,151,1844088,44,1499,Charge Beam,Discharge,Trailblaze,4,5,5,75000
Nosepass (Shadow),41.1,299,rock,none,81.5,193.3,98,1543812,50,1123,Rock Throw,Rock Slide,Rock Blast,9,8,3,50000
Porygon,41.1,137,normal,none,120,115.4,135,1870465,35.5,1500,Quick Attack<sup>†</sup>,Discharge*,Hyper Beam,5,10,3,50000
Trumbeak (Shadow),41.1,732,normal,flying,133.7,94.3,132,1664964,46,1492,Peck,Drill Peck,Rock Blast,5,5,1,10000
Roserade,40.9,407,grass,poison,141.9,114.3,97,1574006,18.5,1499,Poison Sting,Weather Ball (Fire)*,Leaf Storm,4,7,3,50000
Clawitzer,40.6,693,water,none,134.4,110.5,112,1663806,20,1497,Water Gun,Crabhammer,Ice Beam,17,19,3,50000
Ivysaur (Shadow),40.6,2,grass,poison,119.8,121.4,129,1876677,37,1500,Vine Whip,Power Whip,Sludge Bomb,7,7,3,10000
Mr. Mime,40.6,122,psychic,fairy,131.6,144.3,90,1708557,25,1500,Psywave,Shadow Ball,Psychic,13,14,5,75000
Murkrow (Shadow),40.6,198,dark,flying,143.2,81.1,135,1567720,41,1499,Peck,Drill Peck,Foul Play,5,5,3,50000
Palkia (Shadow),40.6,484,water,dragon,140.4,110,100,1543554,13.5,1473,Dragon Breath,Aqua Tail,Draco Meteor,9,17,20,100000
Simipour,40.6,516,water,none,136,95.8,126,1642252,23.5,1496,Water Gun,Surf,Crunch,15,15,3,50000
Ursaluna,40.6,901,ground,normal,125.6,98.7,144,1785614,14.5,1500,Tackle,Swift,High Horsepower*,12,20,3,50000
Audino,40.4,531,normal,none,92.7,137.9,190,2428140,38,1500,Zen Headbutt,Body Slam*,Disarming Voice,6,8,3,50000
Drizzile,40.4,817,water,none,137.9,92.1,128,1626045,29.5,1499,Water Gun,Surf,Water Pulse,15,17,3,10000
Noivern,40.4,715,flying,dragon,125.5,113.5,126,1794213,20,1500,Air Slash,Heat Wave,Hurricane,5,8,5,75000
Rowlet,40.4,722,grass,flying,98.3,95.8,154,1450375,50,1196,Leafage,Seed Bomb,Energy Ball,5,7,3,10000
Salamence,40.4,373,dragon,flying,143.5,93.1,117,1562473,14.5,1497,Dragon Tail,Fly,Brutal Swing,4,3,5,75000
Arbok,40.1,24,poison,none,123.7,120.1,122,1813613,29,1499,Acid,Dark Pulse,Sludge Wave,7,9,3,50000
Charmeleon (Shadow),40.1,5,fire,none,126.6,109.5,128,1774326,38.5,1500,Ember,Fire Punch,Flamethrower,5,7,3,10000
Regice,40.1,378,ice,none,104.5,179.9,114,2143693,17.5,1500,Lock On,Blizzard,Thunder*,15,12,20,100000
Scyther (Shadow),40.1,123,bug,flying,134.9,109.5,113,1668474,20.5,1500,Fury Cutter,Night Slash,X-Scissor,9,10,5,75000
Stufful,40.1,759,normal,fighting,124.8,92.2,156,1794685,49.5,1499,Tackle,Superpower,Stomp,14,14,1,10000
Eelektross,39.9,604,electric,none,133.8,99.8,126,1682153,20,1500,Volt Switch*,Dragon Claw,Thunderbolt,4,4,1,10000
Geodude (Alolan) (Shadow),39.9,74,rock,electric,123.5,123.5,113,1724177,50,1462,Volt Switch,Rock Tomb,Rock Slide,4,3,1,10000
Gholdengo,39.9,1000,steel,ghost,134.6,107.8,114,1654913,15.5,1493,Hex,Shadow Ball,Power Gem,4,4,5,10000
Nosepass,39.9,299,rock,none,81.5,193.3,98,1543812,50,1123,Rock Throw,Rock Slide,Rock Blast,9,8,3,50000
Persian,39.9,53,normal,none,118.6,116.3,137,1890318,36.5,1498,Feint Attack,Night Slash*,Power Gem,6,9,3,50000
Torracat,39.9,726,fire,none,135.6,89.9,135,1644555,35,1496,Ember,Flame Charge,Crunch,6,5,3,10000
Tyrantrum,39.9,697,rock,dragon,129.1,115.1,116,1723842,17.5,1493,Dragon Tail,Rock Tomb,Crunch,5,4,5,75000
Xatu,39.9,178,psychic,flying,132.2,107.9,119,1698214,25.5,1500,Peck,Psyshock,Aerial Ace,5,6,3,50000
Blacephalon,39.7,806,fire,ghost,173.6,88.4,84,1290131,16.5,1497,Incinerate,Mind Blown*,Shadow Ball,2,3,20,100000
Herdier,39.7,507,normal,none,118.9,111.7,142,1885363,41.5,1497,Sand Attack,Dig,Thunderbolt,13,14,1,10000
Oricorio (Pom-Pom),39.7,741,electric,flying,130.9,102.1,128,1710403,24,1497,Air Slash,Air Cutter,Aerial Ace,4,5,3,75000
Sharpedo,39.7,319,water,dark,166.6,64.1,126,1345428,25.5,1498,Waterfall,Crunch,Poison Fang,5,4,3,50000
Snubbull,39.7,209,fairy,none,127.7,84,142,1524055,50,1399,Tackle,Brick Break,Crunch,14,15,3,50000
Tentacool (Shadow),39.7,72,water,poison,94.1,137.8,113,1465578,50,1176,Poison Sting,Water Pulse,Wrap,6,5,3,50000
Tranquill,39.7,520,normal,flying,124,102.2,143,1812350,49.5,1500,Air Slash,Heat Wave,Aerial Ace,5,5,1,10000
Chatot,39.4,441,normal,flying,139.6,78.4,147,1609663,32.5,1499,Peck,Heat Wave,Sky Attack,6,7,5,75000
Dwebble,39.4,557,bug,rock,111.8,120.2,127,1705533,50,1384,Smack Down,Rock Tomb,X-Scissor,7,5,1,10000
Goldeen,39.4,118,water,none,116,105,120,1461636,50,1302,Peck,Aqua Tail,Horn Attack,5,5,3,50000
Nuzleaf (Shadow),39.4,274,grass,dark,125.2,78.1,157,1536164,50,1387,Feint Attack,Leaf Blade,Foul Play,6,7,3,50000
Revavroom,39.4,966,steel,poison,135.7,102.5,119,1654542,19,1500,Metal Sound,Overheat,Gyro Ball,7,7,3,50000
Tangrowth (Shadow),39.4,465,grass,none,120.7,112.8,136,1851661,18,1495,Vine Whip,Power Whip,Rock Slide,7,6,3,50000
Tatsugiri (Curly),39.4,978,dragon,water,137.4,108.1,109,1619434,20,1497,Water Gun,Surf,Outrage,15,20,5,75000
Tatsugiri (Droopy),39.4,978,dragon,water,137.4,108.1,109,1619434,20,1497,Water Gun,Surf,Outrage,15,20,5,75000
Tatsugiri (Stretchy),39.4,978,dragon,water,137.4,108.1,109,1619434,20,1497,Water Gun,Surf,Outrage,15,20,5,75000
Carnivine,39.2,455,grass,none,130.2,101.9,130,1724039,25.5,1499,Vine Whip,Power Whip,Crunch,7,6,5,75000
Floatzel,39.2,419,water,none,143.8,81.7,133,1563742,22.5,1500,Waterfall,Aqua Jet,Swift,4,4,3,50000
Latios,39.2,381,dragon,psychic,139.4,112.9,102,1605573,14.5,1497,Dragon Breath,Aura Sphere,Luster Purge*,10,15,20,100000
Oricorio (Baile),39.2,741,fire,flying,130.9,102.1,128,1710403,24,1497,Air Slash,Air Cutter,Aerial Ace,4,5,3,75000
Sliggoo,39.2,705,dragon,none,114.2,133.8,128,1955692,27.5,1499,Water Gun,Dragon Pulse,Water Pulse,19,17,5,75000
Gabite (Shadow),38.9,444,dragon,ground,128.8,102.4,132,1741329,30,1499,Mud Shot,Twister,Dig,5,6,5,75000
Mamoswine (Shadow),38.9,473,ice,ground,136.2,87.4,138,1642085,16.5,1500,Powder Snow,Icicle Spear,Stone Edge,5,7,3,50000
Misdreavus,38.9,200,ghost,none,123,120.9,122,1813865,29,1495,Psywave,Shadow Sneak,Dark Pulse,13,13,3,50000
Roggenrola (Shadow),38.9,524,rock,none,114.3,105,135,1620509,50,1362,Smack Down,Stone Edge,Rock Blast,7,5,3,50000
Tangela,38.9,114,grass,none,125.6,122.9,116,1790197,25,1500,Vine Whip,Grass Knot,Sludge Bomb,7,7,3,50000
Exeggutor (Alolan) (Shadow),38.7,103,grass,dragon,134.4,94.8,131,1669766,18.5,1498,Dragon Tail,Seed Bomb,Draco Meteor*,4,6,3,50000
Garchomp (Shadow),38.7,445,dragon,ground,132.5,101.5,126,1693583,14,1500,Dragon Tail,Twister,Sand Tomb,4,4,5,75000
Sneasel (Hisuian) (Shadow),38.7,215,fighting,poison,134,111.8,111,1661900,27,1497,Poison Jab,Close Combat,X-Scissor,7,6,3,50000
Beheeyem,38.5,606,psychic,none,134.4,105.7,117,1662923,20,1495,Confusion,Rock Slide,Dark Pulse,4,4,3,50000
Bewear (Shadow),38.5,760,normal,fighting,129.6,87.2,153,1729276,17.5,1497,Shadow Claw,Superpower,Stomp,5,5,1,10000
Drifloon (Shadow),38.5,425,ghost,flying,110.9,79.8,186,1646946,50,1353,Hex,Shadow Ball,Icy Wind,4,4,5,75000
Fraxure,38.5,611,dragon,none,144.3,91.5,118,1557842,25,1500,Dragon Tail,Aqua Tail,Night Slash,3,3,5,75000
Galvantula (Shadow),38.5,596,bug,electric,138.3,96.5,122,1627493,25.5,1500,Volt Switch,Discharge,Lunge,3,3,3,50000
Grapploct,38.5,853,fighting,none,130.4,107.1,123,1718101,21,1500,Waterfall,Superpower,Ice Punch,4,4,3,50000
Mr. Rime,38.5,866,ice,psychic,127.4,114.4,120,1749749,19.5,1495,Confusion,Icy Wind,Psychic,4,4,5,75000
Pawmo,38.5,922,electric,fighting,136.1,81.5,142,1575592,50,1468,Thunder Shock,Wild Charge,Thunder Punch,5,5,3,75000
Rotom (Fan),38.5,479,electric,flying,128.8,144.9,93,1736642,21.5,1500,Astonish,Thunderbolt,Ominous Wind,6,5,5,75000
Chespin,38.2,650,grass,none,105,101.7,136,1452456,50,1239,Vine Whip,Body Slam,Seed Bomb,5,5,3,10000
Gallade (Shadow),38.2,475,psychic,fighting,136.6,115.6,104,1642368,18,1499,Psycho Cut,Close Combat,Leaf Blade,5,4,5,75000
Roggenrola,38.2,524,rock,none,114.3,105,135,1620509,50,1362,Smack Down,Stone Edge,Rock Blast,7,5,3,50000
Whirlipede,38.2,544,bug,poison,96.6,158,113,1725055,50,1293,Poison Sting,Sludge Bomb,Gyro Ball,6,6,1,10000
Drowzee (Shadow),38,96,psychic,none,87.4,126.9,142,1574590,50,1176,Confusion,Psyshock,Psychic,3,4,3,50000
Lampent (Shadow),38,608,ghost,fire,132.5,99,129,1692369,35,1500,Ember,Heat Wave,Energy Ball,5,7,5,75000
Oricorio (Sensu),38,741,ghost,flying,130.9,102.1,128,1710403,24,1497,Air Slash,Air Cutter,Aerial Ace,4,5,3,75000
Poliwhirl (Shadow),38,61,water,none,114.3,116,148,1961320,50,1500,Bubble,Scald*,Mud Bomb,5,5,3,50000
Ursaring,38,217,normal,none,139.6,91.4,126,1607158,18.5,1500,Shadow Claw,Close Combat,Swift,6,5,3,50000
Cloyster (Shadow),37.7,91,water,ice,119,169.8,93,1879927,22,1498,Ice Shard,Icy Wind,Liquidation,5,5,3,50000
Combusken (Shadow),37.7,256,fire,fighting,130.4,100.9,131,1723138,37.5,1499,Ember,Rock Slide,Flame Charge,5,6,3,10000
Dugtrio,37.7,51,ground,none,136.8,120.1,100,1642734,41,1500,Sucker Punch,Mud Bomb,Stone Edge,7,8,3,50000
Emboar,37.7,500,fire,fighting,137.9,80.4,147,1630577,18.5,1499,Ember,Blast Burn*,Heat Wave,6,5,3,10000
Growlithe (Hisuian),37.7,58,fire,rock,131.9,89.9,142,1684382,50,1495,Ember,Rock Slide,Flamethrower,5,7,3,50000
Moltres,37.7,146,fire,flying,136.8,103.7,115,1630791,16,1499,Wing Attack,Fly,Heat Wave,6,6,20,100000
Nidorino,37.7,33,poison,none,123.3,104.3,141,1813973,47.5,1498,Poison Sting,Sludge Bomb,Dig,6,6,3,50000
Scolipede (Shadow),37.7,545,bug,poison,131.8,120.4,107,1697847,22.5,1496,Poison Sting,Aqua Tail,X-Scissor,4,5,1,10000
Elgyem,37.5,605,psychic,none,133.7,95.5,132,1684875,48,1500,Confusion,Dark Pulse,Psychic,4,4,3,50000
Quaquaval,37.5,914,water,fighting,137.7,98.6,120,1629772,18,1499,Wing Attack,Close Combat,Hydro Cannon*,6,5,3,10000
Sirfetch'd,37.5,865,fighting,none,144.8,108,99,1548382,18.5,1500,Fury Cutter,Leaf Blade,Close Combat,9,12,3,50000
Skorupi (Shadow),37.5,451,poison,bug,90.8,139.5,113,1430471,50,1141,Poison Sting,Aqua Tail,Cross Poison,4,4,5,75000
Thundurus (Incarnate) (Shadow),37.5,642,electric,flying,148.1,95.5,107,1513826,16.5,1500,Thunder Shock,Thunder Punch,Brick Break,5,5,20,100000
Vikavolt,37.5,738,bug,electric,144.2,96.7,111,1547210,17.5,1494,Volt Switch*,X-Scissor,Fly,3,3,1,10000
Beedrill (Shadow),37.3,15,bug,poison,127.1,106.5,130,1760459,30.5,1500,Poison Sting,X-Scissor,Drill Run*,5,5,1,10000
Magneton (Shadow),37.3,82,electric,steel,143.5,114.7,95,1562951,22,1499,Thunder Shock,Discharge,Magnet Bomb,5,5,3,50000
Rampardos,37.3,409,rock,none,162.2,67.3,126,1375562,16.5,1496,Smack Down,Rock Slide,Flamethrower,6,7,5,75000
Salamence (Shadow),37.3,373,dragon,flying,143.5,93.1,117,1562473,14.5,1497,Dragon Tail,Fly,Brutal Swing,4,3,5,75000
Stoutland,37.3,508,normal,none,123.9,116.2,125,1799428,19.5,1496,Sand Attack,Wild Charge,Crunch,12,12,1,10000
Trapinch (Shadow),37.3,328,ground,none,148.7,78.1,120,1394782,50,1441,Sand Attack,Sand Tomb,Crunch,10,12,5,75000
Growlithe (Shadow),37,58,fire,none,126.9,90.8,135,1554545,50,1405,Ember,Flame Wheel,Body Slam,5,4,3,50000
Kartana,37,798,grass,steel,169.2,99.3,79,1327757,15,1500,Fury Cutter,Leaf Blade,Sacred Sword,9,9,20,100000
Metagross (Shadow),37,376,steel,psychic,132.8,122.1,104,1685821,14.5,1498,Shadow Claw*,Meteor Mash*,Earthquake,6,9,5,75000
Starmie (Shadow),37,121,water,psychic,133.2,122,104,1689998,21.5,1500,Psywave,Surf,Power Gem,12,13,3,50000
Duraludon,36.8,884,steel,dragon,137.7,112.2,105,1622747,18,1497,Dragon Tail,Dragon Claw,Flash Cannon,5,6,5,75000
Popplio,36.8,728,water,none,113.4,99.2,127,1428526,50,1276,Water Gun,Aqua Tail,Aqua Jet,12,14,3,10000
Tranquill (Shadow),36.8,520,normal,flying,124,102.2,143,1812350,49.5,1500,Air Slash,Heat Wave,Aerial Ace,5,5,1,10000
Weepinbell,36.8,70,grass,poison,137.9,84.8,139,1626595,40.5,1500,Acid,Power Whip,Seed Bomb,7,5,3,50000
Ambipom,36.6,424,normal,none,133.9,100.6,124,1669988,23,1500,Astonish,Aerial Ace,Return<sup>†</sup>,5,7,3,50000
Ambipom (Shadow),36.6,424,normal,none,133.9,100.6,124,1669988,23,1500,Astonish,Aerial Ace,Low Sweep,5,4,3,50000
Dugtrio (Shadow),36.6,51,ground,none,136.8,120.1,100,1642734,41,1500,Sucker Punch,Mud Bomb,Stone Edge,7,8,3,50000
Frosmoth,36.6,873,ice,bug,141.5,101,111,1586766,20.5,1500,Powder Snow,Icy Wind,Bug Buzz,6,8,5,75000
Luxray,36.6,405,electric,none,138,99,119,1625573,19,1500,Spark,Wild Charge,Psychic Fangs*,7,5,5,75000
Staravia,36.6,397,normal,flying,131.9,91.6,135,1631281,50,1468,Wing Attack,Brave Bird,Fly,7,6,1,10000
Ursaluna (Shadow),36.6,901,ground,normal,125.6,98.7,144,1785614,14.5,1500,Tackle,Swift,High Horsepower*,12,20,3,50000
Kabuto,36.3,140,rock,water,134.5,129.5,96,1671529,49,1499,Mud Shot,Aqua Jet,Rock Tomb,5,6,5,75000
Prinplup (Shadow),36.1,394,water,none,118.6,117.1,136,1888948,36.5,1498,Bubble,Icy Wind,Hydro Pump,5,7,3,10000
Xatu (Shadow),36.1,178,psychic,flying,132.2,107.9,119,1698214,25.5,1500,Peck,Psyshock,Aerial Ace,5,6,3,50000
Frigibax,35.8,996,dragon,ice,125.2,84.9,149,1583298,50,1410,Dragon Breath,Avalanche,Dragon Claw,12,13,5,75000
Hitmonlee (Shadow),35.8,106,fighting,none,141.8,118.9,94,1585670,21.5,1500,Low Kick,Blaze Kick,Brick Break*,5,5,5,75000
Lycanroc (Midnight),35.8,745,rock,none,132.6,99.8,127,1680365,20,1494,Counter,Stone Edge,Trailblaze,10,8,5,50000
Magmortar,35.8,467,fire,none,140.8,104.5,108,1589375,17.5,1498,Karate Chop,Fire Punch,Thunderbolt*,5,7,5,75000
Porygon (Shadow),35.8,137,normal,none,120,115.4,135,1870465,35.5,1500,Tackle*,Discharge*,Signal Beam*,14,19,3,50000
Snover,35.8,459,grass,ice,109.2,100.8,142,1564162,50,1311,Powder Snow,Ice Beam,Energy Ball,7,7,3,50000
Stufful (Shadow),35.8,759,normal,fighting,124.8,92.2,156,1794685,49.5,1499,Tackle,Superpower,Stomp,14,14,1,10000
Tyrunt (Shadow),35.8,696,rock,dragon,126.6,107.9,129,1762642,38.5,1498,Dragon Tail,Rock Tomb,Stomp,5,4,5,75000
Beartic,35.6,614,ice,none,135.5,94.1,130,1656683,18,1500,Powder Snow,Ice Punch,Liquidation,5,6,3,50000
Glalie (Shadow),35.6,362,ice,none,115.2,120.8,140,1948427,27,1499,Rollout,Avalanche,Shadow Ball,4,4,3,50000
Gloom (Shadow),35.6,44,grass,poison,121.4,116,131,1844296,37,1498,Acid,Sludge Bomb,Moonblast,7,8,3,50000
Hoopa,35.6,720,psychic,ghost,144.8,106.3,99,1524461,16,1488,Confusion,Shadow Ball,Psychic,4,4,20,100000
Latios (Shadow),35.6,381,dragon,psychic,140.5,113,99,1570884,14,1488,Dragon Breath,Aura Sphere,Luster Purge*,10,15,20,100000
Lilligant (Hisuian),35.6,549,grass,fighting,133.5,107.8,117,1682787,22,1499,Bullet Seed,Upper Hand,Petal Blizzard,4,5,1,10000
Masquerain,35.6,284,bug,flying,129.6,109.1,122,1725007,24.5,1497,Air Slash,Air Cutter,Lunge,4,5,1,10000
Simisage,35.6,512,grass,none,136,95.8,126,1642252,23.5,1496,Vine Whip,Grass Knot,Crunch,7,6,3,50000
Honchkrow (Shadow),35.4,430,dark,flying,150,68.9,145,1499623,20.5,1500,Peck,Brave Bird,Dark Pulse,7,7,3,50000
Jolteon,35.4,135,electric,none,137.4,114.7,103,1623594,19,1498,Thunder Shock,Discharge,Last Resort*,5,7,5,75000
Lombre,35.4,271,water,grass,106.7,112.6,142,1706340,50,1353,Bubble,Scald,Grass Knot,5,5,3,50000
Magmar (Shadow),35.4,126,fire,none,135.2,107.6,114,1658602,23,1497,Ember,Fire Punch,Scorching Sands,5,6,5,75000
Misdreavus (Shadow),35.4,200,ghost,none,123,120.9,122,1813865,29,1495,Psywave,Shadow Sneak,Dark Pulse,13,13,3,50000
Omastar,35.4,139,rock,water,126.6,128.4,109,1773092,20,1500,Mud Shot,Rock Slide*,Hydro Pump,5,9,5,75000
Shaymin (Sky),35.4,492,grass,flying,139.4,94.1,123,1613915,15.5,1500,Magical Leaf,Grass Knot,Energy Ball,5,6,20,100000
Drakloak,35.1,886,dragon,ghost,130.4,93.1,142,1724150,37.5,1499,Dragon Tail,Shadow Ball,Outrage,5,5,5,75000
Ninjask,35.1,291,bug,flying,144.8,88.4,121,1549131,28.5,1499,Fury Cutter,Shadow Ball,Aerial Ace,13,12,5,75000
Pinsir,35.1,127,bug,none,139.6,112.6,102,1603789,18.5,1498,Fury Cutter,Close Combat,X-Scissor,12,10,5,75000
Totodile (Shadow),35.1,158,water,none,110.9,104.2,127,1467804,50,1279,Water Gun,Aqua Jet,Crunch,14,15,3,10000
Boldore,34.9,525,rock,none,124.4,109.6,132,1799347,28,1497,Mud Slap,Rock Slide,Bulldoze,5,5,3,50000
Gigalith (Shadow),34.9,526,rock,none,127.2,118.4,117,1762839,17,1499,Mud Slap,Meteor Beam*,Rock Slide,6,5,3,50000
Persian (Shadow),34.9,53,normal,none,118.6,116.3,137,1890318,36.5,1498,Feint Attack,Night Slash*,Power Gem,6,9,3,50000
Raikou (Shadow),34.9,243,electric,none,133.6,109.9,113,1659339,15.5,1489,Thunder Shock,Wild Charge,Aura Sphere,5,5,20,100000
Sneasel,34.9,215,dark,ice,134,111.8,111,1661900,27,1497,Ice Shard,Avalanche,Foul Play,5,4,3,50000
Sneasel (Shadow),34.9,215,dark,ice,134,111.8,111,1661900,27,1497,Ice Shard,Avalanche,Foul Play,5,4,3,50000
Snover (Shadow),34.9,459,grass,ice,109.2,100.8,142,1564162,50,1311,Powder Snow,Ice Beam,Energy Ball,7,7,3,50000
Vikavolt (Shadow),34.9,738,bug,electric,144.2,96.7,111,1547210,17.5,1494,Volt Switch*,X-Scissor,Discharge,3,3,1,10000
Zangoose,34.9,335,normal,none,144.8,87.8,122,1550367,23,1500,Fury Cutter,Close Combat,Night Slash,12,9,3,50000
Axew,34.6,610,dragon,none,138.7,96.1,121,1611671,49,1495,Scratch,Aqua Tail,Dragon Claw,18,25,5,75000
Boldore (Shadow),34.6,525,rock,none,125.4,109.3,131,1795223,27.5,1500,Mud Slap,Rock Slide,Bulldoze,5,5,3,50000
Bulbasaur,34.6,1,grass,poison,111.8,105.9,120,1419947,50,1260,Vine Whip,Power Whip,Seed Bomb,7,5,3,10000
Garbodor,34.6,569,poison,none,121.1,115.9,132,1852920,23.5,1498,Infestation,Body Slam,Seed Bomb,3,4,3,50000
Inteleon,34.6,818,water,none,153.4,89.1,107,1461879,18.5,1500,Water Gun,Surf,Shadow Ball,15,17,3,10000
Purugly,34.6,432,normal,none,125.5,105.5,134,1775269,28.5,1493,Shadow Claw,Aerial Ace,Thunder,6,8,3,50000
Swellow,34.6,277,normal,flying,136,100,121,1645136,29,1499,Wing Attack,Brave Bird,Aerial Ace,7,6,1,10000
Varoom,34.6,965,steel,poison,116,102.5,120,1426556,50,1287,Metal Sound,Gyro Ball,Gunk Shot,7,10,3,50000
Armaldo,34.4,348,rock,bug,133.9,109.1,115,1680484,19.5,1500,Fury Cutter,Rock Blast,Liquidation,10,12,3,50000
Honchkrow,34.4,430,dark,flying,150,68.9,145,1499623,20.5,1500,Peck,Brave Bird,Dark Pulse,7,7,3,50000
Roselia,34.4,315,grass,poison,138.6,105.9,110,1614895,29.5,1497,Poison Jab,Sludge Bomb,Petal Blizzard,8,10,3,50000
Totodile,34.4,158,water,none,110.9,104.2,127,1467804,50,1279,Water Gun,Aqua Jet,Crunch,14,15,3,10000
Vileplume,34.4,45,grass,poison,128.8,112.7,120,1742867,21.5,1499,Acid,Sludge Bomb,Petal Blizzard,7,9,3,50000
Arbok (Shadow),34.2,24,poison,none,123.7,120.1,122,1813613,29,1499,Acid,Dark Pulse,Sludge Wave,7,9,3,50000
Clauncher,34.2,692,water,none,103.4,110.9,127,1455967,50,1230,Water Gun,Aqua Jet,Crabhammer,14,17,3,50000
Mr. Mime (Galarian),34.2,122,ice,psychic,130.5,127,104,1724015,27,1500,Confusion,Ice Punch,Triple Axel,3,4,5,75000
Rotom (Mow),34.2,479,electric,grass,128.8,144.9,93,1736642,21.5,1500,Thunder Shock,Ominous Wind,Leaf Storm,5,7,5,75000
Snubbull (Shadow),34.2,209,fairy,none,127.7,84,142,1524055,50,1399,Tackle,Brick Break,Crunch,14,15,3,50000
Espeon,33.9,196,psychic,none,148.1,105.6,97,1517189,17.5,1500,Confusion,Psychic Fangs,Shadow Ball*,3,4,5,75000
Gengar (Shadow),33.9,94,ghost,poison,154.3,95.5,98,1444036,19,1495,Shadow Claw,Shadow Punch*,Shadow Ball,5,7,3,50000
Teddiursa,33.9,216,normal,none,131.5,90.5,142,1690038,49.5,1493,Lick,Swift,Cross Chop,12,12,3,50000
Butterfree (Shadow),33.7,12,bug,flying,126.7,112.6,124,1768668,31.5,1499,Confusion,Bug Buzz,Signal Beam,5,4,1,10000
Gengar,33.7,94,ghost,poison,154.3,95.5,98,1444036,19,1495,Shadow Claw,Shadow Punch*,Shadow Ball,5,7,3,50000
Naganadel,33.7,804,poison,dragon,149.8,95.6,105,1502729,17.5,1500,Poison Jab,Dragon Claw,Sludge Bomb,8,8,20,100000
Weezing (Shadow),33.7,110,poison,none,117.7,139.5,116,1904809,24.5,1499,Rollout,Sludge Bomb,Shadow Ball,4,4,3,50000
Aerodactyl,33.4,142,rock,flying,134.4,103.4,120,1667018,20,1497,Dragon Breath,Rock Slide,Earth Power,12,14,5,75000
Gigalith,33.4,526,rock,none,127.2,118.4,117,1762839,17,1499,Mud Slap,Superpower,Meteor Beam*,4,6,3,50000
Ponyta (Shadow),33.4,77,fire,none,133.5,108.2,116,1675972,36,1500,Ember,Flame Wheel,Stomp,5,5,3,50000
Regieleki,33.4,894,electric,none,149.8,82.6,119,1472474,19.5,1489,Volt Switch,Thunder Cage*,Hyper Beam,3,5,20,100000
Tyrantrum (Shadow),33.4,697,rock,dragon,129.1,115.1,116,1723842,17.5,1493,Dragon Tail,Crunch,Rock Tomb,4,5,5,75000
Baxcalibur,33.2,998,dragon,ice,135.7,95.7,127,1649572,15.5,1500,Dragon Breath,Avalanche,Dragon Claw,12,13,5,75000
Eevee,33.2,133,normal,none,100,108.4,135,1463320,50,1210,Quick Attack,Body Slam*,Dig,5,7,5,75000
Excadrill (Shadow),33.2,530,ground,steel,142.7,78.8,140,1573041,17,1500,Mud Shot,Drill Run,Rock Slide,5,5,3,50000
Mienfoo,33.2,619,fighting,none,142.8,93.3,118,1571195,47,1497,Low Kick,Brick Break,High Jump Kick*,5,7,3,50000
Oricorio (Pa'u),33.2,741,psychic,flying,130.9,102.1,128,1710403,24,1497,Air Slash,Air Cutter,Aerial Ace,4,5,3,75000
Sigilyph,33.2,561,psychic,flying,130.1,112.1,118,1720791,21.5,1498,Air Slash,Air Cutter,Ancient Power,4,5,5,75000
Unfezant (Shadow),33.2,521,normal,flying,138.6,95.6,122,1616212,20,1499,Air Slash,Heat Wave,Sky Attack,5,6,1,10000
Braviary (Hisuian),33,628,psychic,flying,128.6,89.7,151,1741069,19.5,1496,Air Slash,Brave Bird,Fly,7,5,5,75000
Kadabra,33,64,psychic,none,163.8,90.9,92,1370471,27,1500,Confusion,Shadow Ball,Dazzling Gleam,4,4,3,50000
Pinsir (Shadow),33,127,bug,none,139.6,112.6,102,1603789,18.5,1498,Fury Cutter,Close Combat,X-Scissor,12,10,5,75000
Skiddo,33,672,grass,none,116,98.3,151,1721514,50,1414,Rock Smash,Seed Bomb,Brick Break,6,6,3,50000
Weepinbell (Shadow),33,70,grass,poison,139.4,82.7,140,1613476,39.5,1500,Acid,Power Whip,Seed Bomb,7,5,3,50000
Braviary,32.7,628,normal,flying,133.8,92.9,135,1678339,18,1500,Air Slash,Fly,Close Combat,5,5,5,75000
Oddish (Shadow),32.7,43,grass,poison,122.7,106.7,120,1571110,50,1389,Acid,Seed Bomb,Sludge Bomb,5,7,3,50000
Tangela (Shadow),32.7,114,grass,none,125.6,122.9,116,1790197,25,1500,Vine Whip,Grass Knot,Sludge Bomb,7,7,3,50000
Watchog,32.7,505,normal,none,125.2,114.1,125,1785264,31.5,1500,Low Kick,Crunch,Grass Knot,6,7,1,10000
Electabuzz (Shadow),32.5,125,electric,none,132.2,112.6,114,1696362,24,1500,Thunder Shock,Thunder Punch,Thunderbolt,5,7,5,75000
Flareon,32.5,136,fire,none,142.3,110,100,1564103,18,1498,Ember,Superpower*,Heat Wave*,5,5,5,75000
Hatterene,32.5,858,psychic,fairy,142.2,115,96,1569863,19.5,1499,Psycho Cut,Psyshock,Power Whip,5,6,5,50000
Haunter (Shadow),32.5,93,ghost,poison,161.2,85.5,101,1392317,28,1498,Shadow Claw,Ice Punch,Shadow Ball,5,7,3,50000
Zygarde (10% Forme),32.5,718,dragon,ground,138.1,119.1,98,1612643,22.5,1494,Dragon Tail,Crunch,Earthquake,4,6,20,100000
Butterfree,32.2,12,bug,flying,126.7,112.6,124,1768668,31.5,1499,Confusion,Bug Buzz,Signal Beam,5,4,1,10000
Wugtrio,32.2,961,water,none,151.1,108.6,90,1476993,29,1499,Mud Slap,Liquidation,Surf,5,5,3,50000
Chespin (Shadow),32,650,grass,none,105,101.7,136,1452456,50,1239,Vine Whip,Body Slam,Seed Bomb,5,5,3,10000
Dottler,32,825,bug,psychic,85.7,144.5,127,1573262,50,1164,Confusion,Bug Buzz,Psychic,5,4,1,10000
Electivire,32,466,electric,none,143.4,100.9,108,1562263,18,1498,Thunder Shock,Ice Punch,Wild Charge,5,5,5,75000
Ponyta (Galarian),32,77,psychic,none,133.5,108.2,116,1675972,36,1500,Psycho Cut,Swift,Play Rough,4,7,3,50000
Tornadus (Incarnate) (Shadow),32,641,flying,none,148.1,95.5,107,1513826,16.5,1500,Air Slash,Grass Knot,Hurricane,6,8,20,100000
Whirlipede (Shadow),32,544,bug,poison,96.6,158,113,1725055,50,1293,Poison Sting,Sludge Bomb,Gyro Ball,6,6,1,10000
Yanma,32,193,bug,flying,130.8,89.7,146,1713046,46.5,1499,Wing Attack,Aerial Ace,Silver Wind,6,6,3,50000
Lycanroc (Dusk),31.8,745,rock,none,144.6,92,117,1556153,20,1500,Sucker Punch,Stone Edge,Trailblaze,8,7,5,50000
Turtwig,31.8,387,grass,none,112.6,105,135,1596678,50,1342,Tackle,Body Slam,Seed Bomb,12,14,3,10000
Ferroseed,31.5,597,grass,steel,81.5,142.9,119,1385595,50,1064,Metal Claw,Gyro Ball,Return<sup>†</sup>,8,10,3,75000
Grovyle (Shadow),31.5,253,grass,none,136.3,103.2,117,1646572,36.5,1498,Bullet Seed,Leaf Blade,Aerial Ace,3,4,3,10000
Stantler,31.5,234,normal,none,132.1,99.5,129,1695309,26,1499,Tackle,Wild Charge,Stomp,15,14,3,50000
Ursaring (Shadow),31.5,217,normal,none,139.6,91.4,126,1607158,18.5,1500,Shadow Claw,Close Combat,Swift,6,5,3,50000
Armaldo (Shadow),31.3,348,rock,bug,133.9,109.1,115,1680484,19.5,1500,Fury Cutter,Rock Blast,Liquidation,10,12,3,50000
Azelf,31.3,482,psychic,none,152.6,90.3,106,1460851,17,1495,Confusion,Swift,Future Sight,3,5,20,100000
Teddiursa (Shadow),31.3,216,normal,none,131.5,90.5,142,1690038,49.5,1493,Lick,Swift,Cross Chop,12,12,3,50000
Typhlosion (Hisuian),31.3,157,fire,ghost,139.6,106.9,108,1611490,18.5,1500,Ember,Shadow Ball,Wild Charge,6,5,3,10000
Unfezant,31.3,521,normal,flying,138.6,95.6,122,1616212,20,1499,Air Slash,Heat Wave,Sky Attack,5,6,1,10000
Vileplume (Shadow),31.3,45,grass,poison,128.8,112.7,120,1742867,21.5,1499,Acid,Sludge Bomb,Moonblast,7,8,3,50000
Porygon2,31.1,233,normal,none,122.2,117.9,127,1829984,20.5,1498,Lock On,Tri Attack,Zap Cannon,10,16,3,50000
Banette (Shadow),30.8,354,ghost,none,145.9,91.6,115,1537675,24,1499,Shadow Claw,Shadow Ball,Dazzling Gleam,7,7,3,50000
Crabominable,30.8,740,fighting,ice,136.8,88.5,135,1634961,19,1499,Bubble,Ice Punch,Brick Break,4,4,3,50000
Gorebyss,30.8,368,water,none,136.2,121,100,1648806,22.5,1499,Confusion,Water Pulse,Psychic,4,4,3,50000
Illumise,30.8,314,bug,none,111.4,136.2,133,2018689,33.5,1500,Tackle,Silver Wind,Dazzling Gleam,15,19,3,50000
Mankey (Shadow),30.8,56,fighting,none,137,81.5,113,1261556,50,1317,Karate Chop,Cross Chop,Brick Break,4,5,3,50000
Haunter,30.6,93,ghost,poison,161.2,85.5,101,1392317,28,1498,Shadow Claw,Shadow Punch,Ice Punch,5,5,3,50000
Jynx,30.6,124,ice,psychic,141.2,102.2,110,1587668,21.5,1499,Confusion,Avalanche,Psyshock,4,3,5,75000
Zapdos (Shadow),30.6,145,electric,flying,138.1,103.5,112,1601039,15,1489,Thunder Shock*,Drill Peck,Heat Wave,5,5,20,100000
Omanyte (Shadow),30.3,138,rock,water,128,135.3,101,1749618,43,1500,Mud Shot,Rock Tomb*,Rock Blast,6,5,5,75000
Sneasler,30.3,903,fighting,poison,145.4,94.7,112,1542861,17,1500,Shadow Claw,Close Combat,X-Scissor,6,5,5,75000
Rotom (Heat),30.1,479,electric,fire,128.8,144.9,93,1736642,21.5,1500,Thunder Shock,Overheat,Thunderbolt,7,7,5,75000
Sunflora,30.1,192,grass,none,128.7,102.2,132,1736327,26,1499,Bullet Seed,Leaf Storm,Sludge Bomb,5,4,3,50000
Vanilluxe,30.1,584,ice,none,131.5,117.4,110,1698594,19.5,1500,Astonish,Avalanche*,Flash Cannon,5,7,3,50000
Moltres (Shadow),29.9,146,fire,flying,139.9,102,112,1598740,15.5,1499,Wing Attack,Fly,Heat Wave,6,6,20,100000
Purugly (Shadow),29.9,432,normal,none,125.5,105.5,134,1775269,28.5,1493,Shadow Claw,Aerial Ace,Thunder,6,8,3,50000
Rayquaza,29.9,384,dragon,flying,147.5,89.5,115,1518920,14.5,1500,Dragon Tail,Breaking Swipe*,Dragon Ascent*,5,6,20,100000
Staravia (Shadow),29.9,397,normal,flying,131.9,91.6,135,1631281,50,1468,Wing Attack,Brave Bird,Fly,7,6,1,10000
Aerodactyl (Shadow),29.6,142,rock,flying,134.4,103.4,120,1667018,20,1497,Dragon Breath,Rock Slide,Earth Power,12,14,5,75000
Chinchou,29.6,170,water,electric,101.7,94.1,164,1569336,50,1265,Bubble,Water Pulse,Thunderbolt,5,5,3,50000
Luxio,29.6,404,electric,none,133.3,91.1,139,1686895,47.5,1499,Spark,Wild Charge,Crunch,7,7,5,75000
Lycanroc (Midday),29.6,745,rock,none,142.7,93.1,118,1568817,20.5,1499,Sucker Punch,Stone Edge,Drill Run,8,7,5,50000
Yanmega,29.6,469,bug,flying,136.8,96.1,125,1643327,19,1500,Wing Attack,Aerial Ace,Ancient Power,6,6,3,50000
Kilowattrel,29.4,941,electric,flying,143.2,92.5,118,1563295,22.5,1499,Thunder Shock,Acrobatics,Aerial Ace,7,5,1,10000
Kleavor,29.4,900,bug,rock,143.6,104.5,104,1560876,17.5,1500,Fury Cutter,X-Scissor,Rock Slide,10,12,5,75000
Smoochum,29.4,238,ice,psychic,141.2,89.1,120,1508916,50,1460,Powder Snow,Psyshock,Ice Punch,5,5,5,10000
Tornadus (Incarnate),29.4,641,flying,none,148.1,95.5,107,1513826,16.5,1500,Air Slash,Grass Knot,Hurricane,6,8,20,100000
Dragapult,29.1,887,dragon,ghost,142.5,96.2,115,1577592,15.5,1500,Dragon Tail,Shadow Ball,Outrage,5,5,5,75000
Stantler (Shadow),29.1,234,normal,none,133.6,98.5,128,1683827,25.5,1500,Tackle,Wild Charge,Stomp,15,14,3,50000
Staraptor,29.1,398,normal,flying,140.4,90.8,125,1594214,19.5,1496,Wing Attack,Fly,Close Combat,6,6,1,10000
Zoroark (Hisuian),29.1,571,normal,ghost,163.4,87.5,96,1373550,21,1499,Shadow Claw,Shadow Ball,Foul Play,7,5,5,75000
Karrablast,28.9,588,bug,none,127.7,85.7,127,1390325,50,1336,Fury Cutter,Drill Run,X-Scissor,12,10,3,50000
Musharna,28.9,518,psychic,none,113.1,108.9,161,1982428,20.5,1499,Charge Beam,Psyshock,Dazzling Gleam,4,5,3,50000
Rotom (Wash),28.9,479,electric,water,128.8,144.9,93,1736642,21.5,1500,Thunder Shock,Thunderbolt,Hydro Pump,7,9,5,75000
Garbodor (Shadow),28.7,569,poison,none,121.1,115.9,132,1852920,23.5,1498,Infestation,Body Slam,Seed Bomb,3,4,3,50000
Glaceon,28.7,471,ice,none,135.8,122.4,99,1645303,17.5,1498,Ice Shard,Avalanche,Water Pulse*,5,5,5,75000
Mismagius,28.7,429,ghost,none,131.6,123.7,104,1692580,21,1493,Hex,Shadow Ball,Dazzling Gleam,4,5,3,50000
Swellow (Shadow),28.7,277,normal,flying,136,100,121,1645136,29,1499,Wing Attack,Brave Bird,Sky Attack,7,7,1,10000
Volbeat,28.7,313,bug,none,111.4,136.2,133,2018689,33.5,1500,Tackle,Thunderbolt,Bug Buzz,19,20,3,50000
Zebstrika,28.7,523,electric,none,137.7,95.5,124,1630392,23,1500,Low Kick,Wild Charge,Flame Charge,6,7,3,50000
Banette,28.4,354,ghost,none,145.3,92.3,115,1541714,24,1497,Shadow Claw,Shadow Ball,Dazzling Gleam,7,7,3,50000
Flaaffy (Shadow),28.4,180,electric,none,121.5,100.5,151,1844088,44,1499,Charge Beam,Discharge,Trailblaze,4,5,5,75000
Landorus (Incarnate),28.4,645,ground,flying,140.2,100.9,113,1598546,15,1499,Mud Shot,Rock Slide,Earth Power,5,7,20,100000
Articuno (Galarian),28.2,144,psychic,flying,134.1,111,112,1666929,15.5,1495,Psycho Cut,Fly,Brave Bird,5,7,20,100000
Frogadier (Shadow),28.2,657,water,none,134.5,100.9,123,1668029,38.5,1500,Bubble,Surf,Aerial Ace,5,5,3,10000
Koffing,28.2,109,poison,none,112.6,131.1,113,1667925,50,1373,Infestation,Sludge,Dark Pulse,4,5,3,50000
Staraptor (Shadow),28.2,398,normal,flying,140.4,90.8,125,1594214,19.5,1496,Wing Attack,Fly,Close Combat,6,6,1,10000
Kabutops,27.9,141,rock,water,135.5,119.8,102,1654897,20.5,1498,Fury Cutter*,Stone Edge,Water Pulse,14,13,5,75000
Nidorino (Shadow),27.9,33,poison,none,123.3,104.3,141,1813973,47.5,1498,Poison Sting,Sludge Bomb,Dig,6,6,3,50000
Turtwig (Shadow),27.9,387,grass,none,112.6,105,135,1596678,50,1342,Tackle,Body Slam,Seed Bomb,12,14,3,10000
Cherrim (Overcast),27.7,421,grass,none,121.9,116.3,130,1842766,27.5,1500,Bullet Seed,Dazzling Gleam,Solar Beam,5,7,1,10000
Clobbopus,27.7,852,fighting,none,114.3,99.2,127,1439108,50,1286,Rock Smash,Superpower,Ice Punch,6,6,3,50000
Frogadier,27.7,657,water,none,134.5,100.9,123,1668029,38.5,1500,Bubble,Surf,Aerial Ace,5,5,3,10000
Karrablast (Shadow),27.7,588,bug,none,127.7,85.7,127,1390325,50,1336,Fury Cutter,Drill Run,X-Scissor,12,10,3,50000
Omastar (Shadow),27.7,139,rock,water,126.6,128.4,109,1773092,20,1500,Mud Shot,Rock Slide*,Hydro Pump,5,9,5,75000
Magmortar (Shadow),27.2,467,fire,none,140.8,104.5,108,1589375,17.5,1498,Karate Chop,Fire Punch,Thunderbolt*,5,7,5,75000
Seadra,27.2,117,water,none,131.3,117.6,110,1699030,26.5,1494,Dragon Breath,Hydro Pump,Dragon Pulse,19,14,3,50000
Blaziken (Shadow),27,257,fire,fighting,143.9,90.8,119,1555953,19.5,1497,Ember,Aura Sphere,Blast Burn*,5,6,3,10000
Crabrawler,27,739,fighting,none,135.7,98.9,123,1650391,49.5,1497,Bubble,Crabhammer,Power-Up Punch,5,4,3,50000
Ferroseed (Shadow),27,597,grass,steel,81.5,142.9,119,1385595,50,1064,Metal Claw,Gyro Ball,Iron Head,8,8,3,75000
Sneasler (Shadow),27,903,fighting,poison,145.4,94.7,112,1542861,17,1500,Shadow Claw,Close Combat,X-Scissor,6,5,5,75000
Spoink (Shadow),27,325,psychic,none,117.6,115.1,141,1909574,50,1499,Zen Headbutt,Shadow Ball,Mirror Coat,9,10,1,10000
Toxicroak (Shadow),27,454,poison,fighting,136.2,93.8,129,1648115,22.5,1499,Poison Sting,Dynamic Punch,Shadow Ball,5,6,3,50000
Seadra (Shadow),26.7,117,water,none,131.3,117.6,110,1699030,26.5,1494,Dragon Breath,Hydro Pump,Dragon Pulse,19,14,3,50000
Minun,26.5,312,electric,none,116.3,127.1,130,1921857,36.5,1496,Quick Attack,Thunderbolt,Grass Knot,7,7,3,50000
Raticate,26.5,20,normal,none,125.9,116.1,122,1783281,34.5,1499,Quick Attack,Hyper Fang,Dig,7,7,1,10000
Regigigas (Shadow),26.5,486,normal,none,140.3,102,110,1574364,12.5,1492,Hidden Power (Ice),Crush Grip*,Thunder,7,8,20,100000
Kabuto (Shadow),26.3,140,rock,water,134.5,129.5,96,1671529,49,1499,Mud Shot,Aqua Jet,Rock Tomb,5,6,5,75000
Luxio (Shadow),26.3,404,electric,none,133.7,90.2,139,1677029,46,1499,Spark,Wild Charge,Crunch,7,7,5,75000
Boltund,26,836,electric,none,136.9,95.4,126,1645126,26,1500,Spark,Crunch,Thunder,7,9,1,50000
Duosion (Shadow),26,578,psychic,none,149.2,82,123,1504319,27.5,1500,Hidden Power (Psychic),Psyshock,Night Shade,5,6,3,50000
Solosis (Shadow),26,577,psychic,none,152,81.9,118,1468468,49,1498,Hidden Power (Psychic),Psyshock,Night Shade,5,6,3,50000
Beautifly,25.8,267,bug,flying,144.7,84,127,1543209,33,1497,Infestation,Air Cutter,Silver Wind,3,4,1,10000
Bulbasaur (Shadow),25.8,1,grass,poison,111.8,105.9,120,1419947,50,1260,Vine Whip,Power Whip,Seed Bomb,7,5,3,10000
Indeedee (Female),25.8,876,psychic,normal,121.7,128.2,118,1842015,23.5,1500,Extrasensory,Energy Ball,Psychic,6,6,3,50000
Swirlix,25.8,684,fairy,none,104.2,112.6,145,1701231,50,1333,Tackle,Energy Ball,Draining Kiss,19,19,3,50000
Absol,25.5,359,dark,none,156.6,84,109,1433529,22,1498,Psycho Cut,Brutal Swing*,Megahorn,4,7,5,75000
Haxorus,25.5,612,dragon,none,151.5,95.2,103,1485200,15.5,1500,Dragon Tail,Breaking Swipe*,Surf,5,4,5,75000
Reuniclus,25.5,579,psychic,none,126.9,94.9,147,1771020,19,1500,Hidden Power (Fighting),Psyshock,Shadow Ball,5,7,3,50000
Maractus,25.3,556,grass,none,135.5,95.2,128,1652028,24.5,1498,Bullet Seed,Aerial Ace,Petal Blizzard,4,5,1,10000
Regigigas,25.3,486,normal,none,139.8,104.4,110,1605384,12.5,1498,Hidden Power (Ground),Crush Grip*,Thunder,7,8,20,100000
Spoink,25.3,325,psychic,none,117.6,115.1,141,1909574,50,1499,Zen Headbutt,Shadow Ball,Return<sup>†</sup>,9,12,1,10000
Piplup,25.1,393,water,none,106.7,98.3,131,1374452,50,1215,Bubble,Drill Peck,Icy Wind,4,5,3,10000
Ribombee,25.1,743,bug,fairy,136.3,105.9,114,1645225,25.5,1497,Fairy Wind,Dazzling Gleam,Bug Buzz,7,7,1,10000
Kabutops (Shadow),24.8,141,rock,water,135.5,119.8,102,1654897,20.5,1498,Fury Cutter*,Stone Edge,Water Pulse,14,13,5,75000
Kingler,24.8,99,water,none,144.5,115.6,93,1553975,19.5,1500,Bubble,Crabhammer,Vise Grip,5,4,3,50000
Watchog (Shadow),24.8,505,normal,none,125.2,114.1,125,1785264,31.5,1500,Low Kick,Crunch,Hyper Fang,6,7,1,10000
Bergmite,24.4,712,ice,none,110.9,113.4,135,1698675,50,1374,Tackle,Icy Wind,Crunch,15,15,3,50000
Groudon (Shadow),24.4,383,ground,none,133.9,116.6,104,1623378,13,1478,Mud Shot,Precipice Blades*,Fire Punch*,7,5,20,100000
Anorith (Shadow),24.1,347,rock,bug,145.4,92.1,115,1539881,43.5,1499,Struggle Bug,Aqua Jet,Cross Poison,5,5,3,50000
Emboar (Shadow),24.1,500,fire,fighting,137.9,80.4,147,1630577,18.5,1499,Ember,Blast Burn*,Heat Wave,6,5,3,10000
Regice (Shadow),24.1,378,ice,none,105.8,178.5,111,2094814,17,1493,Lock On,Blizzard,Thunder*,15,12,20,100000
Archen (Shadow),23.9,566,rock,flying,159.5,76.1,116,1408037,30,1500,Wing Attack,Ancient Power,Crunch,6,6,5,75000
Archeops (Shadow),23.9,567,rock,flying,160.6,81.9,106,1395055,16.5,1499,Wing Attack,Ancient Power,Crunch,6,6,5,75000
Krabby,23.6,98,water,none,148.1,111.2,92,1515235,42,1498,Bubble,Vise Grip,Razor Shell,4,4,3,50000
Zebstrika (Shadow),23.6,523,electric,none,137.7,95.5,124,1630392,23,1500,Low Kick,Wild Charge,Discharge,6,5,3,50000
Duosion,23.2,578,psychic,none,149.2,82,123,1504319,27.5,1500,Hidden Power (Psychic),Psyshock,Night Shade,5,6,3,50000
Houndour,23.2,228,dark,fire,140.3,82.3,120,1386732,50,1395,Ember,Crunch,Flamethrower,5,7,3,50000
Landorus (Incarnate) (Shadow),23.2,645,ground,flying,140.2,100.9,113,1598546,15,1499,Mud Shot,Rock Slide,Earth Power,5,7,20,100000
Corphish,22.4,341,water,none,131.1,95.8,117,1469211,50,1391,Bubble,Aqua Jet,Vise Grip,4,4,3,50000
Solosis,22.4,577,psychic,none,152,81.9,118,1468468,49,1498,Hidden Power (Psychic),Psyshock,Night Shade,5,6,3,50000
Zoroark,22.4,571,dark,none,157.3,88,103,1425304,21.5,1500,Shadow Claw,Foul Play,Sludge Bomb,5,7,5,75000
Corphish (Shadow),22.2,341,water,none,131.1,95.8,117,1469211,50,1391,Bubble,Aqua Jet,Vise Grip,4,4,3,50000
Anorith,22,347,rock,bug,145.4,92.1,115,1539881,43.5,1499,Struggle Bug,Aqua Jet,Ancient Power,5,6,3,50000
Indeedee (Male),22,876,psychic,normal,135,114.7,107,1656303,22.5,1495,Extrasensory,Shadow Ball,Psychic,5,6,3,50000
Archen,21.7,566,rock,flying,159.5,76.1,116,1408037,30,1500,Wing Attack,Ancient Power,Crunch,6,6,5,75000
Houndour (Shadow),21.7,228,dark,fire,140.3,82.3,120,1386732,50,1395,Ember,Crunch,Flamethrower,5,7,3,50000
Mismagius (Shadow),21.7,429,ghost,none,131.6,123.7,104,1692580,21,1493,Hex,Shadow Ball,Dazzling Gleam,4,5,3,50000
Archeops,21.5,567,rock,flying,160.6,81.9,106,1395055,16.5,1499,Wing Attack,Ancient Power,Crunch,6,6,5,75000
Komala,21.5,775,normal,none,136.9,110.3,109,1645080,21.5,1500,Rollout,Payback,Bulldoze,5,4,3,50000
Piplup (Shadow),21.5,393,water,none,106.7,98.3,131,1374452,50,1215,Bubble,Drill Peck,Icy Wind,4,5,3,10000
Unown,21.2,201,psychic,none,126.9,89.1,125,1412738,50,1339,Hidden Power (Psychic),Struggle,,13,0,5,75000
Weavile,21.2,461,dark,ice,141.9,105.1,106,1581752,18.5,1500,Snarl,Avalanche,Foul Play,4,4,3,50000
Koffing (Shadow),21,109,poison,none,112.6,131.1,113,1667925,50,1373,Infestation,Sludge,Dark Pulse,4,5,3,50000
Electivire (Shadow),20.8,466,electric,none,143.4,100.9,108,1562263,18,1498,Thunder Shock,Ice Punch,Wild Charge,5,5,5,75000
Octillery,20.8,224,water,none,131.5,100.8,128,1696917,24,1495,Lock On,Octazooka,Gunk Shot,10,15,1,10000
Rotom (Frost),20.8,479,electric,ice,128.8,144.9,93,1736642,21.5,1500,Thunder Shock,Thunderbolt,Blizzard,7,9,5,75000
Raticate (Shadow),20.5,20,normal,none,125.9,116.1,122,1783281,34.5,1499,Quick Attack,Hyper Fang,Dig,7,7,1,10000
Porygon2 (Shadow),20,233,normal,none,122.2,117.9,127,1829984,20.5,1498,Lock On,Tri Attack,Zap Cannon,10,16,3,50000
Polteageist,19.8,855,ghost,none,142.8,115.6,95,1568716,18,1498,Hex,Shadow Ball,Dark Pulse,4,4,3,50000
Plusle,19.3,311,electric,none,128.2,107.2,127,1745748,33,1498,Quick Attack,Thunderbolt,Grass Knot,7,7,3,50000
Liepard,19.1,510,dark,none,139.8,88.5,129,1596153,30,1496,Snarl,Dark Pulse,Play Rough,4,5,1,10000
Absol (Shadow),18.4,359,dark,none,156.6,84,109,1433529,22,1498,Psycho Cut,Brutal Swing*,Megahorn,4,7,5,75000
Clefairy,18.4,35,fairy,none,102.5,103.4,157,1663540,50,1306,Zen Headbutt,Disarming Voice,Body Slam,8,6,1,10000
Houndoom (Shadow),17.9,229,dark,fire,139.6,97.3,118,1603024,21,1500,Snarl,Foul Play,Flamethrower,4,5,3,50000
Munna,17.9,517,psychic,none,105.9,89.9,166,1580270,50,1294,Charge Beam,Psyshock,Dazzling Gleam,4,5,3,50000
Flabebe,17.7,669,fairy,none,103.4,113.4,119,1395258,50,1202,Vine Whip,Dazzling Gleam,Petal Blizzard,7,9,3,50000
Meltan,17.7,808,steel,none,111.8,95.8,121,1295420,50,1207,Thunder Shock,Thunderbolt,Flash Cannon,7,8,20,100000
Luxray (Shadow),17.4,405,electric,none,138,99,119,1625573,19,1500,Snarl,Wild Charge,Psychic Fangs*,4,3,5,75000
Manectric (Shadow),16.7,310,electric,none,142.5,91.3,121,1574038,23.5,1498,Snarl,Wild Charge,Psychic Fangs,4,3,3,50000
Weavile (Shadow),16.2,461,dark,ice,141.9,105.1,106,1581752,18.5,1500,Snarl,Avalanche,Foul Play,4,4,3,50000
Accelgor,15.7,617,bug,none,143.2,84.9,129,1568558,22.5,1500,Water Shuriken,Bug Buzz,Acid Spray,5,4,3,50000
Alakazam (Shadow),15.7,65,psychic,none,155.9,101.4,91,1438855,18,1499,Psycho Cut,Fire Punch,Shadow Ball,5,6,3,50000
Kadabra (Shadow),15.5,64,psychic,none,163.8,90.9,92,1370471,27,1500,Psycho Cut,Shadow Ball,Dazzling Gleam,6,7,3,50000
Alakazam,15.3,65,psychic,none,155.9,101.4,91,1438855,18,1499,Psycho Cut,Fire Punch,Shadow Ball,5,6,3,50000
Liepard (Shadow),15,510,dark,none,139.8,88.5,129,1596153,30,1496,Snarl,Dark Pulse,Play Rough,4,5,1,10000
Mewtwo (Shadow),14.8,150,psychic,none,147.4,94.4,106,1475059,13,1480,Psycho Cut,Psystrike*,Thunderbolt,5,7,20,100000
Accelgor (Shadow),13.3,617,bug,none,143.2,84.9,129,1568558,22.5,1500,Water Shuriken,Bug Buzz,Energy Ball*,5,4,3,50000
Deoxys (Speed),12.4,386,psychic,none,140.8,131.6,86,1592886,18.5,1499,Charge Beam,Psycho Boost,Swift,4,4,20,100000
Porygon-Z,10.7,474,normal,none,147.6,88.1,117,1522008,17,1500,Lock On,Tri Attack*,Zap Cannon,10,16,3,50000
Porygon-Z (Shadow),10.5,474,normal,none,147.6,88.1,117,1522008,17,1500,Lock On,Tri Attack*,Zap Cannon,10,16,3,50000
Cranidos (Shadow),8.8,408,rock,none,163.9,62.9,133,1371716,30,1500,Take Down,Rock Tomb,Ancient Power,7,6,5,75000
Cranidos,8.3,408,rock,none,163.9,62.9,133,1371716,30,1500,Take Down,Rock Tomb,Ancient Power,7,6,5,75000
Slaking,5,289,normal,none,138.9,83.1,140,1616182,12.5,1499,Yawn,Body Slam*,Earthquake,3,6,5,75000
Slaking (Shadow),4.7,289,normal,none,138.9,83.1,140,1616182,12.5,1499,Yawn,Body Slam*,Earthquake,3,6,5,75000
